t,object,x,y,z,pitch,yaw,roll
0.08,LeftHandAnchor,0.000,0.000,0.000,0.0,0.0,0.0
0.08,RightHandAnchor,0.000,0.000,0.000,0.0,0.0,0.0
0.08,Head,0.000,0.000,0.000,0.0,0.0,0.0
0.13,LeftHandAnchor,0.000,0.000,0.000,0.0,0.0,0.0
0.13,RightHandAnchor,0.000,0.000,0.000,0.0,0.0,0.0
0.13,Head,0.000,0.000,0.000,0.0,0.0,0.0
0.19,LeftHandAnchor,0.000,0.000,0.000,0.0,0.0,0.0
0.19,RightHandAnchor,0.000,0.000,0.000,0.0,0.0,0.0
0.19,Head,0.000,0.000,0.000,0.0,0.0,0.0
0.24,LeftHandAnchor,0.000,0.000,0.000,0.0,0.0,0.0
0.24,RightHandAnchor,0.000,0.000,0.000,0.0,0.0,0.0
0.24,Head,0.000,0.000,0.000,0.0,0.0,0.0
0.30,LeftHandAnchor,0.000,0.000,0.000,0.0,0.0,0.0
0.30,RightHandAnchor,0.000,0.000,0.000,0.0,0.0,0.0
0.30,Head,0.000,0.000,0.000,0.0,0.0,0.0
0.35,LeftHandAnchor,0.000,0.000,0.000,0.0,0.0,0.0
0.35,RightHandAnchor,0.000,0.000,0.000,0.0,0.0,0.0
0.35,Head,0.000,0.000,0.000,0.0,0.0,0.0
0.41,LeftHandAnchor,0.000,0.000,0.000,0.0,0.0,0.0
0.41,RightHandAnchor,0.000,0.000,0.000,0.0,0.0,0.0
0.41,Head,0.000,0.000,0.000,0.0,0.0,0.0
0.47,LeftHandAnchor,0.000,0.000,0.000,0.0,0.0,0.0
0.47,RightHandAnchor,0.000,0.000,0.000,0.0,0.0,0.0
0.47,Head,0.000,0.000,0.000,0.0,0.0,0.0
0.52,LeftHandAnchor,0.000,0.000,0.000,0.0,0.0,0.0
0.52,RightHandAnchor,0.000,0.000,0.000,0.0,0.0,0.0
0.52,Head,0.000,0.000,0.000,0.0,0.0,0.0
0.57,LeftHandAnchor,0.000,0.000,0.000,0.0,0.0,0.0
0.57,RightHandAnchor,0.000,0.000,0.000,0.0,0.0,0.0
0.57,Head,0.000,0.000,0.000,0.0,0.0,0.0
0.63,LeftHandAnchor,0.000,0.000,0.000,0.0,0.0,0.0
0.63,RightHandAnchor,0.000,0.000,0.000,0.0,0.0,0.0
0.63,Head,0.000,0.000,0.000,0.0,0.0,0.0
0.69,LeftHandAnchor,0.000,0.000,0.000,0.0,0.0,0.0
0.69,RightHandAnchor,0.000,0.000,0.000,0.0,0.0,0.0
0.69,Head,0.000,0.000,0.000,0.0,0.0,0.0
0.74,LeftHandAnchor,0.000,0.000,0.000,0.0,0.0,0.0
0.74,RightHandAnchor,0.000,0.000,0.000,0.0,0.0,0.0
0.74,Head,0.000,0.000,0.000,0.0,0.0,0.0
0.79,LeftHandAnchor,0.000,0.000,0.000,0.0,0.0,0.0
0.79,RightHandAnchor,0.000,0.000,0.000,0.0,0.0,0.0
0.79,Head,0.000,0.000,0.000,0.0,0.0,0.0
0.84,LeftHandAnchor,-0.158,-0.157,0.315,354.2,357.4,3.3
0.84,RightHandAnchor,0.133,-0.154,0.333,346.3,358.0,347.6
0.84,Head,0.005,-0.005,-0.023,8.3,1.2,359.7
0.90,LeftHandAnchor,-0.159,-0.157,0.316,354.0,357.4,3.0
0.90,RightHandAnchor,0.133,-0.154,0.334,346.2,357.9,347.6
0.90,Head,0.005,-0.005,-0.024,8.5,1.1,359.7
0.96,LeftHandAnchor,-0.159,-0.158,0.315,352.1,359.2,3.5
0.96,RightHandAnchor,0.133,-0.154,0.334,343.5,355.1,347.6
0.96,Head,0.005,-0.006,-0.024,8.5,1.1,359.6
1.02,LeftHandAnchor,-0.159,-0.158,0.315,350.5,1.0,3.3
1.02,RightHandAnchor,0.133,-0.154,0.334,341.7,352.9,347.7
1.02,Head,0.005,-0.006,-0.024,8.5,1.1,359.6
1.07,LeftHandAnchor,-0.158,-0.157,0.315,351.2,360.0,3.1
1.07,RightHandAnchor,0.133,-0.154,0.333,342.7,353.6,346.9
1.07,Head,0.005,-0.006,-0.024,8.5,1.2,359.7
1.13,LeftHandAnchor,-0.158,-0.156,0.315,351.7,359.1,2.8
1.13,RightHandAnchor,0.132,-0.154,0.333,343.4,354.0,347.1
1.13,Head,0.005,-0.006,-0.024,8.6,1.1,359.7
1.18,LeftHandAnchor,-0.157,-0.155,0.314,352.0,358.7,3.1
1.18,RightHandAnchor,0.131,-0.153,0.333,344.0,354.0,347.9
1.18,Head,0.005,-0.006,-0.024,8.6,1.0,359.7
1.24,LeftHandAnchor,-0.157,-0.155,0.314,352.4,358.4,3.5
1.24,RightHandAnchor,0.131,-0.153,0.334,344.2,353.7,348.8
1.24,Head,0.005,-0.006,-0.024,8.7,1.0,359.7
1.29,LeftHandAnchor,-0.157,-0.154,0.314,352.4,358.3,3.5
1.29,RightHandAnchor,0.130,-0.153,0.333,344.3,353.7,349.2
1.29,Head,0.005,-0.006,-0.024,8.7,1.0,359.7
1.35,LeftHandAnchor,-0.156,-0.154,0.314,352.4,358.2,3.4
1.35,RightHandAnchor,0.129,-0.151,0.334,345.0,353.9,350.3
1.35,Head,0.005,-0.006,-0.024,8.7,1.1,359.6
1.40,LeftHandAnchor,-0.156,-0.154,0.314,352.4,358.1,3.5
1.40,RightHandAnchor,0.128,-0.150,0.335,345.5,354.2,350.5
1.40,Head,0.005,-0.006,-0.023,8.7,1.1,359.7
1.46,LeftHandAnchor,-0.157,-0.154,0.313,352.4,358.1,3.4
1.46,RightHandAnchor,0.127,-0.149,0.334,346.5,354.8,350.3
1.46,Head,0.005,-0.006,-0.023,8.7,1.0,359.7
1.51,LeftHandAnchor,-0.157,-0.153,0.313,352.3,358.2,3.3
1.51,RightHandAnchor,0.125,-0.148,0.332,347.1,355.2,350.3
1.51,Head,0.005,-0.006,-0.023,8.8,0.9,359.7
1.57,LeftHandAnchor,-0.157,-0.153,0.313,352.3,358.2,3.2
1.57,RightHandAnchor,0.125,-0.148,0.332,347.5,355.5,350.3
1.57,Head,0.005,-0.006,-0.023,8.8,0.9,359.7
1.63,LeftHandAnchor,-0.157,-0.153,0.313,352.2,358.2,3.2
1.63,RightHandAnchor,0.124,-0.147,0.331,347.9,355.8,350.8
1.63,Head,0.005,-0.007,-0.023,8.9,0.9,359.7
1.68,LeftHandAnchor,-0.157,-0.153,0.313,352.2,358.2,3.2
1.68,RightHandAnchor,0.124,-0.148,0.331,348.0,356.0,351.1
1.68,Head,0.005,-0.007,-0.023,8.9,0.9,359.7
1.74,LeftHandAnchor,-0.157,-0.153,0.312,352.1,358.2,3.2
1.74,RightHandAnchor,0.123,-0.148,0.331,348.1,356.0,351.0
1.74,Head,0.005,-0.007,-0.023,8.9,0.9,359.7
1.79,LeftHandAnchor,-0.157,-0.153,0.312,352.1,358.3,3.2
1.79,RightHandAnchor,0.124,-0.150,0.330,340.7,355.6,346.5
1.79,Head,0.005,-0.007,-0.023,8.9,1.0,359.7
1.85,LeftHandAnchor,-0.157,-0.153,0.313,352.1,358.3,3.1
1.85,RightHandAnchor,0.124,-0.167,0.331,326.3,355.7,344.2
1.85,Head,0.005,-0.007,-0.023,8.9,0.9,359.7
1.90,LeftHandAnchor,-0.157,-0.153,0.313,352.1,358.3,3.0
1.90,RightHandAnchor,0.122,-0.178,0.336,320.8,356.2,344.6
1.90,Head,0.005,-0.007,-0.023,9.0,0.8,359.7
1.96,LeftHandAnchor,-0.157,-0.153,0.313,352.1,358.3,3.1
1.96,RightHandAnchor,0.122,-0.175,0.336,323.0,356.5,343.9
1.96,Head,0.005,-0.007,-0.023,9.0,0.8,359.7
2.02,LeftHandAnchor,-0.157,-0.152,0.312,352.1,358.3,3.0
2.02,RightHandAnchor,0.123,-0.172,0.337,325.4,355.2,346.1
2.02,Head,0.005,-0.007,-0.023,9.0,0.7,359.7
2.07,LeftHandAnchor,-0.157,-0.152,0.312,352.2,358.3,2.9
2.07,RightHandAnchor,0.124,-0.170,0.337,330.4,352.6,349.1
2.07,Head,0.005,-0.007,-0.023,9.1,0.7,359.7
2.13,LeftHandAnchor,-0.157,-0.152,0.312,352.2,358.3,2.9
2.13,RightHandAnchor,0.129,-0.161,0.340,351.8,351.7,351.2
2.13,Head,0.004,-0.007,-0.024,9.2,0.7,359.7
2.18,LeftHandAnchor,-0.157,-0.152,0.313,352.3,358.3,2.9
2.18,RightHandAnchor,0.132,-0.159,0.350,2.4,351.9,359.1
2.18,Head,0.004,-0.007,-0.024,9.1,0.5,359.9
2.24,LeftHandAnchor,-0.158,-0.151,0.313,352.6,358.3,2.8
2.24,RightHandAnchor,0.137,-0.164,0.360,12.2,352.6,5.0
2.24,Head,0.003,-0.007,-0.024,9.1,0.4,0.0
2.29,LeftHandAnchor,-0.158,-0.151,0.313,353.2,358.3,2.4
2.29,RightHandAnchor,0.137,-0.164,0.358,18.2,353.1,3.4
2.29,Head,0.003,-0.007,-0.024,9.0,0.2,0.0
2.35,LeftHandAnchor,-0.158,-0.152,0.313,353.3,358.3,2.3
2.35,RightHandAnchor,0.135,-0.162,0.352,25.1,353.4,352.0
2.35,Head,0.003,-0.007,-0.024,9.1,0.2,360.0
2.41,LeftHandAnchor,-0.158,-0.152,0.313,353.4,358.5,2.3
2.41,RightHandAnchor,0.135,-0.161,0.349,26.5,352.9,351.2
2.41,Head,0.003,-0.007,-0.025,9.2,0.2,360.0
2.46,LeftHandAnchor,-0.158,-0.152,0.313,353.4,358.6,2.2
2.46,RightHandAnchor,0.134,-0.163,0.349,32.3,355.8,354.9
2.46,Head,0.003,-0.007,-0.025,9.2,0.3,0.0
2.52,LeftHandAnchor,-0.159,-0.153,0.314,353.7,358.8,2.1
2.52,RightHandAnchor,0.135,-0.169,0.348,40.6,357.3,352.5
2.52,Head,0.002,-0.007,-0.025,9.2,0.3,0.1
2.57,LeftHandAnchor,-0.159,-0.153,0.314,354.2,358.9,2.0
2.57,RightHandAnchor,0.140,-0.182,0.343,45.9,352.0,354.4
2.57,Head,0.002,-0.008,-0.026,9.2,0.4,0.1
2.63,LeftHandAnchor,-0.159,-0.153,0.314,354.3,359.0,2.0
2.63,RightHandAnchor,0.143,-0.216,0.340,46.3,358.6,353.0
2.63,Head,0.002,-0.007,-0.026,9.2,0.4,0.3
2.68,LeftHandAnchor,-0.158,-0.154,0.314,354.5,359.0,1.9
2.68,RightHandAnchor,0.145,-0.246,0.347,56.2,0.9,356.0
2.68,Head,0.001,-0.007,-0.025,9.1,0.2,0.4
2.74,LeftHandAnchor,-0.158,-0.155,0.314,354.6,359.1,1.9
2.74,RightHandAnchor,0.149,-0.273,0.344,60.1,8.2,358.1
2.74,Head,0.001,-0.007,-0.025,9.0,0.1,0.5
2.79,LeftHandAnchor,-0.158,-0.155,0.314,354.5,359.4,2.1
2.79,RightHandAnchor,0.160,-0.305,0.345,61.1,12.2,1.9
2.79,Head,0.001,-0.007,-0.024,9.0,0.0,0.6
2.85,LeftHandAnchor,-0.158,-0.156,0.315,354.6,359.5,2.2
2.85,RightHandAnchor,0.177,-0.329,0.346,65.0,6.3,358.0
2.85,Head,0.001,-0.007,-0.024,9.1,0.0,0.5
2.91,LeftHandAnchor,-0.158,-0.156,0.315,354.7,359.6,2.2
2.91,RightHandAnchor,0.187,-0.347,0.341,67.1,5.3,355.2
2.91,Head,0.001,-0.007,-0.023,9.2,0.2,0.4
2.96,LeftHandAnchor,-0.158,-0.156,0.316,354.8,359.6,2.2
2.96,RightHandAnchor,0.186,-0.359,0.334,69.8,13.3,1.5
2.96,Head,0.001,-0.007,-0.023,9.2,0.3,0.4
3.02,LeftHandAnchor,-0.157,-0.157,0.316,354.9,359.7,2.2
3.02,RightHandAnchor,0.191,-0.380,0.338,73.0,27.6,14.7
3.02,Head,0.001,-0.007,-0.023,9.4,0.3,0.4
3.07,LeftHandAnchor,-0.156,-0.159,0.318,354.9,359.7,2.3
3.07,RightHandAnchor,0.196,-0.401,0.338,74.1,39.9,27.9
3.07,Head,0.000,-0.008,-0.024,9.5,0.0,0.6
3.13,LeftHandAnchor,-0.156,-0.159,0.318,355.1,359.7,2.3
3.13,RightHandAnchor,0.208,-0.426,0.327,71.8,67.5,57.1
3.13,Head,0.000,-0.008,-0.024,9.6,359.9,0.5
3.18,LeftHandAnchor,-0.156,-0.159,0.317,355.1,359.8,2.3
3.18,RightHandAnchor,0.220,-0.443,0.309,69.7,70.0,62.6
3.18,Head,-0.001,-0.008,-0.024,9.6,359.9,0.7
3.24,LeftHandAnchor,-0.156,-0.159,0.317,355.1,359.8,2.4
3.24,RightHandAnchor,0.236,-0.459,0.295,67.2,72.3,65.4
3.24,Head,-0.001,-0.008,-0.024,9.5,359.9,1.0
3.29,LeftHandAnchor,-0.156,-0.158,0.318,355.1,359.8,2.3
3.29,RightHandAnchor,0.240,-0.468,0.273,67.0,73.8,69.5
3.29,Head,-0.001,-0.008,-0.024,9.6,359.7,1.1
3.35,LeftHandAnchor,-0.156,-0.158,0.318,355.1,359.9,2.2
3.35,RightHandAnchor,0.251,-0.490,0.250,66.6,85.3,79.6
3.35,Head,-0.001,-0.008,-0.024,9.6,359.7,1.2
3.41,LeftHandAnchor,-0.155,-0.159,0.318,355.0,0.0,2.3
3.41,RightHandAnchor,0.261,-0.512,0.228,66.3,85.5,78.0
3.41,Head,-0.001,-0.009,-0.023,9.7,359.8,1.2
3.46,LeftHandAnchor,-0.155,-0.160,0.318,355.0,0.2,2.3
3.46,RightHandAnchor,0.278,-0.521,0.203,79.6,64.8,51.2
3.46,Head,-0.001,-0.009,-0.023,9.8,359.8,1.3
3.52,LeftHandAnchor,-0.154,-0.160,0.318,354.9,0.3,2.4
3.52,RightHandAnchor,0.271,-0.532,0.178,79.0,43.2,30.5
3.52,Head,-0.001,-0.009,-0.023,9.8,359.8,1.2
3.57,LeftHandAnchor,-0.153,-0.161,0.318,355.0,0.4,2.5
3.57,RightHandAnchor,0.268,-0.533,0.164,84.6,27.1,8.1
3.57,Head,-0.001,-0.009,-0.023,9.8,359.8,1.2
3.63,LeftHandAnchor,-0.152,-0.161,0.318,355.0,0.5,2.5
3.63,RightHandAnchor,0.267,-0.531,0.155,83.5,50.5,23.8
3.63,Head,-0.001,-0.009,-0.022,9.8,359.9,1.2
3.68,LeftHandAnchor,-0.151,-0.162,0.318,355.1,0.6,2.4
3.68,RightHandAnchor,0.261,-0.532,0.146,78.0,52.2,20.8
3.68,Head,-0.001,-0.009,-0.022,10.0,359.9,1.2
3.74,LeftHandAnchor,-0.150,-0.162,0.318,355.0,0.7,2.6
3.74,RightHandAnchor,0.260,-0.529,0.141,71.9,44.4,12.3
3.74,Head,-0.001,-0.010,-0.022,10.1,0.1,1.0
3.80,LeftHandAnchor,-0.150,-0.163,0.317,355.0,0.8,2.7
3.80,RightHandAnchor,0.258,-0.529,0.131,69.4,32.3,2.5
3.80,Head,0.000,-0.009,-0.022,10.1,0.3,1.1
3.85,LeftHandAnchor,-0.150,-0.163,0.317,355.1,0.9,2.6
3.85,RightHandAnchor,0.256,-0.530,0.120,66.2,23.3,354.9
3.85,Head,0.000,-0.009,-0.022,9.9,0.3,1.1
3.91,LeftHandAnchor,-0.151,-0.163,0.318,355.2,0.9,2.5
3.91,RightHandAnchor,0.255,-0.531,0.110,62.5,17.5,350.1
3.91,Head,0.000,-0.009,-0.022,9.7,0.1,1.0
3.96,LeftHandAnchor,-0.151,-0.163,0.318,355.3,0.9,2.6
3.96,RightHandAnchor,0.000,0.000,0.000,0.0,0.0,0.0
3.96,Head,0.000,-0.009,-0.022,9.8,0.0,0.9
4.02,LeftHandAnchor,-0.151,-0.163,0.318,355.4,0.9,2.6
4.02,RightHandAnchor,0.000,0.000,0.000,0.0,0.0,0.0
4.02,Head,0.000,-0.009,-0.022,9.8,0.1,0.8
4.07,LeftHandAnchor,-0.151,-0.163,0.318,355.4,1.0,2.6
4.07,RightHandAnchor,0.000,0.000,0.000,0.0,0.0,0.0
4.07,Head,0.001,-0.009,-0.022,9.8,0.1,0.8
4.13,LeftHandAnchor,-0.151,-0.164,0.318,355.3,1.0,2.7
4.13,RightHandAnchor,0.000,0.000,0.000,0.0,0.0,0.0
4.13,Head,0.001,-0.009,-0.022,9.8,0.1,0.6
4.18,LeftHandAnchor,-0.151,-0.163,0.317,355.3,1.0,2.7
4.18,RightHandAnchor,0.000,0.000,0.000,0.0,0.0,0.0
4.18,Head,0.001,-0.009,-0.022,9.9,0.1,0.6
4.24,LeftHandAnchor,-0.151,-0.163,0.317,355.3,1.0,2.7
4.24,RightHandAnchor,0.000,0.000,0.000,0.0,0.0,0.0
4.24,Head,0.001,-0.009,-0.022,9.8,0.2,0.7
4.29,LeftHandAnchor,-0.151,-0.163,0.317,355.4,0.9,2.8
4.29,RightHandAnchor,0.000,0.000,0.000,0.0,0.0,0.0
4.29,Head,0.001,-0.009,-0.022,9.8,0.1,0.7
4.35,LeftHandAnchor,-0.151,-0.162,0.317,355.4,0.9,2.7
4.35,RightHandAnchor,0.000,0.000,0.000,0.0,0.0,0.0
4.35,Head,0.001,-0.009,-0.022,9.9,0.1,0.7
4.41,LeftHandAnchor,-0.152,-0.162,0.317,355.4,1.0,2.8
4.41,RightHandAnchor,0.000,0.000,0.000,0.0,0.0,0.0
4.41,Head,0.001,-0.009,-0.022,9.8,0.1,0.7
4.46,LeftHandAnchor,-0.152,-0.162,0.316,355.4,1.0,2.8
4.46,RightHandAnchor,0.000,0.000,0.000,0.0,0.0,0.0
4.46,Head,0.001,-0.009,-0.022,9.7,0.1,0.7
4.52,LeftHandAnchor,-0.152,-0.162,0.316,355.4,1.0,2.8
4.52,RightHandAnchor,0.000,0.000,0.000,0.0,0.0,0.0
4.52,Head,0.001,-0.009,-0.022,9.6,0.1,0.7
4.57,LeftHandAnchor,-0.152,-0.162,0.317,355.4,1.0,2.8
4.57,RightHandAnchor,0.000,0.000,0.000,0.0,0.0,0.0
4.57,Head,0.001,-0.009,-0.022,9.6,0.1,0.6
4.63,LeftHandAnchor,-0.153,-0.161,0.317,355.4,1.0,2.8
4.63,RightHandAnchor,0.000,0.000,0.000,0.0,0.0,0.0
4.63,Head,0.001,-0.008,-0.023,9.6,0.2,0.6
4.68,LeftHandAnchor,-0.153,-0.161,0.317,355.4,0.9,2.9
4.68,RightHandAnchor,0.000,0.000,0.000,0.0,0.0,0.0
4.68,Head,0.001,-0.008,-0.023,9.5,0.2,0.5
4.74,LeftHandAnchor,-0.154,-0.161,0.318,355.4,0.9,2.9
4.74,RightHandAnchor,0.000,0.000,0.000,0.0,0.0,0.0
4.74,Head,0.001,-0.008,-0.023,9.5,0.2,0.5
4.79,LeftHandAnchor,-0.154,-0.160,0.318,355.4,0.9,2.9
4.79,RightHandAnchor,0.000,0.000,0.000,0.0,0.0,0.0
4.79,Head,0.001,-0.008,-0.023,9.4,0.2,0.5
4.85,LeftHandAnchor,-0.154,-0.160,0.318,355.4,0.9,2.9
4.85,RightHandAnchor,0.000,0.000,0.000,0.0,0.0,0.0
4.85,Head,0.001,-0.008,-0.022,9.4,0.3,0.5
4.91,LeftHandAnchor,-0.155,-0.160,0.318,355.4,0.9,2.8
4.91,RightHandAnchor,0.000,0.000,0.000,0.0,0.0,0.0
4.91,Head,0.001,-0.008,-0.022,9.4,0.3,0.5
4.96,LeftHandAnchor,-0.155,-0.160,0.318,355.4,0.9,2.8
4.96,RightHandAnchor,0.000,0.000,0.000,0.0,0.0,0.0
4.96,Head,0.001,-0.008,-0.022,9.6,0.4,0.4
5.02,LeftHandAnchor,-0.155,-0.159,0.319,355.4,0.9,2.8
5.02,RightHandAnchor,0.000,0.000,0.000,0.0,0.0,0.0
5.02,Head,0.002,-0.008,-0.022,9.5,0.5,0.3
5.07,LeftHandAnchor,-0.155,-0.159,0.319,355.5,1.0,2.6
5.07,RightHandAnchor,0.000,0.000,0.000,0.0,0.0,0.0
5.07,Head,0.002,-0.008,-0.022,9.5,0.4,0.3
5.13,LeftHandAnchor,-0.155,-0.159,0.319,355.5,1.0,2.6
5.13,RightHandAnchor,0.236,-0.376,0.251,59.9,19.0,1.9
5.13,Head,0.003,-0.008,-0.022,9.6,0.4,0.2
5.18,LeftHandAnchor,-0.154,-0.159,0.319,355.4,1.0,2.6
5.18,RightHandAnchor,0.226,-0.290,0.293,45.7,8.9,349.4
5.18,Head,0.003,-0.008,-0.022,9.5,0.6,0.2
5.24,LeftHandAnchor,-0.154,-0.158,0.319,355.5,1.0,2.6
5.24,RightHandAnchor,0.211,-0.215,0.293,29.0,1.1,345.5
5.24,Head,0.004,-0.008,-0.023,9.4,0.5,0.0
5.29,LeftHandAnchor,-0.154,-0.158,0.319,355.5,1.0,2.6
5.29,RightHandAnchor,0.189,-0.162,0.282,11.6,352.1,349.1
5.29,Head,0.004,-0.008,-0.023,9.3,0.5,360.0
5.35,LeftHandAnchor,-0.154,-0.158,0.320,355.4,0.9,2.5
5.35,RightHandAnchor,0.178,-0.156,0.305,357.7,353.2,352.8
5.35,Head,0.004,-0.008,-0.023,9.2,0.7,359.9
5.41,LeftHandAnchor,-0.153,-0.158,0.320,355.3,0.9,2.6
5.41,RightHandAnchor,0.157,-0.157,0.332,347.8,355.4,357.1
5.41,Head,0.005,-0.007,-0.024,8.9,0.9,359.9
5.46,LeftHandAnchor,-0.153,-0.157,0.320,355.3,1.0,2.5
5.46,RightHandAnchor,0.136,-0.170,0.343,343.3,355.0,353.6
5.46,Head,0.005,-0.006,-0.024,8.3,0.9,0.0
5.52,LeftHandAnchor,-0.153,-0.157,0.320,355.3,1.0,2.5
5.52,RightHandAnchor,0.134,-0.178,0.366,351.2,355.1,352.6
5.52,Head,0.005,-0.005,-0.024,7.8,0.8,360.0
5.57,LeftHandAnchor,-0.153,-0.156,0.320,355.2,1.0,2.4
5.57,RightHandAnchor,0.131,-0.179,0.382,356.1,355.3,354.8
5.57,Head,0.005,-0.004,-0.024,7.5,0.7,359.8
5.63,LeftHandAnchor,-0.152,-0.155,0.320,355.2,1.0,2.4
5.63,RightHandAnchor,0.129,-0.177,0.385,356.0,354.7,354.9
5.63,Head,0.005,-0.003,-0.025,7.3,0.5,359.8
5.68,LeftHandAnchor,-0.152,-0.154,0.320,355.2,1.0,2.4
5.68,RightHandAnchor,0.124,-0.171,0.382,355.8,353.9,354.6
5.68,Head,0.004,-0.003,-0.025,7.3,0.4,359.8
5.74,LeftHandAnchor,-0.152,-0.152,0.320,355.2,0.9,2.4
5.74,RightHandAnchor,0.119,-0.162,0.379,355.8,352.8,353.3
5.74,Head,0.004,-0.004,-0.027,7.4,0.4,359.9
5.80,LeftHandAnchor,-0.153,-0.151,0.320,355.1,0.9,2.4
5.80,RightHandAnchor,0.115,-0.152,0.373,356.4,352.8,353.8
5.80,Head,0.004,-0.004,-0.028,7.5,0.5,359.9
5.85,LeftHandAnchor,-0.154,-0.150,0.320,355.0,0.9,2.3
5.85,RightHandAnchor,0.112,-0.147,0.367,356.7,352.8,353.9
5.85,Head,0.004,-0.005,-0.029,7.6,0.5,359.9
5.91,LeftHandAnchor,-0.155,-0.150,0.320,354.9,1.0,2.1
5.91,RightHandAnchor,0.111,-0.146,0.365,357.4,352.5,354.5
5.91,Head,0.004,-0.005,-0.030,7.9,0.5,359.9
5.96,LeftHandAnchor,-0.155,-0.150,0.321,354.9,0.9,2.2
5.96,RightHandAnchor,0.112,-0.148,0.364,358.3,352.5,355.0
5.96,Head,0.004,-0.005,-0.031,8.1,0.4,359.9
6.02,LeftHandAnchor,-0.155,-0.150,0.320,355.0,0.8,2.2
6.02,RightHandAnchor,0.114,-0.150,0.364,358.8,352.5,354.9
6.02,Head,0.004,-0.006,-0.030,8.6,0.1,359.9
6.07,LeftHandAnchor,-0.155,-0.150,0.320,355.1,0.8,2.2
6.07,RightHandAnchor,0.116,-0.154,0.364,359.5,352.7,355.3
6.07,Head,0.004,-0.007,-0.029,9.3,0.0,359.8
6.13,LeftHandAnchor,-0.155,-0.150,0.320,355.1,0.7,2.2
6.13,RightHandAnchor,0.119,-0.161,0.364,359.8,352.7,355.4
6.13,Head,0.004,-0.008,-0.028,10.0,359.9,359.8
6.18,LeftHandAnchor,-0.155,-0.150,0.320,355.1,0.7,2.2
6.18,RightHandAnchor,0.122,-0.175,0.360,359.9,352.8,354.8
6.18,Head,0.004,-0.010,-0.027,11.2,359.9,359.8
6.24,LeftHandAnchor,-0.155,-0.150,0.320,355.2,0.6,2.2
6.24,RightHandAnchor,0.123,-0.186,0.357,1.8,352.8,354.7
6.24,Head,0.004,-0.012,-0.027,11.7,360.0,359.9
6.30,LeftHandAnchor,-0.154,-0.152,0.322,355.2,0.5,2.1
6.30,RightHandAnchor,0.122,-0.195,0.354,6.3,353.1,356.3
6.30,Head,0.003,-0.013,-0.027,12.4,359.9,0.1
6.35,LeftHandAnchor,-0.152,-0.154,0.323,355.3,0.5,2.1
6.35,RightHandAnchor,0.117,-0.213,0.346,9.6,352.5,356.5
6.35,Head,0.003,-0.014,-0.027,12.8,359.9,0.0
6.41,LeftHandAnchor,-0.152,-0.156,0.323,355.5,0.5,2.0
6.41,RightHandAnchor,0.114,-0.223,0.343,18.0,351.7,356.1
6.41,Head,0.002,-0.014,-0.027,12.8,360.0,0.2
6.46,LeftHandAnchor,-0.153,-0.157,0.323,356.1,0.5,1.8
6.46,RightHandAnchor,0.110,-0.237,0.342,25.1,346.7,357.8
6.46,Head,0.002,-0.014,-0.027,12.7,0.1,0.3
6.52,LeftHandAnchor,-0.154,-0.158,0.323,356.3,0.5,1.8
6.52,RightHandAnchor,0.107,-0.252,0.339,30.5,340.0,359.4
6.52,Head,0.001,-0.014,-0.027,12.7,0.2,0.5
6.57,LeftHandAnchor,-0.156,-0.158,0.323,356.3,0.4,1.9
6.57,RightHandAnchor,0.109,-0.269,0.326,22.3,343.4,353.7
6.57,Head,0.000,-0.014,-0.026,12.9,0.1,0.6
6.63,LeftHandAnchor,-0.157,-0.158,0.323,356.4,0.2,2.0
6.63,RightHandAnchor,0.105,-0.267,0.300,20.6,348.3,4.3
6.63,Head,0.000,-0.015,-0.026,13.1,0.1,0.8
6.68,LeftHandAnchor,-0.158,-0.158,0.323,356.5,0.1,2.0
6.68,RightHandAnchor,0.105,-0.278,0.275,19.9,349.1,359.4
6.68,Head,0.000,-0.016,-0.026,13.6,0.1,0.9
6.74,LeftHandAnchor,-0.158,-0.159,0.323,356.7,359.8,2.1
6.74,RightHandAnchor,0.110,-0.293,0.264,20.6,346.5,351.3
6.74,Head,0.000,-0.017,-0.027,13.9,0.4,1.1
6.79,LeftHandAnchor,-0.157,-0.159,0.323,356.7,359.7,2.1
6.79,RightHandAnchor,0.125,-0.314,0.256,24.5,343.2,347.1
6.79,Head,0.001,-0.018,-0.028,14.0,0.9,1.1
6.85,LeftHandAnchor,-0.156,-0.160,0.323,356.7,359.7,2.1
6.85,RightHandAnchor,0.129,-0.337,0.252,27.7,343.5,344.7
6.85,Head,0.002,-0.018,-0.029,13.8,1.1,1.3
6.91,LeftHandAnchor,-0.155,-0.161,0.324,356.8,359.8,2.2
6.91,RightHandAnchor,0.132,-0.358,0.251,33.3,347.6,345.1
6.91,Head,0.002,-0.017,-0.029,13.6,1.3,1.3
6.96,LeftHandAnchor,-0.154,-0.162,0.324,356.8,359.8,2.2
6.96,RightHandAnchor,0.139,-0.379,0.252,36.4,350.3,348.8
6.96,Head,0.002,-0.017,-0.029,13.6,1.4,1.3
7.02,LeftHandAnchor,-0.153,-0.162,0.324,356.8,359.9,2.3
7.02,RightHandAnchor,0.150,-0.400,0.258,41.0,354.1,351.7
7.02,Head,0.002,-0.017,-0.028,13.9,1.5,1.3
7.07,LeftHandAnchor,-0.153,-0.162,0.324,356.8,359.9,2.4
7.07,RightHandAnchor,0.156,-0.410,0.259,45.3,359.9,354.0
7.07,Head,0.002,-0.018,-0.027,14.1,1.4,1.4
7.13,LeftHandAnchor,-0.153,-0.161,0.324,356.9,360.0,2.2
7.13,RightHandAnchor,0.165,-0.422,0.256,47.2,1.9,354.5
7.13,Head,0.002,-0.018,-0.026,14.2,1.2,1.4
7.18,LeftHandAnchor,-0.153,-0.161,0.325,356.9,360.0,1.9
7.18,RightHandAnchor,0.175,-0.441,0.259,50.8,1.9,355.5
7.18,Head,0.002,-0.018,-0.025,14.3,1.0,1.5
7.24,LeftHandAnchor,-0.153,-0.161,0.325,357.0,359.9,2.0
7.24,RightHandAnchor,0.186,-0.459,0.261,54.3,0.7,356.7
7.24,Head,0.002,-0.018,-0.025,14.3,1.0,1.5
7.30,LeftHandAnchor,-0.153,-0.162,0.325,357.1,359.9,2.0
7.30,RightHandAnchor,0.199,-0.474,0.261,56.4,357.7,356.6
7.30,Head,0.001,-0.018,-0.025,14.3,0.9,1.6
7.35,LeftHandAnchor,-0.153,-0.162,0.325,357.1,359.9,2.0
7.35,RightHandAnchor,0.208,-0.477,0.256,57.3,358.1,357.4
7.35,Head,0.001,-0.018,-0.025,14.3,0.9,1.6
7.41,LeftHandAnchor,-0.155,-0.164,0.326,357.2,360.0,2.1
7.41,RightHandAnchor,0.216,-0.479,0.250,60.0,5.9,0.7
7.41,Head,0.001,-0.018,-0.025,14.3,0.8,1.7
7.46,LeftHandAnchor,-0.156,-0.165,0.327,357.1,360.0,2.1
7.46,RightHandAnchor,0.230,-0.489,0.239,60.1,16.8,1.4
7.46,Head,0.001,-0.018,-0.026,14.2,0.9,1.7
7.52,LeftHandAnchor,-0.156,-0.166,0.327,357.1,360.0,2.1
7.52,RightHandAnchor,0.235,-0.492,0.227,62.1,27.4,6.1
7.52,Head,0.001,-0.018,-0.026,14.1,1.0,1.8
7.57,LeftHandAnchor,-0.156,-0.166,0.327,357.1,360.0,2.1
7.57,RightHandAnchor,0.236,-0.498,0.219,64.5,33.8,12.1
7.57,Head,0.001,-0.017,-0.026,14.0,1.0,1.7
7.63,LeftHandAnchor,-0.155,-0.166,0.327,357.2,360.0,2.0
7.63,RightHandAnchor,0.242,-0.510,0.200,63.5,41.6,17.6
7.63,Head,0.001,-0.017,-0.026,13.9,1.0,1.6
7.68,LeftHandAnchor,-0.155,-0.166,0.327,357.2,0.0,2.0
7.68,RightHandAnchor,0.244,-0.520,0.180,61.8,41.8,18.3
7.68,Head,0.002,-0.017,-0.025,14.0,1.0,1.5
7.74,LeftHandAnchor,-0.154,-0.166,0.328,357.2,0.1,2.0
7.74,RightHandAnchor,0.243,-0.517,0.176,64.1,55.7,31.4
7.74,Head,0.002,-0.018,-0.025,14.2,1.1,1.5
7.79,LeftHandAnchor,-0.153,-0.166,0.328,357.3,0.1,2.0
7.79,RightHandAnchor,0.243,-0.517,0.174,67.7,63.6,38.5
7.79,Head,0.003,-0.018,-0.025,14.3,1.3,1.4
7.85,LeftHandAnchor,-0.153,-0.166,0.328,357.3,0.1,2.0
7.85,RightHandAnchor,0.242,-0.523,0.174,72.3,93.8,69.1
7.85,Head,0.003,-0.018,-0.025,14.2,1.3,1.5
7.91,LeftHandAnchor,-0.153,-0.166,0.327,357.3,0.1,1.9
7.91,RightHandAnchor,0.240,-0.530,0.174,72.6,99.5,75.8
7.91,Head,0.003,-0.018,-0.025,14.1,1.3,1.4
7.96,LeftHandAnchor,-0.153,-0.166,0.328,357.4,0.1,1.9
7.96,RightHandAnchor,0.250,-0.525,0.163,77.5,79.7,55.6
7.96,Head,0.002,-0.017,-0.025,13.9,1.2,1.5
8.02,LeftHandAnchor,-0.152,-0.166,0.328,357.5,0.1,1.9
8.02,RightHandAnchor,0.252,-0.522,0.150,74.3,48.1,24.2
8.02,Head,0.002,-0.017,-0.025,13.7,1.0,1.5
8.07,LeftHandAnchor,-0.152,-0.167,0.328,357.6,0.1,1.9
8.07,RightHandAnchor,0.248,-0.521,0.145,70.3,40.6,18.0
8.07,Head,0.001,-0.017,-0.025,13.7,0.8,1.5
8.13,LeftHandAnchor,-0.152,-0.167,0.328,357.7,0.1,2.0
8.13,RightHandAnchor,0.242,-0.520,0.145,69.5,40.1,23.6
8.13,Head,0.001,-0.016,-0.025,13.6,0.8,1.6
8.18,LeftHandAnchor,-0.152,-0.167,0.328,357.7,0.2,2.0
8.18,RightHandAnchor,0.239,-0.519,0.147,68.9,40.3,25.9
8.18,Head,0.001,-0.016,-0.025,13.4,0.9,1.6
8.24,LeftHandAnchor,-0.153,-0.167,0.328,357.7,0.2,2.0
8.24,RightHandAnchor,0.239,-0.519,0.148,66.0,40.5,26.6
8.24,Head,0.001,-0.016,-0.025,13.3,0.8,1.5
8.30,LeftHandAnchor,-0.153,-0.166,0.328,357.6,0.2,2.0
8.30,RightHandAnchor,0.238,-0.520,0.148,66.8,41.5,27.5
8.30,Head,0.002,-0.015,-0.025,13.1,0.8,1.4
8.35,LeftHandAnchor,-0.153,-0.166,0.328,357.6,0.2,2.0
8.35,RightHandAnchor,0.238,-0.520,0.149,67.6,39.8,27.2
8.35,Head,0.002,-0.015,-0.025,13.0,0.8,1.2
8.41,LeftHandAnchor,-0.153,-0.166,0.328,357.7,0.2,2.0
8.41,RightHandAnchor,0.238,-0.519,0.150,66.4,39.2,26.3
8.41,Head,0.002,-0.015,-0.025,13.0,0.8,1.2
8.46,LeftHandAnchor,-0.154,-0.166,0.328,357.7,0.2,2.0
8.46,RightHandAnchor,0.238,-0.519,0.150,66.5,38.9,25.5
8.46,Head,0.002,-0.015,-0.026,12.9,0.8,1.2
8.52,LeftHandAnchor,-0.154,-0.166,0.328,357.8,0.2,1.8
8.52,RightHandAnchor,0.239,-0.518,0.151,67.9,39.0,23.7
8.52,Head,0.002,-0.015,-0.026,12.8,0.8,1.2
8.57,LeftHandAnchor,-0.154,-0.166,0.328,357.7,0.2,1.9
8.57,RightHandAnchor,0.239,-0.516,0.152,69.1,39.5,23.8
8.57,Head,0.002,-0.015,-0.026,12.9,0.7,1.1
8.63,LeftHandAnchor,-0.154,-0.166,0.328,357.7,0.2,1.9
8.63,RightHandAnchor,0.240,-0.515,0.152,68.8,39.8,23.3
8.63,Head,0.002,-0.015,-0.026,12.8,0.8,1.2
8.68,LeftHandAnchor,-0.154,-0.166,0.328,357.7,0.2,1.9
8.68,RightHandAnchor,0.243,-0.511,0.154,68.0,39.3,21.2
8.68,Head,0.002,-0.015,-0.026,12.8,0.8,1.1
8.74,LeftHandAnchor,-0.155,-0.165,0.327,357.7,0.2,1.9
8.74,RightHandAnchor,0.250,-0.503,0.153,66.6,34.8,11.6
8.74,Head,0.002,-0.014,-0.026,12.7,0.8,1.2
8.80,LeftHandAnchor,-0.155,-0.165,0.327,357.7,0.2,1.9
8.80,RightHandAnchor,0.250,-0.498,0.160,70.2,37.8,11.8
8.80,Head,0.002,-0.014,-0.026,12.6,0.8,1.1
8.85,LeftHandAnchor,-0.155,-0.165,0.327,357.7,0.1,1.9
8.85,RightHandAnchor,0.247,-0.499,0.166,72.2,48.1,18.0
8.85,Head,0.002,-0.014,-0.026,12.5,0.8,1.1
8.91,LeftHandAnchor,-0.155,-0.164,0.327,357.7,0.0,1.9
8.91,RightHandAnchor,0.245,-0.499,0.180,74.4,62.3,27.4
8.91,Head,0.002,-0.014,-0.027,12.5,0.8,1.1
8.96,LeftHandAnchor,-0.155,-0.164,0.327,357.7,0.0,1.9
8.96,RightHandAnchor,0.245,-0.503,0.190,79.9,82.5,54.5
8.96,Head,0.003,-0.014,-0.027,12.3,0.8,1.0
9.02,LeftHandAnchor,-0.155,-0.164,0.327,357.7,360.0,1.9
9.02,RightHandAnchor,0.250,-0.505,0.201,80.1,118.1,90.4
9.02,Head,0.003,-0.013,-0.027,12.1,0.9,0.9
9.07,LeftHandAnchor,-0.156,-0.163,0.327,357.6,0.0,1.9
9.07,RightHandAnchor,0.247,-0.493,0.216,78.0,121.6,95.8
9.07,Head,0.003,-0.013,-0.026,12.1,0.8,0.9
9.13,LeftHandAnchor,-0.156,-0.163,0.328,357.5,0.1,1.9
9.13,RightHandAnchor,0.244,-0.449,0.245,79.7,87.3,66.6
9.13,Head,0.003,-0.014,-0.026,12.2,1.0,0.8
9.18,LeftHandAnchor,-0.156,-0.163,0.328,357.5,0.0,1.8
9.18,RightHandAnchor,0.219,-0.387,0.270,72.8,41.9,23.9
9.18,Head,0.004,-0.014,-0.026,12.3,0.9,0.9
9.24,LeftHandAnchor,-0.156,-0.163,0.328,357.5,360.0,1.6
9.24,RightHandAnchor,0.199,-0.311,0.275,61.1,9.0,359.1
9.24,Head,0.005,-0.014,-0.026,12.5,1.0,0.5
9.29,LeftHandAnchor,-0.155,-0.163,0.328,357.6,0.0,1.6
9.29,RightHandAnchor,0.186,-0.246,0.279,48.6,1.8,353.4
9.29,Head,0.005,-0.014,-0.026,12.5,1.2,0.4
9.35,LeftHandAnchor,-0.154,-0.164,0.328,357.7,0.0,1.5
9.35,RightHandAnchor,0.170,-0.196,0.268,32.8,351.7,347.9
9.35,Head,0.006,-0.014,-0.026,12.5,1.5,0.3
9.41,LeftHandAnchor,-0.154,-0.164,0.328,357.7,0.1,1.5
9.41,RightHandAnchor,0.155,-0.143,0.246,17.8,345.6,348.7
9.41,Head,0.006,-0.014,-0.026,12.3,1.5,0.3
9.46,LeftHandAnchor,-0.154,-0.164,0.328,357.7,0.1,1.5
9.46,RightHandAnchor,0.151,-0.153,0.290,0.9,342.9,351.7
9.46,Head,0.006,-0.013,-0.026,12.2,1.5,0.2
9.52,LeftHandAnchor,-0.154,-0.165,0.329,357.7,0.1,1.5
9.52,RightHandAnchor,0.126,-0.149,0.294,348.2,347.5,349.4
9.52,Head,0.006,-0.013,-0.026,12.1,1.6,0.3
9.57,LeftHandAnchor,-0.153,-0.165,0.329,357.8,0.1,1.5
9.57,RightHandAnchor,0.111,-0.156,0.321,342.9,348.0,353.8
9.57,Head,0.006,-0.012,-0.025,11.9,1.6,0.3
9.63,LeftHandAnchor,-0.153,-0.165,0.329,357.9,0.1,1.6
9.63,RightHandAnchor,0.101,-0.177,0.351,343.7,348.6,354.0
9.63,Head,0.006,-0.011,-0.025,11.6,1.5,0.2
9.68,LeftHandAnchor,-0.153,-0.165,0.329,358.0,0.2,1.6
9.68,RightHandAnchor,0.092,-0.183,0.360,347.5,349.1,351.6
9.68,Head,0.007,-0.011,-0.025,11.3,1.3,0.4
9.74,LeftHandAnchor,-0.153,-0.164,0.329,358.0,0.2,1.5
9.74,RightHandAnchor,0.091,-0.191,0.368,349.5,349.3,351.8
9.74,Head,0.006,-0.009,-0.025,10.5,0.8,1.3
9.79,LeftHandAnchor,-0.153,-0.164,0.329,358.1,0.1,1.6
9.79,RightHandAnchor,0.092,-0.202,0.379,350.3,349.5,352.7
9.79,Head,0.005,-0.008,-0.026,10.0,0.1,1.6
9.85,LeftHandAnchor,-0.153,-0.165,0.330,358.1,0.2,1.6
9.85,RightHandAnchor,0.094,-0.211,0.394,354.8,351.9,352.2
9.85,Head,0.004,-0.008,-0.026,9.8,359.6,1.4
9.91,LeftHandAnchor,-0.153,-0.165,0.330,358.1,0.2,1.6
9.91,RightHandAnchor,0.093,-0.210,0.394,0.4,353.5,354.5
9.91,Head,0.003,-0.008,-0.026,9.8,359.4,1.2
9.96,LeftHandAnchor,-0.153,-0.165,0.330,358.2,0.2,1.4
9.96,RightHandAnchor,0.086,-0.189,0.380,1.9,353.5,355.1
9.96,Head,0.003,-0.009,-0.026,10.2,359.3,1.1
10.02,LeftHandAnchor,-0.155,-0.166,0.330,358.1,0.3,1.4
10.02,RightHandAnchor,0.087,-0.180,0.373,1.7,353.5,354.3
10.02,Head,0.003,-0.010,-0.027,10.7,359.6,0.8
10.07,LeftHandAnchor,-0.158,-0.167,0.331,358.1,0.3,1.4
10.07,RightHandAnchor,0.092,-0.174,0.367,1.7,353.5,352.8
10.07,Head,0.004,-0.011,-0.027,10.9,0.2,0.7
10.13,LeftHandAnchor,-0.157,-0.167,0.331,358.1,0.2,1.4
10.13,RightHandAnchor,0.094,-0.170,0.367,2.9,353.5,354.0
10.13,Head,0.005,-0.011,-0.027,10.8,0.7,0.6
10.18,LeftHandAnchor,-0.157,-0.167,0.331,358.2,0.1,1.4
10.18,RightHandAnchor,0.094,-0.164,0.365,3.3,354.2,354.7
10.18,Head,0.006,-0.010,-0.026,10.6,1.1,0.5
10.24,LeftHandAnchor,-0.156,-0.167,0.332,358.2,360.0,1.3
10.24,RightHandAnchor,0.095,-0.162,0.365,3.0,354.1,354.9
10.24,Head,0.006,-0.010,-0.026,10.5,1.4,0.4
10.30,LeftHandAnchor,-0.155,-0.167,0.332,358.2,0.0,1.3
10.30,RightHandAnchor,0.095,-0.162,0.365,2.6,354.1,355.1
10.30,Head,0.007,-0.010,-0.025,10.6,1.4,0.4
10.35,LeftHandAnchor,-0.154,-0.168,0.332,358.3,0.0,1.3
10.35,RightHandAnchor,0.093,-0.162,0.365,1.9,354.0,356.1
10.35,Head,0.006,-0.011,-0.025,10.8,1.2,0.4
10.41,LeftHandAnchor,-0.153,-0.167,0.332,358.5,359.9,1.4
10.41,RightHandAnchor,0.090,-0.163,0.364,1.2,353.9,356.4
10.41,Head,0.006,-0.011,-0.024,11.1,0.9,0.5
10.46,LeftHandAnchor,-0.152,-0.167,0.332,358.6,359.9,1.4
10.46,RightHandAnchor,0.089,-0.164,0.365,0.3,353.8,356.6
10.46,Head,0.005,-0.011,-0.024,11.2,0.8,0.6
10.52,LeftHandAnchor,-0.151,-0.167,0.332,358.7,359.8,1.4
10.52,RightHandAnchor,0.087,-0.165,0.363,358.3,353.6,356.3
10.52,Head,0.004,-0.012,-0.024,11.1,0.8,0.8
10.57,LeftHandAnchor,-0.151,-0.167,0.331,358.7,359.8,1.5
10.57,RightHandAnchor,0.085,-0.166,0.360,357.0,353.4,355.6
10.57,Head,0.004,-0.012,-0.024,11.2,0.7,0.8
10.63,LeftHandAnchor,-0.152,-0.167,0.331,358.7,359.8,1.5
10.63,RightHandAnchor,0.084,-0.166,0.360,357.1,353.4,355.5
10.63,Head,0.004,-0.012,-0.024,11.2,0.7,0.8
10.68,LeftHandAnchor,-0.152,-0.167,0.331,358.7,359.8,1.5
10.68,RightHandAnchor,0.084,-0.166,0.359,357.1,353.3,355.3
10.68,Head,0.004,-0.012,-0.024,11.2,0.7,0.8
10.74,LeftHandAnchor,-0.153,-0.167,0.331,358.6,359.8,1.5
10.74,RightHandAnchor,0.084,-0.166,0.358,357.0,353.3,355.3
10.74,Head,0.003,-0.012,-0.024,11.1,0.7,0.9
10.79,LeftHandAnchor,-0.153,-0.167,0.331,358.6,359.7,1.5
10.79,RightHandAnchor,0.084,-0.167,0.357,357.3,353.0,354.5
10.79,Head,0.004,-0.012,-0.024,11.1,0.6,0.8
10.85,LeftHandAnchor,-0.153,-0.168,0.332,358.7,359.7,1.4
10.85,RightHandAnchor,0.085,-0.168,0.356,357.7,352.8,354.2
10.85,Head,0.004,-0.012,-0.024,11.1,0.7,0.8
10.91,LeftHandAnchor,-0.153,-0.168,0.332,358.6,359.6,1.4
10.91,RightHandAnchor,0.086,-0.168,0.356,358.0,352.7,354.1
10.91,Head,0.005,-0.011,-0.024,11.0,0.8,0.7
10.96,LeftHandAnchor,-0.153,-0.168,0.332,358.6,359.6,1.4
10.96,RightHandAnchor,0.086,-0.167,0.356,358.2,352.7,354.1
10.96,Head,0.005,-0.011,-0.024,11.1,0.8,0.6
11.02,LeftHandAnchor,-0.153,-0.168,0.332,358.6,359.6,1.4
11.02,RightHandAnchor,0.087,-0.164,0.356,358.5,352.7,354.3
11.02,Head,0.005,-0.011,-0.025,11.1,0.8,0.6
11.07,LeftHandAnchor,-0.152,-0.167,0.331,358.6,359.7,1.4
11.07,RightHandAnchor,0.086,-0.162,0.356,358.6,352.6,354.6
11.07,Head,0.005,-0.012,-0.025,11.1,0.8,0.5
11.13,LeftHandAnchor,-0.152,-0.167,0.331,358.6,359.7,1.4
11.13,RightHandAnchor,0.086,-0.161,0.355,358.6,352.5,354.7
11.13,Head,0.005,-0.012,-0.025,11.1,0.8,0.5
11.18,LeftHandAnchor,-0.151,-0.166,0.331,358.6,359.8,1.5
11.18,RightHandAnchor,0.086,-0.161,0.355,358.6,352.5,354.7
11.18,Head,0.005,-0.011,-0.025,11.0,0.8,0.5
11.24,LeftHandAnchor,-0.151,-0.166,0.331,358.7,359.8,1.4
11.24,RightHandAnchor,0.086,-0.161,0.355,358.6,352.4,354.7
11.24,Head,0.005,-0.011,-0.025,10.9,0.8,0.5
11.30,LeftHandAnchor,-0.151,-0.166,0.331,358.7,359.8,1.4
11.30,RightHandAnchor,0.086,-0.161,0.354,358.6,352.4,354.7
11.30,Head,0.005,-0.011,-0.025,11.0,0.8,0.5
11.35,LeftHandAnchor,-0.151,-0.165,0.331,358.7,359.8,1.3
11.35,RightHandAnchor,0.086,-0.161,0.354,358.6,352.3,354.7
11.35,Head,0.005,-0.011,-0.025,11.1,0.8,0.4
11.41,LeftHandAnchor,-0.151,-0.165,0.331,358.7,359.8,1.3
11.41,RightHandAnchor,0.086,-0.161,0.354,358.7,352.3,354.7
11.41,Head,0.005,-0.011,-0.025,11.1,0.8,0.5
11.46,LeftHandAnchor,-0.151,-0.165,0.331,358.8,359.8,1.3
11.46,RightHandAnchor,0.087,-0.162,0.353,357.9,351.8,356.7
11.46,Head,0.005,-0.011,-0.025,11.1,0.8,0.5
11.52,LeftHandAnchor,-0.151,-0.165,0.331,358.8,359.8,1.2
11.52,RightHandAnchor,0.089,-0.171,0.346,356.3,351.0,359.6
11.52,Head,0.005,-0.011,-0.026,10.9,0.9,0.6
11.57,LeftHandAnchor,-0.151,-0.165,0.331,358.8,359.9,1.0
11.57,RightHandAnchor,0.091,-0.189,0.337,353.4,349.9,0.9
11.57,Head,0.004,-0.011,-0.026,10.9,0.9,0.7
11.63,LeftHandAnchor,-0.152,-0.165,0.330,358.8,360.0,1.1
11.63,RightHandAnchor,0.090,-0.214,0.323,352.9,350.8,2.5
11.63,Head,0.004,-0.011,-0.027,10.9,0.8,0.8
11.68,LeftHandAnchor,-0.151,-0.165,0.331,358.8,0.0,1.2
11.68,RightHandAnchor,0.093,-0.229,0.316,358.9,349.7,359.5
11.68,Head,0.005,-0.011,-0.028,10.7,0.7,0.8
11.74,LeftHandAnchor,-0.151,-0.166,0.331,358.9,360.0,1.2
11.74,RightHandAnchor,0.096,-0.241,0.321,13.0,348.2,356.4
11.74,Head,0.005,-0.011,-0.028,10.5,1.0,0.6
11.80,LeftHandAnchor,-0.151,-0.166,0.331,358.9,359.9,1.2
11.80,RightHandAnchor,0.099,-0.254,0.324,16.6,343.5,355.5
11.80,Head,0.006,-0.010,-0.028,10.3,1.1,0.5
11.85,LeftHandAnchor,-0.150,-0.167,0.332,358.8,359.9,1.3
11.85,RightHandAnchor,0.096,-0.272,0.319,16.0,342.7,356.3
11.85,Head,0.006,-0.010,-0.028,10.3,1.1,0.4
11.91,LeftHandAnchor,-0.150,-0.166,0.331,358.8,359.9,1.4
11.91,RightHandAnchor,0.098,-0.290,0.311,17.1,345.6,355.5
11.91,Head,0.006,-0.010,-0.028,10.4,0.9,0.4
11.96,LeftHandAnchor,-0.150,-0.166,0.331,358.8,359.9,1.5
11.96,RightHandAnchor,0.105,-0.306,0.305,7.5,346.1,355.2
11.96,Head,0.006,-0.011,-0.028,10.6,0.9,0.5
12.02,LeftHandAnchor,-0.150,-0.165,0.331,358.9,359.9,1.6
12.02,RightHandAnchor,0.106,-0.308,0.297,7.2,346.6,352.6
12.02,Head,0.006,-0.011,-0.028,10.9,0.9,0.5
12.07,LeftHandAnchor,-0.150,-0.165,0.331,358.9,360.0,1.7
12.07,RightHandAnchor,0.105,-0.305,0.276,8.9,344.9,350.7
12.07,Head,0.006,-0.012,-0.028,11.0,1.1,0.6
12.13,LeftHandAnchor,-0.150,-0.166,0.331,358.9,0.0,1.8
12.13,RightHandAnchor,0.105,-0.309,0.261,12.0,342.9,349.6
12.13,Head,0.006,-0.012,-0.029,11.0,1.3,0.6
12.18,LeftHandAnchor,-0.149,-0.167,0.332,358.9,0.1,1.8
12.18,RightHandAnchor,0.105,-0.323,0.260,19.3,340.8,349.6
12.18,Head,0.006,-0.012,-0.029,11.0,1.3,0.6
12.24,LeftHandAnchor,-0.148,-0.167,0.332,358.9,0.2,1.8
12.24,RightHandAnchor,0.105,-0.341,0.260,26.9,339.5,346.9
12.24,Head,0.007,-0.012,-0.029,11.0,1.2,0.5
12.29,LeftHandAnchor,-0.146,-0.167,0.331,359.0,0.3,1.9
12.29,RightHandAnchor,0.106,-0.354,0.259,28.7,339.0,346.1
12.29,Head,0.007,-0.012,-0.029,10.9,1.2,0.5
12.35,LeftHandAnchor,-0.145,-0.167,0.330,359.0,0.3,1.9
12.35,RightHandAnchor,0.106,-0.369,0.255,30.9,338.4,345.4
12.35,Head,0.007,-0.012,-0.028,11.0,1.2,0.4
12.41,LeftHandAnchor,-0.145,-0.166,0.329,359.0,0.5,2.1
12.41,RightHandAnchor,0.103,-0.378,0.250,32.2,338.1,345.8
12.41,Head,0.007,-0.012,-0.028,11.2,1.1,0.3
12.46,LeftHandAnchor,-0.145,-0.166,0.329,359.0,0.5,2.2
12.46,RightHandAnchor,0.108,-0.380,0.246,32.5,337.8,345.4
12.46,Head,0.007,-0.013,-0.027,11.5,0.9,0.3
12.52,LeftHandAnchor,-0.146,-0.165,0.329,359.0,0.5,2.2
12.52,RightHandAnchor,0.125,-0.391,0.241,34.4,341.7,345.6
12.52,Head,0.006,-0.013,-0.027,11.5,1.0,0.4
12.57,LeftHandAnchor,-0.147,-0.165,0.330,359.1,0.4,2.2
12.57,RightHandAnchor,0.147,-0.412,0.235,37.3,349.1,346.0
12.57,Head,0.006,-0.013,-0.028,11.5,1.3,0.6
12.63,LeftHandAnchor,-0.148,-0.166,0.330,359.1,0.3,2.2
12.63,RightHandAnchor,0.160,-0.430,0.233,40.4,354.9,348.8
12.63,Head,0.006,-0.013,-0.028,11.4,1.4,0.6
12.68,LeftHandAnchor,-0.148,-0.166,0.330,359.1,0.2,2.1
12.68,RightHandAnchor,0.169,-0.440,0.231,42.9,0.6,350.6
12.68,Head,0.006,-0.013,-0.028,11.2,1.3,0.7
12.74,LeftHandAnchor,-0.147,-0.168,0.331,359.1,0.2,2.1
12.74,RightHandAnchor,0.179,-0.448,0.232,43.3,1.0,349.2
12.74,Head,0.007,-0.013,-0.028,11.3,1.4,0.7
12.79,LeftHandAnchor,-0.146,-0.168,0.332,359.1,0.3,2.1
12.79,RightHandAnchor,0.185,-0.453,0.234,44.4,1.7,349.7
12.79,Head,0.007,-0.013,-0.028,11.3,1.5,0.7
12.85,LeftHandAnchor,-0.144,-0.169,0.331,359.2,0.3,2.2
12.85,RightHandAnchor,0.189,-0.459,0.239,47.5,1.4,349.5
12.85,Head,0.007,-0.013,-0.027,11.3,1.4,0.6
12.91,LeftHandAnchor,-0.142,-0.168,0.330,359.2,0.4,2.3
12.91,RightHandAnchor,0.191,-0.469,0.248,53.1,2.7,351.5
12.91,Head,0.007,-0.013,-0.027,11.4,1.2,0.5
12.96,LeftHandAnchor,-0.142,-0.169,0.330,359.3,0.7,2.2
12.96,RightHandAnchor,0.194,-0.470,0.251,54.7,1.7,352.5
12.96,Head,0.008,-0.013,-0.026,11.6,1.1,0.4
13.02,LeftHandAnchor,-0.142,-0.168,0.330,359.3,0.8,2.3
13.02,RightHandAnchor,0.197,-0.468,0.251,55.8,359.7,355.5
13.02,Head,0.007,-0.013,-0.025,11.7,1.1,0.4
13.07,LeftHandAnchor,-0.143,-0.168,0.330,359.4,0.8,2.3
13.07,RightHandAnchor,0.198,-0.468,0.251,56.7,360.0,359.6
13.07,Head,0.007,-0.014,-0.024,12.0,1.0,0.4
13.13,LeftHandAnchor,-0.144,-0.169,0.330,359.4,0.8,2.5
13.13,RightHandAnchor,0.204,-0.468,0.270,60.8,359.9,0.2
13.13,Head,0.007,-0.014,-0.024,12.3,0.9,0.5
13.18,LeftHandAnchor,-0.145,-0.169,0.330,359.4,0.7,2.5
13.18,RightHandAnchor,0.213,-0.467,0.280,69.3,9.8,2.6
13.18,Head,0.006,-0.014,-0.024,12.3,0.9,0.6
13.24,LeftHandAnchor,-0.146,-0.170,0.332,359.5,0.5,2.5
13.24,RightHandAnchor,0.222,-0.467,0.280,76.6,40.0,20.3
13.24,Head,0.005,-0.014,-0.024,12.1,0.9,0.8
13.30,LeftHandAnchor,-0.147,-0.171,0.332,359.5,0.5,2.5
13.30,RightHandAnchor,0.227,-0.471,0.281,76.8,84.1,69.1
13.30,Head,0.005,-0.014,-0.024,12.0,0.9,0.9
13.35,LeftHandAnchor,-0.147,-0.172,0.332,359.5,0.4,2.5
13.35,RightHandAnchor,0.230,-0.480,0.262,75.1,82.7,67.6
13.35,Head,0.005,-0.014,-0.024,12.1,0.9,1.0
13.41,LeftHandAnchor,-0.147,-0.172,0.332,359.6,0.4,2.5
13.41,RightHandAnchor,0.241,-0.497,0.241,74.5,76.9,59.9
13.41,Head,0.005,-0.014,-0.024,12.2,1.0,0.9
13.46,LeftHandAnchor,-0.147,-0.172,0.332,359.6,0.4,2.6
13.46,RightHandAnchor,0.248,-0.508,0.228,73.0,83.3,66.7
13.46,Head,0.006,-0.015,-0.023,12.2,1.1,0.9
13.52,LeftHandAnchor,-0.146,-0.173,0.332,359.6,0.6,2.6
13.52,RightHandAnchor,0.249,-0.512,0.226,74.5,106.9,93.3
13.52,Head,0.007,-0.015,-0.023,12.4,1.3,0.8
13.57,LeftHandAnchor,-0.145,-0.173,0.332,359.7,0.6,2.8
13.57,RightHandAnchor,0.244,-0.510,0.225,73.9,110.1,97.6
13.57,Head,0.008,-0.015,-0.022,12.6,1.6,0.7
13.63,LeftHandAnchor,-0.144,-0.173,0.332,359.7,0.7,2.9
13.63,RightHandAnchor,0.245,-0.501,0.227,74.9,117.7,108.3
13.63,Head,0.009,-0.016,-0.022,12.8,1.9,0.7
13.68,LeftHandAnchor,-0.144,-0.174,0.332,359.8,0.7,2.9
13.68,RightHandAnchor,0.245,-0.500,0.224,75.6,117.7,109.1
13.68,Head,0.009,-0.016,-0.021,13.0,2.0,0.7
13.74,LeftHandAnchor,-0.143,-0.174,0.332,359.9,0.8,3.0
13.74,RightHandAnchor,0.245,-0.501,0.218,75.4,123.0,115.1
13.74,Head,0.009,-0.016,-0.021,12.9,2.0,0.7
13.79,LeftHandAnchor,-0.143,-0.174,0.333,360.0,0.8,3.2
13.79,RightHandAnchor,0.250,-0.516,0.203,76.9,116.1,114.4
13.79,Head,0.008,-0.015,-0.021,12.8,1.7,0.7
13.85,LeftHandAnchor,-0.143,-0.175,0.333,0.0,0.8,3.2
13.85,RightHandAnchor,0.256,-0.530,0.190,78.4,110.0,109.2
13.85,Head,0.008,-0.015,-0.021,12.8,1.6,0.8
13.91,LeftHandAnchor,-0.143,-0.175,0.333,0.0,0.8,3.3
13.91,RightHandAnchor,0.265,-0.529,0.174,81.3,133.4,129.8
13.91,Head,0.008,-0.015,-0.021,12.7,1.7,0.8
13.96,LeftHandAnchor,-0.143,-0.175,0.333,360.0,0.8,3.2
13.96,RightHandAnchor,0.271,-0.527,0.171,83.6,172.5,164.4
13.96,Head,0.008,-0.015,-0.022,12.7,1.7,0.8
14.02,LeftHandAnchor,-0.143,-0.174,0.333,359.9,0.9,3.2
14.02,RightHandAnchor,0.269,-0.528,0.181,79.7,181.2,167.8
14.02,Head,0.008,-0.015,-0.022,12.8,1.8,0.7
14.07,LeftHandAnchor,-0.144,-0.174,0.333,359.9,0.9,3.1
14.07,RightHandAnchor,0.270,-0.527,0.186,78.4,182.4,170.7
14.07,Head,0.008,-0.015,-0.022,12.8,1.9,0.7
14.13,LeftHandAnchor,-0.144,-0.173,0.332,359.9,1.0,3.1
14.13,RightHandAnchor,0.273,-0.522,0.190,79.3,184.1,173.2
14.13,Head,0.009,-0.015,-0.022,12.9,1.9,0.7
14.18,LeftHandAnchor,-0.144,-0.173,0.332,360.0,1.0,3.1
14.18,RightHandAnchor,0.276,-0.519,0.193,80.1,187.8,177.4
14.18,Head,0.009,-0.016,-0.021,13.1,2.1,0.7
14.24,LeftHandAnchor,-0.144,-0.173,0.332,0.1,0.9,3.0
14.24,RightHandAnchor,0.000,0.000,0.000,0.0,0.0,0.0
14.24,Head,0.010,-0.017,-0.021,13.4,2.5,0.8
14.29,LeftHandAnchor,-0.143,-0.173,0.332,0.2,0.7,2.9
14.29,RightHandAnchor,0.000,0.000,0.000,0.0,0.0,0.0
14.29,Head,0.011,-0.018,-0.020,13.9,3.2,0.9
14.35,LeftHandAnchor,-0.143,-0.173,0.333,0.3,0.6,2.9
14.35,RightHandAnchor,0.000,0.000,0.000,0.0,0.0,0.0
14.35,Head,0.012,-0.019,-0.020,14.5,3.6,0.9
14.41,LeftHandAnchor,-0.143,-0.174,0.333,0.3,0.6,2.9
14.41,RightHandAnchor,0.000,0.000,0.000,0.0,0.0,0.0
14.41,Head,0.012,-0.019,-0.019,14.9,3.7,0.8
14.46,LeftHandAnchor,-0.144,-0.173,0.333,0.3,0.5,2.9
14.46,RightHandAnchor,0.000,0.000,0.000,0.0,0.0,0.0
14.46,Head,0.012,-0.019,-0.019,14.8,3.5,0.7
14.52,LeftHandAnchor,-0.144,-0.173,0.334,0.3,0.4,2.9
14.52,RightHandAnchor,0.000,0.000,0.000,0.0,0.0,0.0
14.52,Head,0.012,-0.018,-0.019,14.5,3.4,0.8
14.57,LeftHandAnchor,-0.144,-0.173,0.334,0.3,0.4,2.7
14.57,RightHandAnchor,0.000,0.000,0.000,0.0,0.0,0.0
14.57,Head,0.012,-0.018,-0.019,14.5,3.3,0.8
14.63,LeftHandAnchor,-0.144,-0.173,0.334,0.4,0.3,2.4
14.63,RightHandAnchor,0.000,0.000,0.000,0.0,0.0,0.0
14.63,Head,0.011,-0.018,-0.019,14.6,3.3,0.7
14.68,LeftHandAnchor,-0.145,-0.173,0.334,0.4,0.2,2.3
14.68,RightHandAnchor,0.000,0.000,0.000,0.0,0.0,0.0
14.68,Head,0.011,-0.018,-0.020,14.5,3.2,0.7
14.74,LeftHandAnchor,-0.145,-0.173,0.334,0.4,0.2,2.2
14.74,RightHandAnchor,0.000,0.000,0.000,0.0,0.0,0.0
14.74,Head,0.011,-0.018,-0.020,14.3,3.1,0.6
14.79,LeftHandAnchor,-0.145,-0.172,0.334,0.4,0.2,2.2
14.79,RightHandAnchor,0.000,0.000,0.000,0.0,0.0,0.0
14.79,Head,0.011,-0.017,-0.020,14.1,3.0,0.6
14.85,LeftHandAnchor,-0.145,-0.172,0.334,0.3,0.2,2.2
14.85,RightHandAnchor,0.000,0.000,0.000,0.0,0.0,0.0
14.85,Head,0.011,-0.017,-0.021,13.9,2.9,0.6
14.91,LeftHandAnchor,-0.146,-0.172,0.334,0.3,0.2,2.1
14.91,RightHandAnchor,0.000,0.000,0.000,0.0,0.0,0.0
14.91,Head,0.011,-0.017,-0.021,13.9,2.9,0.6
14.96,LeftHandAnchor,-0.146,-0.172,0.334,0.3,0.2,2.1
14.96,RightHandAnchor,0.000,0.000,0.000,0.0,0.0,0.0
14.96,Head,0.011,-0.017,-0.021,13.8,2.8,0.6
15.02,LeftHandAnchor,-0.145,-0.172,0.334,0.3,0.2,2.1
15.02,RightHandAnchor,0.000,0.000,0.000,0.0,0.0,0.0
15.02,Head,0.011,-0.017,-0.022,13.8,2.9,0.6
15.07,LeftHandAnchor,-0.145,-0.172,0.334,0.4,0.1,2.0
15.07,RightHandAnchor,0.000,0.000,0.000,0.0,0.0,0.0
15.07,Head,0.011,-0.017,-0.022,13.7,2.9,0.7
15.13,LeftHandAnchor,-0.145,-0.172,0.335,0.4,0.1,2.1
15.13,RightHandAnchor,0.000,0.000,0.000,0.0,0.0,0.0
15.13,Head,0.010,-0.016,-0.022,13.6,2.9,0.6
15.18,LeftHandAnchor,-0.144,-0.171,0.334,0.4,0.1,2.2
15.18,RightHandAnchor,0.000,0.000,0.000,0.0,0.0,0.0
15.18,Head,0.010,-0.016,-0.021,13.5,2.9,0.6
15.24,LeftHandAnchor,-0.144,-0.171,0.334,0.4,0.2,2.2
15.24,RightHandAnchor,0.000,0.000,0.000,0.0,0.0,0.0
15.24,Head,0.010,-0.016,-0.022,13.6,2.9,0.7
15.30,LeftHandAnchor,-0.144,-0.171,0.334,0.4,0.2,2.3
15.30,RightHandAnchor,0.000,0.000,0.000,0.0,0.0,0.0
15.30,Head,0.010,-0.016,-0.022,13.5,2.8,0.7
15.35,LeftHandAnchor,-0.144,-0.171,0.334,0.3,0.3,2.3
15.35,RightHandAnchor,0.000,0.000,0.000,0.0,0.0,0.0
15.35,Head,0.010,-0.016,-0.022,13.5,2.8,0.6
15.41,LeftHandAnchor,-0.144,-0.171,0.334,0.3,0.3,2.3
15.41,RightHandAnchor,0.000,0.000,0.000,0.0,0.0,0.0
15.41,Head,0.010,-0.016,-0.022,13.3,2.8,0.6
15.46,LeftHandAnchor,-0.145,-0.171,0.334,0.3,0.3,2.3
15.46,RightHandAnchor,0.000,0.000,0.000,0.0,0.0,0.0
15.46,Head,0.010,-0.016,-0.022,13.3,2.8,0.7
15.52,LeftHandAnchor,-0.145,-0.171,0.334,0.4,0.2,2.2
15.52,RightHandAnchor,0.000,0.000,0.000,0.0,0.0,0.0
15.52,Head,0.010,-0.016,-0.022,13.3,2.8,0.7
15.57,LeftHandAnchor,-0.145,-0.171,0.334,0.4,0.2,2.1
15.57,RightHandAnchor,0.000,0.000,0.000,0.0,0.0,0.0
15.57,Head,0.010,-0.016,-0.022,13.3,2.8,0.7
15.63,LeftHandAnchor,-0.145,-0.171,0.334,0.4,0.2,2.1
15.63,RightHandAnchor,0.000,0.000,0.000,0.0,0.0,0.0
15.63,Head,0.009,-0.016,-0.022,13.2,2.7,0.7
15.68,LeftHandAnchor,-0.145,-0.171,0.334,0.4,0.3,2.1
15.68,RightHandAnchor,0.000,0.000,0.000,0.0,0.0,0.0
15.68,Head,0.009,-0.016,-0.022,13.1,2.8,0.7
15.74,LeftHandAnchor,-0.145,-0.171,0.334,0.4,0.3,2.2
15.74,RightHandAnchor,0.000,0.000,0.000,0.0,0.0,0.0
15.74,Head,0.010,-0.016,-0.023,13.2,3.0,0.8
15.79,LeftHandAnchor,-0.145,-0.170,0.333,0.4,0.3,2.2
15.79,RightHandAnchor,0.000,0.000,0.000,0.0,0.0,0.0
15.79,Head,0.010,-0.016,-0.023,13.2,3.1,0.7
15.85,LeftHandAnchor,-0.145,-0.170,0.333,0.5,0.3,2.2
15.85,RightHandAnchor,0.000,0.000,0.000,0.0,0.0,0.0
15.85,Head,0.010,-0.016,-0.023,13.0,3.0,0.7
15.91,LeftHandAnchor,-0.145,-0.171,0.334,0.5,0.3,2.3
15.91,RightHandAnchor,0.000,0.000,0.000,0.0,0.0,0.0
15.91,Head,0.010,-0.015,-0.023,12.7,2.8,0.7
15.96,LeftHandAnchor,-0.145,-0.171,0.333,0.5,0.3,2.3
15.96,RightHandAnchor,0.000,0.000,0.000,0.0,0.0,0.0
15.96,Head,0.009,-0.015,-0.022,12.6,2.5,1.1
16.02,LeftHandAnchor,-0.144,-0.171,0.333,0.5,0.3,2.3
16.02,RightHandAnchor,0.221,-0.394,0.260,55.1,30.0,20.9
16.02,Head,0.009,-0.015,-0.022,12.7,2.1,1.0
16.07,LeftHandAnchor,-0.144,-0.170,0.333,0.4,0.3,2.2
16.07,RightHandAnchor,0.191,-0.303,0.252,40.6,10.5,4.6
16.07,Head,0.009,-0.016,-0.022,13.0,2.1,0.8
16.13,LeftHandAnchor,-0.144,-0.170,0.333,0.4,0.3,2.2
16.13,RightHandAnchor,0.172,-0.244,0.235,17.9,359.5,2.5
16.13,Head,0.010,-0.017,-0.022,13.3,2.3,0.5
16.18,LeftHandAnchor,-0.144,-0.170,0.333,0.4,0.3,2.3
16.18,RightHandAnchor,0.155,-0.210,0.232,354.6,352.5,354.8
16.18,Head,0.011,-0.017,-0.023,13.3,2.8,0.3
16.24,LeftHandAnchor,-0.143,-0.171,0.332,0.4,0.4,2.3
16.24,RightHandAnchor,0.136,-0.197,0.246,334.9,351.6,351.9
16.24,Head,0.011,-0.016,-0.024,12.7,3.1,0.2
16.29,LeftHandAnchor,-0.142,-0.171,0.332,0.4,0.7,2.4
16.29,RightHandAnchor,0.112,-0.186,0.270,331.9,355.8,346.7
16.29,Head,0.010,-0.013,-0.024,11.3,3.2,360.0
16.35,LeftHandAnchor,-0.142,-0.170,0.332,0.3,0.9,2.3
16.35,RightHandAnchor,0.105,-0.181,0.308,347.2,349.8,360.0
16.35,Head,0.010,-0.010,-0.024,10.2,2.9,0.1
16.41,LeftHandAnchor,-0.142,-0.170,0.332,0.2,1.0,2.3
16.41,RightHandAnchor,0.099,-0.180,0.345,357.3,350.5,1.1
16.41,Head,0.010,-0.009,-0.024,9.3,2.5,0.1
16.46,LeftHandAnchor,-0.142,-0.169,0.332,0.2,1.1,2.3
16.46,RightHandAnchor,0.093,-0.175,0.359,1.4,348.5,357.2
16.46,Head,0.009,-0.009,-0.025,9.4,2.1,0.1
16.52,LeftHandAnchor,-0.142,-0.168,0.332,0.1,1.1,2.1
16.52,RightHandAnchor,0.089,-0.170,0.370,4.5,347.4,357.5
16.52,Head,0.009,-0.010,-0.026,10.1,1.9,359.9
16.57,LeftHandAnchor,-0.143,-0.166,0.332,0.1,1.2,1.9
16.57,RightHandAnchor,0.082,-0.170,0.377,5.7,347.7,358.3
16.57,Head,0.008,-0.010,-0.025,10.0,1.8,0.1
16.63,LeftHandAnchor,-0.143,-0.166,0.332,0.0,1.1,1.9
16.63,RightHandAnchor,0.083,-0.172,0.375,5.7,347.8,358.3
16.63,Head,0.008,-0.010,-0.025,10.0,1.8,0.3
16.68,LeftHandAnchor,-0.144,-0.165,0.333,0.0,1.1,2.0
16.68,RightHandAnchor,0.083,-0.172,0.371,6.4,347.8,359.0
16.68,Head,0.008,-0.010,-0.026,10.0,1.8,0.3
16.74,LeftHandAnchor,-0.145,-0.165,0.333,359.9,1.1,1.9
16.74,RightHandAnchor,0.082,-0.169,0.367,6.8,347.8,359.4
16.74,Head,0.008,-0.011,-0.026,10.2,2.0,0.3
16.79,LeftHandAnchor,-0.146,-0.165,0.333,359.9,1.0,2.0
16.79,RightHandAnchor,0.082,-0.167,0.363,6.7,347.8,359.5
16.79,Head,0.008,-0.011,-0.026,10.4,2.1,0.4
16.85,LeftHandAnchor,-0.146,-0.165,0.333,359.9,0.9,1.9
16.85,RightHandAnchor,0.083,-0.166,0.361,6.5,347.8,359.5
16.85,Head,0.008,-0.011,-0.026,10.6,2.1,0.3
16.91,LeftHandAnchor,-0.146,-0.165,0.333,359.8,0.8,1.8
16.91,RightHandAnchor,0.085,-0.166,0.360,6.4,347.8,359.4
16.91,Head,0.008,-0.011,-0.026,10.7,2.0,0.3
16.96,LeftHandAnchor,-0.146,-0.165,0.333,359.8,0.7,1.8
16.96,RightHandAnchor,0.090,-0.166,0.358,5.9,347.7,357.9
16.96,Head,0.008,-0.011,-0.025,10.7,2.1,0.2
17.02,LeftHandAnchor,-0.146,-0.166,0.334,359.8,0.7,1.8
17.02,RightHandAnchor,0.092,-0.165,0.355,4.9,348.0,357.0
17.02,Head,0.008,-0.011,-0.025,10.7,2.3,0.2
17.07,LeftHandAnchor,-0.146,-0.166,0.334,359.8,0.6,1.7
17.07,RightHandAnchor,0.093,-0.164,0.354,2.7,348.4,356.8
17.07,Head,0.008,-0.011,-0.025,10.7,2.3,0.3
17.13,LeftHandAnchor,-0.146,-0.166,0.334,359.8,0.6,1.7
17.13,RightHandAnchor,0.093,-0.164,0.353,1.1,348.4,357.3
17.13,Head,0.008,-0.012,-0.025,10.9,2.2,0.3
17.18,LeftHandAnchor,-0.145,-0.166,0.334,359.8,0.6,1.7
17.18,RightHandAnchor,0.094,-0.165,0.352,0.8,348.4,357.3
17.18,Head,0.008,-0.012,-0.025,11.0,2.2,0.4
17.24,LeftHandAnchor,-0.145,-0.166,0.334,359.9,0.6,1.7
17.24,RightHandAnchor,0.093,-0.164,0.352,0.7,348.4,357.5
17.24,Head,0.008,-0.012,-0.025,10.9,2.1,0.4
17.29,LeftHandAnchor,-0.145,-0.166,0.334,359.9,0.6,1.7
17.29,RightHandAnchor,0.093,-0.164,0.352,0.7,348.4,358.0
17.29,Head,0.007,-0.012,-0.025,11.0,2.0,0.4
17.35,LeftHandAnchor,-0.145,-0.167,0.334,359.9,0.6,1.7
17.35,RightHandAnchor,0.092,-0.164,0.352,0.7,348.4,358.5
17.35,Head,0.007,-0.012,-0.025,11.0,2.0,0.4
17.41,LeftHandAnchor,-0.145,-0.166,0.334,359.9,0.6,1.8
17.41,RightHandAnchor,0.091,-0.164,0.351,0.6,348.5,358.6
17.41,Head,0.007,-0.012,-0.024,11.1,2.1,0.3
17.46,LeftHandAnchor,-0.146,-0.166,0.334,359.8,0.6,1.7
17.46,RightHandAnchor,0.091,-0.164,0.351,0.6,348.5,358.5
17.46,Head,0.007,-0.012,-0.024,11.3,2.1,0.3
17.52,LeftHandAnchor,-0.146,-0.166,0.334,359.8,0.6,1.7
17.52,RightHandAnchor,0.091,-0.164,0.351,0.7,348.6,358.4
17.52,Head,0.007,-0.012,-0.023,11.3,2.2,0.3
17.57,LeftHandAnchor,-0.147,-0.167,0.334,359.8,0.6,1.7
17.57,RightHandAnchor,0.090,-0.164,0.351,0.8,348.6,358.4
17.57,Head,0.007,-0.013,-0.023,11.4,2.3,0.4
17.63,LeftHandAnchor,-0.147,-0.168,0.334,359.8,0.5,1.7
17.63,RightHandAnchor,0.090,-0.164,0.350,0.8,348.7,358.3
17.63,Head,0.007,-0.013,-0.023,11.4,2.3,0.5
17.68,LeftHandAnchor,-0.147,-0.169,0.334,359.8,0.5,1.7
17.68,RightHandAnchor,0.090,-0.164,0.350,0.9,348.7,358.2
17.68,Head,0.007,-0.012,-0.022,11.4,2.2,0.5
17.74,LeftHandAnchor,-0.147,-0.169,0.334,359.8,0.7,1.7
17.74,RightHandAnchor,0.090,-0.163,0.349,0.8,348.8,358.2
17.74,Head,0.007,-0.012,-0.022,11.4,2.2,0.5
17.79,LeftHandAnchor,-0.146,-0.169,0.333,359.8,0.7,1.8
17.79,RightHandAnchor,0.089,-0.163,0.347,0.8,348.7,358.4
17.79,Head,0.007,-0.012,-0.022,11.4,2.2,0.5
17.85,LeftHandAnchor,-0.146,-0.169,0.333,359.8,0.7,1.9
17.85,RightHandAnchor,0.089,-0.163,0.347,0.7,348.6,358.4
17.85,Head,0.007,-0.013,-0.022,11.4,2.2,0.5
17.91,LeftHandAnchor,-0.145,-0.169,0.333,359.8,0.7,1.9
17.91,RightHandAnchor,0.089,-0.163,0.347,0.7,348.6,358.2
17.91,Head,0.007,-0.012,-0.022,11.4,2.2,0.5
17.96,LeftHandAnchor,-0.145,-0.170,0.333,359.8,0.7,2.0
17.96,RightHandAnchor,0.089,-0.163,0.346,0.7,348.5,358.2
17.96,Head,0.007,-0.012,-0.022,11.5,2.2,0.6
18.02,LeftHandAnchor,-0.145,-0.170,0.333,359.7,0.7,2.0
18.02,RightHandAnchor,0.090,-0.163,0.346,0.6,348.4,358.0
18.02,Head,0.007,-0.012,-0.022,11.4,2.2,0.6
18.07,LeftHandAnchor,-0.145,-0.170,0.333,359.7,0.7,2.0
18.07,RightHandAnchor,0.090,-0.163,0.345,0.5,348.4,357.9
18.07,Head,0.007,-0.013,-0.022,11.5,2.1,0.6
18.13,LeftHandAnchor,-0.145,-0.170,0.333,359.7,0.7,2.0
18.13,RightHandAnchor,0.091,-0.163,0.345,0.6,348.4,357.8
18.13,Head,0.007,-0.012,-0.022,11.5,2.1,0.5
18.18,LeftHandAnchor,-0.145,-0.170,0.334,359.7,0.7,2.0
18.18,RightHandAnchor,0.093,-0.163,0.345,0.9,348.0,357.8
18.18,Head,0.007,-0.012,-0.022,11.4,2.2,0.5
18.24,LeftHandAnchor,-0.144,-0.170,0.334,359.7,0.6,2.0
18.24,RightHandAnchor,0.097,-0.160,0.343,5.7,346.3,0.8
18.24,Head,0.007,-0.012,-0.023,11.4,2.2,0.5
18.29,LeftHandAnchor,-0.145,-0.169,0.334,359.7,0.6,2.0
18.29,RightHandAnchor,0.107,-0.157,0.356,16.6,342.1,359.3
18.29,Head,0.007,-0.012,-0.023,11.4,2.2,0.5
18.35,LeftHandAnchor,-0.145,-0.169,0.333,359.8,0.7,2.0
18.35,RightHandAnchor,0.108,-0.158,0.358,18.4,341.9,1.8
18.35,Head,0.007,-0.012,-0.023,11.3,2.3,0.5
18.41,LeftHandAnchor,-0.145,-0.169,0.333,359.8,0.6,2.0
18.41,RightHandAnchor,0.108,-0.167,0.348,15.4,342.7,1.8
18.41,Head,0.007,-0.012,-0.023,11.2,2.2,0.6
18.46,LeftHandAnchor,-0.145,-0.169,0.333,359.9,0.5,2.0
18.46,RightHandAnchor,0.114,-0.172,0.345,17.0,341.8,1.0
18.46,Head,0.007,-0.012,-0.023,11.2,2.0,0.5
18.52,LeftHandAnchor,-0.145,-0.169,0.333,359.9,0.5,2.1
18.52,RightHandAnchor,0.118,-0.172,0.334,30.2,337.7,348.2
18.52,Head,0.007,-0.012,-0.023,11.2,2.1,0.5
18.57,LeftHandAnchor,-0.145,-0.169,0.333,360.0,0.4,2.0
18.57,RightHandAnchor,0.118,-0.170,0.328,34.6,337.6,341.8
18.57,Head,0.007,-0.012,-0.023,11.3,2.2,0.5
18.63,LeftHandAnchor,-0.145,-0.169,0.333,0.0,0.4,2.1
18.63,RightHandAnchor,0.125,-0.181,0.332,36.9,338.5,340.8
18.63,Head,0.007,-0.012,-0.024,11.3,2.2,0.5
18.68,LeftHandAnchor,-0.145,-0.169,0.333,360.0,0.4,2.0
18.68,RightHandAnchor,0.128,-0.201,0.330,38.9,341.6,344.9
18.68,Head,0.007,-0.012,-0.024,11.3,2.3,0.4
18.74,LeftHandAnchor,-0.145,-0.169,0.333,360.0,0.4,2.0
18.74,RightHandAnchor,0.130,-0.219,0.331,45.1,348.4,348.1
18.74,Head,0.008,-0.012,-0.024,11.1,2.4,0.5
18.79,LeftHandAnchor,-0.145,-0.169,0.333,0.0,0.5,2.0
18.79,RightHandAnchor,0.136,-0.235,0.333,47.4,348.0,346.1
18.79,Head,0.008,-0.012,-0.024,11.0,2.3,0.4
18.85,LeftHandAnchor,-0.145,-0.169,0.332,0.0,0.5,2.1
18.85,RightHandAnchor,0.143,-0.247,0.335,49.0,347.1,346.1
18.85,Head,0.008,-0.012,-0.024,11.1,2.1,0.3
18.91,LeftHandAnchor,-0.145,-0.168,0.332,0.0,0.7,2.1
18.91,RightHandAnchor,0.141,-0.251,0.332,54.9,345.4,347.1
18.91,Head,0.008,-0.012,-0.024,11.3,2.2,0.3
18.96,LeftHandAnchor,-0.145,-0.168,0.332,0.0,0.7,2.2
18.96,RightHandAnchor,0.138,-0.267,0.329,58.6,350.5,348.7
18.96,Head,0.008,-0.012,-0.024,11.4,2.3,0.3
19.02,LeftHandAnchor,-0.145,-0.168,0.332,0.1,0.7,2.3
19.02,RightHandAnchor,0.142,-0.285,0.333,61.3,354.0,353.0
19.02,Head,0.008,-0.013,-0.024,11.4,2.3,0.3
19.07,LeftHandAnchor,-0.145,-0.168,0.333,0.1,0.6,2.3
19.07,RightHandAnchor,0.144,-0.300,0.331,65.1,358.2,357.7
19.07,Head,0.008,-0.013,-0.025,11.3,2.3,0.4
19.13,LeftHandAnchor,-0.145,-0.168,0.333,0.2,0.6,2.4
19.13,RightHandAnchor,0.148,-0.331,0.332,68.1,9.5,5.2
19.13,Head,0.008,-0.012,-0.025,11.2,2.4,0.4
19.18,LeftHandAnchor,-0.145,-0.169,0.333,0.2,0.6,2.3
19.18,RightHandAnchor,0.158,-0.341,0.326,69.4,8.2,2.2
19.18,Head,0.008,-0.012,-0.025,11.1,2.4,0.4
19.24,LeftHandAnchor,-0.145,-0.169,0.333,0.1,0.7,2.3
19.24,RightHandAnchor,0.166,-0.349,0.321,72.8,4.4,359.6
19.24,Head,0.008,-0.012,-0.025,11.0,2.4,0.3
19.29,LeftHandAnchor,-0.145,-0.170,0.334,0.1,0.6,2.4
19.29,RightHandAnchor,0.168,-0.357,0.320,73.3,8.5,2.3
19.29,Head,0.008,-0.012,-0.025,11.0,2.4,0.3
19.35,LeftHandAnchor,-0.145,-0.169,0.333,0.1,0.6,2.4
19.35,RightHandAnchor,0.173,-0.369,0.322,74.6,15.7,8.9
19.35,Head,0.009,-0.012,-0.025,11.1,2.4,0.3
19.41,LeftHandAnchor,-0.145,-0.169,0.333,0.1,0.6,2.4
19.41,RightHandAnchor,0.176,-0.375,0.324,76.5,24.8,18.1
19.41,Head,0.008,-0.012,-0.024,11.2,2.4,0.3
19.46,LeftHandAnchor,-0.145,-0.169,0.333,0.1,0.8,2.4
19.46,RightHandAnchor,0.185,-0.391,0.328,78.2,21.4,16.2
19.46,Head,0.008,-0.012,-0.024,11.2,2.3,0.4
19.52,LeftHandAnchor,-0.144,-0.168,0.332,0.1,0.8,2.4
19.52,RightHandAnchor,0.192,-0.401,0.322,79.4,27.3,21.0
19.52,Head,0.008,-0.012,-0.024,11.2,2.2,0.4
19.57,LeftHandAnchor,-0.144,-0.168,0.332,0.1,0.8,2.4
19.57,RightHandAnchor,0.197,-0.412,0.322,83.3,45.8,38.9
19.57,Head,0.008,-0.012,-0.024,11.2,2.3,0.4
19.63,LeftHandAnchor,-0.144,-0.169,0.332,0.1,0.8,2.4
19.63,RightHandAnchor,0.207,-0.431,0.318,83.9,47.7,41.3
19.63,Head,0.007,-0.012,-0.024,11.1,2.4,0.5
19.68,LeftHandAnchor,-0.144,-0.169,0.332,0.2,0.8,2.4
19.68,RightHandAnchor,0.216,-0.439,0.309,83.7,48.9,42.3
19.68,Head,0.007,-0.012,-0.024,11.0,2.2,0.7
19.74,LeftHandAnchor,-0.144,-0.170,0.332,0.1,0.9,2.4
19.74,RightHandAnchor,0.223,-0.447,0.309,84.3,75.4,69.3
19.74,Head,0.007,-0.012,-0.024,11.1,2.1,0.7
19.79,LeftHandAnchor,-0.144,-0.170,0.332,0.1,0.9,2.5
19.79,RightHandAnchor,0.230,-0.459,0.307,84.4,95.1,89.5
19.79,Head,0.007,-0.012,-0.023,11.1,2.2,0.7
19.85,LeftHandAnchor,-0.144,-0.171,0.332,0.1,0.9,2.5
19.85,RightHandAnchor,0.233,-0.465,0.296,83.3,91.8,85.9
19.85,Head,0.007,-0.012,-0.023,11.1,2.3,0.8
19.91,LeftHandAnchor,-0.143,-0.171,0.333,0.2,0.9,2.6
19.91,RightHandAnchor,0.234,-0.467,0.290,81.5,90.3,83.7
19.91,Head,0.007,-0.012,-0.023,11.2,2.3,0.7
19.96,LeftHandAnchor,-0.143,-0.171,0.333,0.2,0.9,2.8
19.96,RightHandAnchor,0.236,-0.465,0.287,81.6,105.0,99.0
19.96,Head,0.007,-0.012,-0.024,11.2,2.3,0.7
20.02,LeftHandAnchor,-0.142,-0.172,0.333,0.2,0.9,2.9
20.02,RightHandAnchor,0.238,-0.469,0.282,81.2,107.1,100.1
20.02,Head,0.007,-0.012,-0.024,11.1,2.3,0.7
20.07,LeftHandAnchor,-0.142,-0.173,0.334,0.3,0.9,2.8
20.07,RightHandAnchor,0.242,-0.480,0.273,80.4,103.3,95.8
20.07,Head,0.007,-0.012,-0.024,11.1,2.2,0.7
20.13,LeftHandAnchor,-0.141,-0.174,0.335,0.4,0.9,2.8
20.13,RightHandAnchor,0.243,-0.480,0.271,79.9,108.0,100.6
20.13,Head,0.007,-0.012,-0.023,11.1,2.1,0.7
20.18,LeftHandAnchor,-0.141,-0.174,0.335,0.4,0.9,2.8
20.18,RightHandAnchor,0.245,-0.486,0.267,78.8,113.0,106.0
20.18,Head,0.007,-0.012,-0.023,11.2,2.2,0.7
20.24,LeftHandAnchor,-0.142,-0.174,0.335,0.4,0.8,2.8
20.24,RightHandAnchor,0.246,-0.491,0.260,78.6,115.2,109.6
20.24,Head,0.007,-0.012,-0.023,11.2,2.2,0.7
20.29,LeftHandAnchor,-0.142,-0.174,0.336,0.5,0.8,2.9
20.29,RightHandAnchor,0.245,-0.499,0.254,77.8,127.3,123.5
20.29,Head,0.007,-0.012,-0.023,11.2,2.0,0.7
20.35,LeftHandAnchor,-0.142,-0.175,0.337,0.5,0.8,2.9
20.35,RightHandAnchor,0.246,-0.513,0.245,76.6,132.6,129.4
20.35,Head,0.007,-0.012,-0.023,11.1,1.9,0.7
20.41,LeftHandAnchor,-0.142,-0.175,0.336,0.5,0.9,2.9
20.41,RightHandAnchor,0.247,-0.521,0.238,77.9,126.9,124.4
20.41,Head,0.007,-0.012,-0.023,11.2,2.0,0.7
20.46,LeftHandAnchor,-0.142,-0.175,0.337,0.6,0.8,2.9
20.46,RightHandAnchor,0.248,-0.519,0.235,77.3,137.6,132.6
20.46,Head,0.007,-0.012,-0.023,11.2,2.1,0.7
20.52,LeftHandAnchor,-0.142,-0.175,0.337,0.6,0.9,2.9
20.52,RightHandAnchor,0.247,-0.520,0.229,78.0,134.6,128.7
20.52,Head,0.007,-0.013,-0.023,11.1,2.1,0.7
20.57,LeftHandAnchor,-0.142,-0.175,0.337,0.5,0.9,2.9
20.57,RightHandAnchor,0.245,-0.518,0.226,78.6,135.5,128.3
20.57,Head,0.007,-0.012,-0.023,11.1,2.0,0.7
20.63,LeftHandAnchor,-0.142,-0.175,0.337,0.5,0.9,2.9
20.63,RightHandAnchor,0.240,-0.521,0.219,77.6,147.9,141.8
20.63,Head,0.007,-0.012,-0.023,11.1,1.9,0.7
20.68,LeftHandAnchor,-0.142,-0.175,0.336,0.5,0.9,2.9
20.68,RightHandAnchor,0.239,-0.521,0.218,78.4,144.3,136.5
20.68,Head,0.007,-0.012,-0.024,11.0,1.9,0.7
20.74,LeftHandAnchor,-0.143,-0.175,0.336,0.6,1.0,3.0
20.74,RightHandAnchor,0.236,-0.518,0.222,78.6,147.5,139.8
20.74,Head,0.007,-0.012,-0.024,10.9,2.0,0.7
20.79,LeftHandAnchor,-0.143,-0.175,0.336,0.5,1.0,2.9
20.79,RightHandAnchor,0.236,-0.518,0.221,78.8,143.1,135.1
20.79,Head,0.007,-0.012,-0.024,10.9,2.0,0.6
20.85,LeftHandAnchor,-0.143,-0.175,0.337,0.5,0.9,3.0
20.85,RightHandAnchor,0.237,-0.518,0.221,79.4,146.1,139.4
20.85,Head,0.007,-0.012,-0.024,10.9,2.0,0.6
20.91,LeftHandAnchor,-0.143,-0.175,0.336,0.5,0.9,3.0
20.91,RightHandAnchor,0.238,-0.520,0.217,80.2,142.7,137.4
20.91,Head,0.007,-0.012,-0.024,10.9,2.0,0.6
20.96,LeftHandAnchor,-0.143,-0.175,0.337,0.5,0.9,3.1
20.96,RightHandAnchor,0.244,-0.513,0.209,84.0,107.6,96.0
20.96,Head,0.007,-0.012,-0.024,10.9,2.0,0.6
21.02,LeftHandAnchor,-0.143,-0.174,0.337,0.4,0.9,3.1
21.02,RightHandAnchor,0.245,-0.516,0.215,80.3,138.3,128.4
21.02,Head,0.008,-0.012,-0.024,10.9,2.0,0.6
21.07,LeftHandAnchor,-0.143,-0.174,0.336,0.4,0.9,3.0
21.07,RightHandAnchor,0.244,-0.520,0.218,80.0,135.3,126.5
21.07,Head,0.008,-0.012,-0.024,10.9,2.0,0.5
21.13,LeftHandAnchor,-0.143,-0.173,0.336,0.3,0.9,3.1
21.13,RightHandAnchor,0.244,-0.520,0.217,80.1,129.2,121.5
21.13,Head,0.008,-0.012,-0.024,10.9,2.0,0.5
21.18,LeftHandAnchor,-0.143,-0.173,0.336,0.3,0.9,3.1
21.18,RightHandAnchor,0.246,-0.521,0.214,81.1,127.7,122.1
21.18,Head,0.008,-0.012,-0.024,10.9,2.0,0.5
21.24,LeftHandAnchor,-0.143,-0.173,0.335,0.2,0.9,3.2
21.24,RightHandAnchor,0.250,-0.519,0.210,83.3,118.3,106.9
21.24,Head,0.008,-0.012,-0.024,10.9,2.0,0.5
21.29,LeftHandAnchor,-0.143,-0.172,0.335,0.2,0.9,3.1
21.29,RightHandAnchor,0.251,-0.520,0.212,83.0,127.3,119.7
21.29,Head,0.008,-0.012,-0.024,10.9,2.1,0.5
21.35,LeftHandAnchor,-0.143,-0.172,0.335,0.2,0.9,3.1
21.35,RightHandAnchor,0.249,-0.520,0.211,81.8,124.2,117.3
21.35,Head,0.008,-0.012,-0.024,10.8,2.1,0.5
21.41,LeftHandAnchor,-0.143,-0.171,0.334,0.3,0.9,3.1
21.41,RightHandAnchor,0.249,-0.520,0.211,81.0,125.8,121.5
21.41,Head,0.008,-0.012,-0.025,10.8,2.0,0.4
21.46,LeftHandAnchor,-0.143,-0.171,0.334,0.2,1.0,3.0
21.46,RightHandAnchor,0.254,-0.516,0.200,83.1,92.5,83.3
21.46,Head,0.008,-0.012,-0.025,10.8,2.0,0.4
21.52,LeftHandAnchor,-0.143,-0.171,0.334,0.2,1.0,3.0
21.52,RightHandAnchor,0.257,-0.514,0.196,84.5,71.5,63.3
21.52,Head,0.008,-0.012,-0.025,10.8,2.0,0.4
21.57,LeftHandAnchor,-0.144,-0.170,0.334,0.2,0.9,3.0
21.57,RightHandAnchor,0.260,-0.513,0.193,84.7,43.3,36.4
21.57,Head,0.008,-0.011,-0.025,10.7,2.1,0.3
21.63,LeftHandAnchor,-0.144,-0.170,0.334,0.1,0.9,3.0
21.63,RightHandAnchor,0.263,-0.512,0.188,83.6,19.3,13.2
21.63,Head,0.008,-0.012,-0.025,10.8,2.0,0.3
21.68,LeftHandAnchor,-0.144,-0.169,0.334,0.2,0.9,3.0
21.68,RightHandAnchor,0.000,0.000,0.000,0.0,0.0,0.0
21.68,Head,0.008,-0.012,-0.025,10.8,2.0,0.3
21.74,LeftHandAnchor,-0.144,-0.169,0.333,0.2,0.9,3.1
21.74,RightHandAnchor,0.000,0.000,0.000,0.0,0.0,0.0
21.74,Head,0.008,-0.012,-0.025,10.8,2.0,0.3
21.79,LeftHandAnchor,-0.144,-0.169,0.333,0.2,0.9,3.0
21.79,RightHandAnchor,0.000,0.000,0.000,0.0,0.0,0.0
21.79,Head,0.008,-0.012,-0.025,10.9,2.1,0.2
21.85,LeftHandAnchor,-0.144,-0.168,0.333,0.2,0.9,3.0
21.85,RightHandAnchor,0.000,0.000,0.000,0.0,0.0,0.0
21.85,Head,0.008,-0.012,-0.025,10.8,2.1,0.3
21.91,LeftHandAnchor,-0.144,-0.168,0.333,0.2,0.8,2.9
21.91,RightHandAnchor,0.000,0.000,0.000,0.0,0.0,0.0
21.91,Head,0.008,-0.012,-0.025,10.9,2.0,0.3
21.96,LeftHandAnchor,-0.144,-0.169,0.333,0.1,0.8,2.7
21.96,RightHandAnchor,0.000,0.000,0.000,0.0,0.0,0.0
21.96,Head,0.008,-0.012,-0.025,10.9,2.1,0.3
22.02,LeftHandAnchor,-0.144,-0.168,0.333,0.1,0.8,2.7
22.02,RightHandAnchor,0.000,0.000,0.000,0.0,0.0,0.0
22.02,Head,0.008,-0.012,-0.024,10.9,2.0,0.4
22.07,LeftHandAnchor,-0.144,-0.168,0.333,0.1,0.8,2.7
22.07,RightHandAnchor,0.000,0.000,0.000,0.0,0.0,0.0
22.07,Head,0.008,-0.012,-0.025,11.1,2.0,0.3
22.13,LeftHandAnchor,-0.144,-0.168,0.333,0.1,0.8,2.7
22.13,RightHandAnchor,0.000,0.000,0.000,0.0,0.0,0.0
22.13,Head,0.008,-0.013,-0.025,11.1,2.1,0.2
22.18,LeftHandAnchor,-0.144,-0.168,0.333,0.1,0.7,2.8
22.18,RightHandAnchor,0.000,0.000,0.000,0.0,0.0,0.0
22.18,Head,0.009,-0.012,-0.025,10.9,2.1,0.1
22.24,LeftHandAnchor,-0.144,-0.168,0.333,0.0,0.8,2.8
22.24,RightHandAnchor,0.000,0.000,0.000,0.0,0.0,0.0
22.24,Head,0.009,-0.012,-0.024,10.9,2.2,0.0
22.29,LeftHandAnchor,-0.144,-0.168,0.333,0.0,0.8,2.7
22.29,RightHandAnchor,0.219,-0.412,0.273,50.8,17.0,16.7
22.29,Head,0.010,-0.012,-0.024,11.1,2.1,360.0
22.35,LeftHandAnchor,-0.144,-0.168,0.333,0.1,0.8,2.7
22.35,RightHandAnchor,0.183,-0.307,0.287,55.5,17.6,26.3
22.35,Head,0.010,-0.013,-0.023,11.6,2.0,359.8
22.41,LeftHandAnchor,-0.144,-0.168,0.333,0.1,0.7,2.8
22.41,RightHandAnchor,0.152,-0.211,0.248,36.0,6.8,4.9
22.41,Head,0.010,-0.014,-0.023,11.8,2.3,359.7
22.46,LeftHandAnchor,-0.144,-0.169,0.333,0.1,0.7,2.7
22.46,RightHandAnchor,0.150,-0.166,0.229,17.8,354.3,359.0
22.46,Head,0.011,-0.014,-0.023,11.7,2.5,359.7
22.52,LeftHandAnchor,-0.144,-0.169,0.333,0.1,0.7,2.7
22.52,RightHandAnchor,0.141,-0.147,0.228,2.9,349.5,3.1
22.52,Head,0.011,-0.013,-0.023,11.5,2.5,359.7
22.57,LeftHandAnchor,-0.143,-0.169,0.333,0.2,0.6,2.6
22.57,RightHandAnchor,0.127,-0.143,0.260,355.3,355.5,1.2
22.57,Head,0.010,-0.012,-0.024,11.2,2.4,359.7
22.63,LeftHandAnchor,-0.144,-0.169,0.333,0.2,0.6,2.6
22.63,RightHandAnchor,0.110,-0.145,0.273,350.5,355.7,359.7
22.63,Head,0.010,-0.012,-0.024,11.1,2.5,359.7
22.68,LeftHandAnchor,-0.143,-0.169,0.333,0.2,0.6,2.5
22.68,RightHandAnchor,0.100,-0.154,0.298,348.8,354.3,0.0
22.68,Head,0.010,-0.012,-0.024,11.1,2.5,359.7
22.74,LeftHandAnchor,-0.144,-0.169,0.334,0.3,0.5,2.4
22.74,RightHandAnchor,0.091,-0.168,0.326,345.9,351.5,1.0
22.74,Head,0.010,-0.011,-0.024,10.9,2.4,359.6
22.79,LeftHandAnchor,-0.144,-0.168,0.334,0.3,0.5,2.5
22.79,RightHandAnchor,0.086,-0.188,0.341,345.4,351.4,359.8
22.79,Head,0.010,-0.011,-0.023,10.8,2.2,359.6
22.85,LeftHandAnchor,-0.145,-0.168,0.334,0.3,0.5,2.5
22.85,RightHandAnchor,0.084,-0.195,0.343,345.5,351.5,357.3
22.85,Head,0.010,-0.011,-0.023,10.7,2.1,359.6
22.91,LeftHandAnchor,-0.146,-0.168,0.334,0.3,0.4,2.4
22.91,RightHandAnchor,0.084,-0.198,0.347,348.0,350.5,355.4
22.91,Head,0.009,-0.011,-0.022,10.8,2.0,359.6
22.96,LeftHandAnchor,-0.146,-0.167,0.334,0.3,0.4,2.3
22.96,RightHandAnchor,0.084,-0.195,0.348,351.9,350.3,355.7
22.96,Head,0.009,-0.011,-0.022,11.0,2.0,359.6
23.02,LeftHandAnchor,-0.147,-0.168,0.334,0.4,0.3,2.2
23.02,RightHandAnchor,0.081,-0.188,0.351,355.6,351.2,354.5
23.02,Head,0.009,-0.012,-0.022,11.2,2.1,359.7
23.07,LeftHandAnchor,-0.148,-0.168,0.335,0.4,0.3,2.3
23.07,RightHandAnchor,0.080,-0.185,0.352,355.9,351.4,354.9
23.07,Head,0.009,-0.012,-0.022,11.2,2.2,359.7
23.13,LeftHandAnchor,-0.149,-0.169,0.335,0.3,0.3,2.3
23.13,RightHandAnchor,0.080,-0.180,0.351,356.4,351.6,354.6
23.13,Head,0.009,-0.012,-0.023,11.1,2.1,359.8
23.18,LeftHandAnchor,-0.149,-0.169,0.335,0.3,0.3,2.3
23.18,RightHandAnchor,0.082,-0.174,0.351,357.2,351.7,354.7
23.18,Head,0.009,-0.011,-0.023,11.0,2.1,359.8
23.24,LeftHandAnchor,-0.149,-0.169,0.335,0.2,0.3,2.2
23.24,RightHandAnchor,0.083,-0.169,0.352,357.7,351.8,355.1
23.24,Head,0.010,-0.011,-0.023,10.9,2.3,359.8
23.30,LeftHandAnchor,-0.148,-0.169,0.335,0.2,0.3,2.2
23.30,RightHandAnchor,0.083,-0.162,0.352,357.8,352.1,355.2
23.30,Head,0.010,-0.011,-0.023,11.0,2.4,359.8
23.35,LeftHandAnchor,-0.148,-0.169,0.335,0.1,0.3,2.1
23.35,RightHandAnchor,0.083,-0.158,0.351,358.1,352.2,355.9
23.35,Head,0.010,-0.011,-0.023,10.9,2.4,359.7
23.41,LeftHandAnchor,-0.147,-0.168,0.335,0.1,0.3,2.1
23.41,RightHandAnchor,0.082,-0.156,0.351,358.9,352.6,357.5
23.41,Head,0.010,-0.011,-0.023,10.9,2.3,359.8
23.46,LeftHandAnchor,-0.147,-0.168,0.335,0.2,0.3,2.1
23.46,RightHandAnchor,0.082,-0.155,0.351,359.2,352.6,358.2
23.46,Head,0.010,-0.011,-0.023,11.0,2.2,359.8
23.52,LeftHandAnchor,-0.147,-0.168,0.335,0.2,0.3,2.1
23.52,RightHandAnchor,0.081,-0.155,0.351,359.4,352.5,358.4
23.52,Head,0.010,-0.011,-0.023,10.9,2.2,359.8
23.57,LeftHandAnchor,-0.147,-0.168,0.335,0.2,0.3,2.0
23.57,RightHandAnchor,0.080,-0.156,0.351,359.7,352.3,358.7
23.57,Head,0.009,-0.011,-0.023,10.9,2.2,359.8
23.63,LeftHandAnchor,-0.147,-0.168,0.335,0.2,0.3,2.0
23.63,RightHandAnchor,0.079,-0.156,0.351,0.1,352.3,358.6
23.63,Head,0.009,-0.011,-0.023,10.9,2.1,359.8
23.68,LeftHandAnchor,-0.147,-0.168,0.335,0.2,0.2,2.0
23.68,RightHandAnchor,0.078,-0.156,0.350,0.5,352.1,358.3
23.68,Head,0.009,-0.012,-0.023,11.0,2.1,359.9
23.74,LeftHandAnchor,-0.147,-0.168,0.335,0.2,0.2,2.0
23.74,RightHandAnchor,0.078,-0.157,0.350,1.0,351.9,357.6
23.74,Head,0.009,-0.012,-0.023,11.1,2.1,359.9
23.79,LeftHandAnchor,-0.148,-0.168,0.335,0.2,0.1,2.0
23.79,RightHandAnchor,0.077,-0.156,0.349,1.4,352.0,357.0
23.79,Head,0.009,-0.012,-0.022,11.1,2.1,359.9
23.85,LeftHandAnchor,-0.148,-0.168,0.335,0.2,0.1,2.0
23.85,RightHandAnchor,0.077,-0.156,0.349,1.6,352.0,356.2
23.85,Head,0.009,-0.012,-0.022,11.1,2.1,359.9
23.91,LeftHandAnchor,-0.148,-0.168,0.335,0.2,0.1,2.0
23.91,RightHandAnchor,0.076,-0.156,0.348,1.6,352.0,356.3
23.91,Head,0.009,-0.012,-0.023,11.1,2.1,359.9
23.96,LeftHandAnchor,-0.148,-0.168,0.334,0.2,0.1,2.1
23.96,RightHandAnchor,0.076,-0.156,0.348,1.5,352.0,356.2
23.96,Head,0.009,-0.012,-0.023,11.1,2.1,359.9
24.02,LeftHandAnchor,-0.148,-0.168,0.334,0.2,0.1,2.1
24.02,RightHandAnchor,0.076,-0.156,0.347,1.5,352.0,356.2
24.02,Head,0.009,-0.012,-0.023,11.0,2.1,359.9
24.07,LeftHandAnchor,-0.148,-0.168,0.334,0.2,360.0,2.1
24.07,RightHandAnchor,0.076,-0.156,0.347,1.5,352.0,356.3
24.07,Head,0.009,-0.012,-0.023,11.1,2.1,359.9
24.13,LeftHandAnchor,-0.148,-0.168,0.334,0.2,360.0,2.1
24.13,RightHandAnchor,0.075,-0.155,0.347,1.4,352.0,356.3
24.13,Head,0.009,-0.012,-0.023,11.0,2.2,359.9
24.18,LeftHandAnchor,-0.148,-0.168,0.334,0.1,360.0,2.0
24.18,RightHandAnchor,0.075,-0.155,0.347,1.4,352.0,356.2
24.18,Head,0.009,-0.012,-0.023,11.1,2.1,359.9
24.24,LeftHandAnchor,-0.148,-0.169,0.335,0.0,0.0,2.0
24.24,RightHandAnchor,0.075,-0.155,0.347,1.3,351.9,356.1
24.24,Head,0.009,-0.012,-0.023,11.2,2.1,359.9
24.29,LeftHandAnchor,-0.148,-0.169,0.335,0.0,0.1,2.1
24.29,RightHandAnchor,0.074,-0.154,0.347,1.2,351.9,356.1
24.29,Head,0.009,-0.012,-0.023,11.2,2.1,359.9
24.35,LeftHandAnchor,-0.148,-0.168,0.335,0.0,0.1,2.0
24.35,RightHandAnchor,0.074,-0.154,0.346,1.2,351.8,356.1
24.35,Head,0.009,-0.012,-0.023,11.2,2.1,359.9
24.41,LeftHandAnchor,-0.148,-0.168,0.335,0.0,0.1,2.0
24.41,RightHandAnchor,0.074,-0.154,0.346,1.1,351.7,356.2
24.41,Head,0.009,-0.012,-0.023,11.2,2.1,359.9
24.46,LeftHandAnchor,-0.148,-0.168,0.335,0.0,0.0,2.0
24.46,RightHandAnchor,0.073,-0.154,0.347,1.1,351.7,356.3
24.46,Head,0.009,-0.012,-0.023,11.2,2.1,359.9
24.52,LeftHandAnchor,-0.148,-0.168,0.335,0.0,0.1,2.0
24.52,RightHandAnchor,0.073,-0.154,0.347,0.9,351.7,356.5
24.52,Head,0.009,-0.012,-0.023,11.2,2.1,359.9
24.57,LeftHandAnchor,-0.148,-0.168,0.335,0.0,0.1,2.0
24.57,RightHandAnchor,0.073,-0.154,0.347,0.8,351.5,356.9
24.57,Head,0.009,-0.012,-0.023,11.2,2.1,359.9
24.63,LeftHandAnchor,-0.149,-0.168,0.335,0.0,0.1,1.9
24.63,RightHandAnchor,0.073,-0.154,0.347,0.6,351.5,357.1
24.63,Head,0.009,-0.012,-0.023,11.2,2.1,359.9
24.68,LeftHandAnchor,-0.149,-0.168,0.335,0.0,0.0,2.0
24.68,RightHandAnchor,0.073,-0.154,0.348,0.4,351.5,357.2
24.68,Head,0.009,-0.012,-0.023,11.2,2.1,359.9
24.74,LeftHandAnchor,-0.149,-0.168,0.335,359.9,0.0,2.0
24.74,RightHandAnchor,0.073,-0.154,0.347,0.1,351.4,357.1
24.74,Head,0.009,-0.012,-0.023,11.1,2.1,359.9
24.79,LeftHandAnchor,-0.149,-0.167,0.335,360.0,0.0,2.0
24.79,RightHandAnchor,0.073,-0.154,0.347,359.4,351.2,355.6
24.79,Head,0.009,-0.012,-0.023,11.2,2.2,359.9
24.85,LeftHandAnchor,-0.149,-0.167,0.334,0.0,360.0,2.0
24.85,RightHandAnchor,0.073,-0.154,0.346,359.0,351.0,353.7
24.85,Head,0.009,-0.012,-0.024,11.1,2.1,359.9
24.91,LeftHandAnchor,-0.149,-0.167,0.334,0.1,359.9,2.0
24.91,RightHandAnchor,0.073,-0.154,0.346,359.0,351.1,353.4
24.91,Head,0.009,-0.012,-0.024,11.0,2.1,359.8
24.96,LeftHandAnchor,-0.149,-0.167,0.334,0.1,360.0,2.0
24.96,RightHandAnchor,0.072,-0.155,0.346,358.7,351.2,352.7
24.96,Head,0.009,-0.012,-0.024,11.0,2.1,359.8
25.02,LeftHandAnchor,-0.149,-0.166,0.334,0.1,0.0,2.0
25.02,RightHandAnchor,0.072,-0.155,0.346,358.5,351.2,352.5
25.02,Head,0.009,-0.012,-0.023,11.1,2.1,359.8
25.07,LeftHandAnchor,-0.149,-0.166,0.334,0.1,0.0,2.0
25.07,RightHandAnchor,0.072,-0.155,0.346,358.2,351.1,352.5
25.07,Head,0.009,-0.012,-0.023,11.2,2.1,359.8
25.13,LeftHandAnchor,-0.149,-0.165,0.334,0.1,0.0,2.0
25.13,RightHandAnchor,0.072,-0.155,0.346,358.3,351.0,353.0
25.13,Head,0.009,-0.012,-0.023,11.1,2.0,359.9
25.18,LeftHandAnchor,-0.149,-0.165,0.334,0.1,0.1,1.9
25.18,RightHandAnchor,0.073,-0.155,0.346,359.1,350.3,355.5
25.18,Head,0.009,-0.012,-0.023,11.1,2.1,359.9
25.24,LeftHandAnchor,-0.149,-0.166,0.335,0.1,0.1,2.0
25.24,RightHandAnchor,0.074,-0.154,0.349,4.9,348.9,1.3
25.24,Head,0.009,-0.011,-0.023,11.1,2.2,359.8
25.29,LeftHandAnchor,-0.149,-0.166,0.335,0.1,0.0,2.0
25.29,RightHandAnchor,0.075,-0.148,0.354,16.1,345.9,8.3
25.29,Head,0.010,-0.012,-0.023,11.1,2.3,359.8
25.35,LeftHandAnchor,-0.149,-0.166,0.334,0.1,0.1,2.0
25.35,RightHandAnchor,0.074,-0.146,0.363,23.7,343.2,6.7
25.35,Head,0.010,-0.012,-0.023,11.1,2.3,359.7
25.41,LeftHandAnchor,-0.148,-0.166,0.334,0.1,0.1,1.9
25.41,RightHandAnchor,0.075,-0.149,0.361,28.0,334.5,355.5
25.41,Head,0.010,-0.012,-0.024,11.1,2.2,359.7
25.46,LeftHandAnchor,-0.148,-0.166,0.334,0.0,0.1,1.9
25.46,RightHandAnchor,0.073,-0.153,0.339,35.2,332.6,337.8
25.46,Head,0.010,-0.012,-0.024,11.0,2.1,359.7
25.52,LeftHandAnchor,-0.148,-0.166,0.334,360.0,0.2,2.0
25.52,RightHandAnchor,0.075,-0.163,0.346,37.4,329.8,332.8
25.52,Head,0.010,-0.012,-0.023,11.0,2.1,359.7
25.57,LeftHandAnchor,-0.148,-0.165,0.334,0.0,0.2,1.9
25.57,RightHandAnchor,0.074,-0.171,0.347,37.6,329.3,333.8
25.57,Head,0.010,-0.012,-0.023,11.1,2.2,359.7
25.63,LeftHandAnchor,-0.148,-0.165,0.334,0.1,0.1,1.9
25.63,RightHandAnchor,0.072,-0.188,0.351,38.0,329.2,333.9
25.63,Head,0.010,-0.012,-0.023,11.1,2.1,359.8
25.68,LeftHandAnchor,-0.148,-0.165,0.334,0.1,0.1,2.0
25.68,RightHandAnchor,0.073,-0.200,0.349,36.7,325.7,324.4
25.68,Head,0.009,-0.012,-0.024,11.1,2.1,359.8
25.74,LeftHandAnchor,-0.148,-0.165,0.334,0.2,360.0,2.3
25.74,RightHandAnchor,0.081,-0.222,0.347,31.7,315.7,313.3
25.74,Head,0.009,-0.012,-0.023,11.1,2.2,359.9
25.79,LeftHandAnchor,-0.149,-0.166,0.334,0.2,360.0,2.3
25.79,RightHandAnchor,0.082,-0.236,0.327,29.1,310.1,305.5
25.79,Head,0.010,-0.012,-0.024,11.1,2.3,359.9
25.85,LeftHandAnchor,-0.148,-0.167,0.334,0.3,0.0,2.4
25.85,RightHandAnchor,0.080,-0.256,0.328,27.0,305.7,304.2
25.85,Head,0.010,-0.012,-0.023,11.0,2.2,359.9
25.91,LeftHandAnchor,-0.148,-0.167,0.334,0.2,0.1,2.5
25.91,RightHandAnchor,0.077,-0.278,0.327,26.7,305.1,303.1
25.91,Head,0.010,-0.012,-0.023,11.2,2.2,359.7
25.96,LeftHandAnchor,-0.148,-0.168,0.334,0.2,0.1,2.5
25.96,RightHandAnchor,0.074,-0.305,0.326,26.9,306.2,302.3
25.96,Head,0.010,-0.012,-0.023,11.3,2.3,359.8
26.02,LeftHandAnchor,-0.148,-0.168,0.334,0.2,0.2,2.5
26.02,RightHandAnchor,0.071,-0.315,0.311,27.4,299.7,297.9
26.02,Head,0.010,-0.013,-0.023,11.4,2.4,359.8
26.07,LeftHandAnchor,-0.148,-0.168,0.334,0.2,0.2,2.5
26.07,RightHandAnchor,0.069,-0.327,0.297,28.9,295.8,297.3
26.07,Head,0.010,-0.013,-0.023,11.5,2.4,359.7
26.13,LeftHandAnchor,-0.148,-0.168,0.334,0.2,0.2,2.5
26.13,RightHandAnchor,0.062,-0.343,0.287,37.5,299.7,301.5
26.13,Head,0.010,-0.013,-0.023,11.6,2.4,359.7
26.18,LeftHandAnchor,-0.147,-0.169,0.334,0.2,0.2,2.5
26.18,RightHandAnchor,0.053,-0.348,0.277,45.0,299.6,301.8
26.18,Head,0.010,-0.013,-0.023,11.4,2.3,359.8
26.24,LeftHandAnchor,-0.147,-0.169,0.334,0.2,0.2,2.5
26.24,RightHandAnchor,0.050,-0.350,0.262,47.2,298.6,301.4
26.24,Head,0.010,-0.013,-0.023,11.5,2.4,359.8
26.29,LeftHandAnchor,-0.147,-0.169,0.334,0.3,0.1,2.5
26.29,RightHandAnchor,0.053,-0.372,0.256,44.4,294.3,291.6
26.29,Head,0.010,-0.013,-0.023,11.4,2.4,359.8
26.35,LeftHandAnchor,-0.147,-0.169,0.335,0.3,0.1,2.4
26.35,RightHandAnchor,0.060,-0.386,0.253,39.2,284.1,280.8
26.35,Head,0.010,-0.013,-0.023,11.5,2.3,359.8
26.41,LeftHandAnchor,-0.147,-0.169,0.335,0.4,0.1,2.5
26.41,RightHandAnchor,0.074,-0.412,0.251,28.8,281.6,275.5
26.41,Head,0.010,-0.013,-0.023,11.5,2.2,359.9
26.46,LeftHandAnchor,-0.147,-0.170,0.335,0.4,0.1,2.5
26.46,RightHandAnchor,0.072,-0.418,0.240,29.3,281.1,271.1
26.46,Head,0.010,-0.013,-0.023,11.5,2.3,359.8
26.52,LeftHandAnchor,-0.147,-0.170,0.335,0.4,0.0,2.5
26.52,RightHandAnchor,0.072,-0.426,0.232,29.1,280.8,269.6
26.52,Head,0.010,-0.013,-0.023,11.5,2.4,359.9
26.57,LeftHandAnchor,-0.147,-0.170,0.335,0.4,0.1,2.6
26.57,RightHandAnchor,0.076,-0.436,0.224,28.8,280.4,267.1
26.57,Head,0.010,-0.013,-0.023,11.6,2.5,359.8
26.63,LeftHandAnchor,-0.146,-0.170,0.335,0.4,0.1,2.7
26.63,RightHandAnchor,0.075,-0.443,0.216,31.6,270.4,255.5
26.63,Head,0.010,-0.014,-0.023,11.6,2.3,359.8
26.68,LeftHandAnchor,-0.145,-0.170,0.335,0.4,0.2,2.7
26.68,RightHandAnchor,0.083,-0.444,0.207,26.9,273.1,265.0
26.68,Head,0.011,-0.014,-0.024,11.7,2.4,359.8
26.74,LeftHandAnchor,-0.145,-0.170,0.334,0.5,0.2,2.8
26.74,RightHandAnchor,0.085,-0.451,0.200,25.4,278.6,272.8
26.74,Head,0.011,-0.014,-0.024,11.5,2.5,359.9
26.79,LeftHandAnchor,-0.144,-0.169,0.334,0.5,0.2,2.9
26.79,RightHandAnchor,0.084,-0.453,0.199,27.3,276.5,262.7
26.79,Head,0.011,-0.013,-0.024,11.4,2.6,359.8
26.85,LeftHandAnchor,-0.144,-0.169,0.334,0.5,0.3,2.9
26.85,RightHandAnchor,0.085,-0.460,0.194,28.5,278.6,264.4
26.85,Head,0.012,-0.013,-0.024,11.4,2.5,359.6
26.91,LeftHandAnchor,-0.143,-0.169,0.333,0.5,0.5,2.9
26.91,RightHandAnchor,0.083,-0.466,0.192,29.7,280.6,270.3
26.91,Head,0.012,-0.013,-0.024,11.4,2.5,359.6
26.96,LeftHandAnchor,-0.143,-0.168,0.333,0.4,0.6,2.9
26.96,RightHandAnchor,0.076,-0.466,0.198,32.5,279.5,273.5
26.96,Head,0.012,-0.013,-0.025,11.4,2.6,359.6
27.02,LeftHandAnchor,-0.143,-0.168,0.332,0.4,0.7,3.0
27.02,RightHandAnchor,0.070,-0.456,0.199,34.0,278.2,276.8
27.02,Head,0.012,-0.013,-0.025,11.3,2.5,359.6
27.07,LeftHandAnchor,-0.143,-0.167,0.332,0.4,0.7,2.9
27.07,RightHandAnchor,0.067,-0.450,0.199,34.3,277.2,278.6
27.07,Head,0.011,-0.013,-0.025,11.4,2.3,359.6
27.13,LeftHandAnchor,-0.143,-0.167,0.332,0.3,0.8,2.8
27.13,RightHandAnchor,0.064,-0.449,0.199,34.4,278.6,283.0
27.13,Head,0.011,-0.013,-0.025,11.4,2.3,359.7
27.18,LeftHandAnchor,-0.143,-0.167,0.332,0.3,0.8,2.8
27.18,RightHandAnchor,0.059,-0.446,0.198,35.1,280.9,287.5
27.18,Head,0.011,-0.013,-0.025,11.4,2.3,359.7
27.24,LeftHandAnchor,-0.144,-0.167,0.332,0.2,0.9,2.8
27.24,RightHandAnchor,0.057,-0.444,0.198,35.3,281.7,287.9
27.24,Head,0.011,-0.013,-0.025,11.4,2.3,359.8
27.29,LeftHandAnchor,-0.144,-0.166,0.332,0.2,0.9,2.8
27.29,RightHandAnchor,0.053,-0.445,0.196,35.2,285.8,291.7
27.29,Head,0.011,-0.013,-0.025,11.4,2.2,359.7
27.35,LeftHandAnchor,-0.144,-0.166,0.333,0.2,0.8,2.7
27.35,RightHandAnchor,0.047,-0.445,0.191,34.0,290.0,297.5
27.35,Head,0.011,-0.013,-0.025,11.3,2.3,359.7
27.41,LeftHandAnchor,-0.143,-0.166,0.333,0.2,0.9,2.8
27.41,RightHandAnchor,0.045,-0.448,0.183,30.1,293.6,306.4
27.41,Head,0.011,-0.013,-0.025,11.2,2.3,359.7
27.46,LeftHandAnchor,-0.143,-0.166,0.332,0.2,1.0,2.8
27.46,RightHandAnchor,0.044,-0.449,0.179,27.2,294.2,309.1
27.46,Head,0.011,-0.013,-0.025,11.3,2.3,359.6
27.52,LeftHandAnchor,-0.143,-0.165,0.332,0.2,1.1,2.7
27.52,RightHandAnchor,0.041,-0.448,0.174,24.6,294.4,310.5
27.52,Head,0.011,-0.013,-0.025,11.3,2.3,359.6
27.57,LeftHandAnchor,-0.142,-0.165,0.331,0.2,1.2,2.7
27.57,RightHandAnchor,0.038,-0.444,0.166,19.9,294.3,311.2
27.57,Head,0.012,-0.013,-0.025,11.4,2.3,359.6
27.63,LeftHandAnchor,-0.142,-0.165,0.331,0.1,1.2,2.7
27.63,RightHandAnchor,0.035,-0.444,0.163,14.4,293.2,309.5
27.63,Head,0.012,-0.013,-0.025,11.4,2.4,359.6
27.68,LeftHandAnchor,-0.142,-0.165,0.331,0.1,1.2,2.7
27.68,RightHandAnchor,0.029,-0.447,0.160,9.0,290.5,308.3
27.68,Head,0.012,-0.013,-0.025,11.4,2.3,359.6
27.74,LeftHandAnchor,-0.141,-0.165,0.332,0.1,1.3,2.6
27.74,RightHandAnchor,0.020,-0.450,0.155,9.4,289.2,308.0
27.74,Head,0.012,-0.013,-0.024,11.4,2.3,359.6
27.79,LeftHandAnchor,-0.140,-0.166,0.332,0.1,1.3,2.6
27.79,RightHandAnchor,0.017,-0.449,0.150,11.5,287.6,308.2
27.79,Head,0.012,-0.013,-0.025,11.4,2.3,359.6
27.85,LeftHandAnchor,-0.139,-0.165,0.332,0.2,1.3,2.6
27.85,RightHandAnchor,0.015,-0.449,0.142,13.2,285.2,307.0
27.85,Head,0.011,-0.013,-0.024,11.4,2.3,359.7
27.91,LeftHandAnchor,-0.138,-0.165,0.332,0.1,1.4,2.6
27.91,RightHandAnchor,0.015,-0.454,0.139,13.4,284.3,305.7
27.91,Head,0.011,-0.013,-0.024,11.4,2.3,359.7
27.96,LeftHandAnchor,-0.137,-0.164,0.332,0.1,1.5,2.5
27.96,RightHandAnchor,0.016,-0.459,0.138,11.2,284.9,302.9
27.96,Head,0.012,-0.014,-0.025,11.4,2.4,359.6
28.02,LeftHandAnchor,-0.136,-0.164,0.333,0.0,1.6,2.5
28.02,RightHandAnchor,0.016,-0.459,0.138,10.1,284.6,301.4
28.02,Head,0.012,-0.013,-0.025,11.4,2.5,359.6
28.07,LeftHandAnchor,-0.136,-0.165,0.333,0.0,1.8,2.4
28.07,RightHandAnchor,0.018,-0.460,0.138,9.5,283.8,300.6
28.07,Head,0.012,-0.013,-0.025,11.2,2.5,359.6
28.13,LeftHandAnchor,-0.135,-0.164,0.334,0.0,1.8,2.4
28.13,RightHandAnchor,0.018,-0.460,0.138,9.6,283.7,300.5
28.13,Head,0.013,-0.013,-0.025,11.2,2.5,359.5
28.18,LeftHandAnchor,-0.135,-0.164,0.334,0.0,1.9,2.3
28.18,RightHandAnchor,0.018,-0.459,0.138,9.8,283.7,300.4
28.18,Head,0.013,-0.013,-0.025,11.2,2.5,359.5
28.24,LeftHandAnchor,-0.134,-0.164,0.334,0.1,1.9,2.3
28.24,RightHandAnchor,0.018,-0.456,0.138,10.5,283.7,300.2
28.24,Head,0.013,-0.013,-0.025,11.2,2.5,359.5
28.29,LeftHandAnchor,-0.134,-0.164,0.334,0.1,1.8,2.3
28.29,RightHandAnchor,0.018,-0.455,0.137,10.5,283.5,300.1
28.29,Head,0.013,-0.013,-0.025,11.3,2.5,359.5
28.35,LeftHandAnchor,-0.134,-0.164,0.335,0.1,1.9,2.2
28.35,RightHandAnchor,0.018,-0.454,0.137,9.8,282.2,302.3
28.35,Head,0.013,-0.013,-0.025,11.3,2.6,359.5
28.41,LeftHandAnchor,-0.133,-0.164,0.335,0.1,1.9,2.2
28.41,RightHandAnchor,0.017,-0.449,0.137,10.5,281.0,303.1
28.41,Head,0.013,-0.013,-0.025,11.2,2.6,359.4
28.46,LeftHandAnchor,-0.133,-0.164,0.336,0.0,2.0,2.2
28.46,RightHandAnchor,0.014,-0.446,0.139,11.6,279.4,304.5
28.46,Head,0.013,-0.013,-0.025,11.2,2.6,359.5
28.52,LeftHandAnchor,-0.133,-0.163,0.336,360.0,2.0,2.1
28.52,RightHandAnchor,0.010,-0.440,0.140,14.2,278.7,308.3
28.52,Head,0.013,-0.013,-0.025,11.2,2.5,359.4
28.57,LeftHandAnchor,-0.133,-0.163,0.336,359.9,2.1,2.1
28.57,RightHandAnchor,0.007,-0.436,0.141,15.8,278.8,308.6
28.57,Head,0.013,-0.013,-0.025,11.3,2.5,359.4
28.63,LeftHandAnchor,-0.133,-0.162,0.335,359.9,2.1,2.0
28.63,RightHandAnchor,0.006,-0.434,0.141,16.7,278.8,308.6
28.63,Head,0.013,-0.013,-0.024,11.3,2.5,359.4
28.68,LeftHandAnchor,-0.133,-0.162,0.335,359.9,2.1,2.0
28.68,RightHandAnchor,0.005,-0.433,0.141,17.3,278.3,308.8
28.68,Head,0.012,-0.013,-0.024,11.3,2.5,359.5
28.74,LeftHandAnchor,-0.133,-0.162,0.335,359.9,2.0,1.9
28.74,RightHandAnchor,0.006,-0.430,0.143,18.2,278.4,309.0
28.74,Head,0.012,-0.013,-0.024,11.4,2.4,359.5
28.79,LeftHandAnchor,-0.134,-0.162,0.336,359.9,2.0,1.9
28.79,RightHandAnchor,0.008,-0.411,0.158,21.7,276.5,308.4
28.79,Head,0.012,-0.013,-0.025,11.3,2.5,359.5
28.85,LeftHandAnchor,-0.135,-0.163,0.336,359.9,2.0,1.9
28.85,RightHandAnchor,0.011,-0.398,0.188,25.7,269.6,304.6
28.85,Head,0.012,-0.013,-0.025,11.2,2.5,359.4
28.91,LeftHandAnchor,-0.136,-0.163,0.336,360.0,2.0,1.9
28.91,RightHandAnchor,0.016,-0.373,0.218,31.6,268.3,302.3
28.91,Head,0.011,-0.013,-0.025,11.1,2.4,359.4
28.96,LeftHandAnchor,-0.137,-0.163,0.336,0.0,1.9,1.9
28.96,RightHandAnchor,0.032,-0.318,0.247,31.8,280.7,312.0
28.96,Head,0.011,-0.013,-0.025,11.1,2.2,359.4
29.02,LeftHandAnchor,-0.138,-0.163,0.336,0.0,1.7,1.8
29.02,RightHandAnchor,0.042,-0.262,0.277,20.8,296.0,326.7
29.02,Head,0.011,-0.012,-0.024,11.0,2.2,359.4
29.07,LeftHandAnchor,-0.139,-0.163,0.335,0.1,1.6,1.7
29.07,RightHandAnchor,0.053,-0.219,0.285,6.4,309.9,336.0
29.07,Head,0.011,-0.012,-0.024,11.0,2.3,359.4
29.13,LeftHandAnchor,-0.140,-0.163,0.335,0.1,1.4,1.7
29.13,RightHandAnchor,0.056,-0.185,0.288,355.5,324.6,343.1
29.13,Head,0.011,-0.012,-0.024,11.1,2.4,359.4
29.18,LeftHandAnchor,-0.141,-0.163,0.336,0.1,1.2,1.7
29.18,RightHandAnchor,0.054,-0.172,0.312,349.6,335.2,352.6
29.18,Head,0.011,-0.012,-0.024,11.2,2.3,359.3
29.24,LeftHandAnchor,-0.141,-0.163,0.336,0.1,0.9,1.7
29.24,RightHandAnchor,0.052,-0.163,0.335,344.6,343.3,354.0
29.24,Head,0.011,-0.012,-0.024,11.1,2.2,359.3
29.29,LeftHandAnchor,-0.141,-0.163,0.335,0.1,0.9,1.6
29.29,RightHandAnchor,0.057,-0.158,0.343,345.3,344.7,354.3
29.29,Head,0.011,-0.012,-0.024,11.0,2.2,359.3
29.35,LeftHandAnchor,-0.141,-0.163,0.335,0.1,0.9,1.5
29.35,RightHandAnchor,0.058,-0.160,0.356,346.6,346.5,353.0
29.35,Head,0.011,-0.011,-0.023,11.0,2.3,359.3
29.41,LeftHandAnchor,-0.142,-0.163,0.336,0.0,0.8,1.5
29.41,RightHandAnchor,0.060,-0.161,0.359,347.3,346.8,353.0
29.41,Head,0.012,-0.011,-0.023,10.9,2.3,359.3
29.46,LeftHandAnchor,-0.142,-0.163,0.336,359.9,0.8,1.4
29.46,RightHandAnchor,0.060,-0.162,0.362,347.7,346.8,353.8
29.46,Head,0.011,-0.012,-0.024,11.0,2.1,359.2
29.52,LeftHandAnchor,-0.143,-0.163,0.336,359.8,0.7,1.4
29.52,RightHandAnchor,0.061,-0.162,0.364,348.0,347.3,354.9
29.52,Head,0.011,-0.012,-0.024,11.1,2.1,359.2
29.57,LeftHandAnchor,-0.143,-0.161,0.335,359.7,0.7,1.4
29.57,RightHandAnchor,0.061,-0.164,0.365,348.8,347.0,356.2
29.57,Head,0.011,-0.011,-0.024,10.9,2.1,359.2
29.63,LeftHandAnchor,-0.144,-0.160,0.335,359.7,0.6,1.4
29.63,RightHandAnchor,0.062,-0.166,0.366,351.8,346.7,356.5
29.63,Head,0.011,-0.011,-0.025,10.9,2.1,359.3
29.68,LeftHandAnchor,-0.144,-0.160,0.335,359.6,0.6,1.4
29.68,RightHandAnchor,0.062,-0.167,0.365,352.9,346.3,358.0
29.68,Head,0.010,-0.011,-0.025,10.9,1.9,359.3
29.74,LeftHandAnchor,-0.145,-0.159,0.335,359.5,0.6,1.4
29.74,RightHandAnchor,0.063,-0.171,0.364,353.2,346.2,357.6
29.74,Head,0.010,-0.011,-0.025,10.9,1.9,359.3
29.79,LeftHandAnchor,-0.145,-0.159,0.335,359.4,0.5,1.3
29.79,RightHandAnchor,0.063,-0.172,0.364,355.9,347.3,356.3
29.79,Head,0.011,-0.011,-0.025,10.9,2.0,359.3
29.85,LeftHandAnchor,-0.145,-0.159,0.335,359.3,0.4,1.3
29.85,RightHandAnchor,0.062,-0.171,0.363,359.3,348.2,354.9
29.85,Head,0.011,-0.011,-0.024,10.8,2.1,359.2
29.91,LeftHandAnchor,-0.145,-0.158,0.335,359.3,0.4,1.3
29.91,RightHandAnchor,0.062,-0.170,0.363,0.5,348.5,354.4
29.91,Head,0.011,-0.011,-0.024,10.8,2.2,359.2
29.96,LeftHandAnchor,-0.145,-0.158,0.335,359.3,0.4,1.3
29.96,RightHandAnchor,0.062,-0.169,0.362,0.4,348.4,354.5
29.96,Head,0.011,-0.011,-0.024,10.9,2.1,359.2
30.02,LeftHandAnchor,-0.145,-0.158,0.334,359.2,0.4,1.3
30.02,RightHandAnchor,0.062,-0.168,0.362,0.3,348.3,355.2
30.02,Head,0.011,-0.011,-0.024,11.0,2.0,359.3
30.07,LeftHandAnchor,-0.145,-0.158,0.334,359.2,0.4,1.3
30.07,RightHandAnchor,0.063,-0.167,0.361,0.1,348.2,355.9
30.07,Head,0.011,-0.012,-0.024,11.0,2.0,359.3
30.13,LeftHandAnchor,-0.144,-0.158,0.334,359.2,0.5,1.3
30.13,RightHandAnchor,0.063,-0.167,0.362,0.0,348.2,356.0
30.13,Head,0.011,-0.011,-0.024,10.9,2.0,359.3
30.18,LeftHandAnchor,-0.144,-0.158,0.334,359.2,0.5,1.2
30.18,RightHandAnchor,0.062,-0.166,0.361,0.1,348.3,356.1
30.18,Head,0.011,-0.011,-0.024,10.8,2.0,359.3
30.24,LeftHandAnchor,-0.144,-0.159,0.335,359.1,0.5,1.2
30.24,RightHandAnchor,0.062,-0.166,0.360,0.1,348.4,356.0
30.24,Head,0.011,-0.011,-0.024,10.8,2.0,359.3
30.29,LeftHandAnchor,-0.144,-0.158,0.334,359.1,0.5,1.1
30.29,RightHandAnchor,0.062,-0.166,0.360,0.0,348.5,356.1
30.29,Head,0.011,-0.011,-0.024,10.9,2.0,359.3
30.35,LeftHandAnchor,-0.144,-0.158,0.334,359.1,0.5,1.2
30.35,RightHandAnchor,0.062,-0.165,0.359,360.0,348.5,356.1
30.35,Head,0.011,-0.011,-0.024,10.9,2.0,359.3
30.41,LeftHandAnchor,-0.144,-0.158,0.335,359.1,0.5,1.2
30.41,RightHandAnchor,0.062,-0.165,0.358,0.0,348.5,356.2
30.41,Head,0.011,-0.011,-0.024,10.9,2.0,359.3
30.46,LeftHandAnchor,-0.144,-0.158,0.335,359.1,0.6,1.2
30.46,RightHandAnchor,0.061,-0.164,0.357,360.0,348.5,356.2
30.46,Head,0.011,-0.011,-0.024,10.8,2.0,359.3
30.52,LeftHandAnchor,-0.144,-0.158,0.335,359.1,0.6,1.2
30.52,RightHandAnchor,0.061,-0.164,0.357,360.0,348.6,356.1
30.52,Head,0.011,-0.011,-0.024,10.8,2.0,359.3
30.57,LeftHandAnchor,-0.144,-0.158,0.334,359.2,0.5,1.2
30.57,RightHandAnchor,0.061,-0.165,0.357,359.8,348.4,355.9
30.57,Head,0.011,-0.011,-0.024,10.8,2.0,359.3
30.63,LeftHandAnchor,-0.144,-0.158,0.335,359.2,0.5,1.2
30.63,RightHandAnchor,0.061,-0.165,0.356,359.8,348.3,355.6
30.63,Head,0.011,-0.011,-0.024,10.8,2.0,359.3
30.68,LeftHandAnchor,-0.144,-0.159,0.335,359.2,0.5,1.2
30.68,RightHandAnchor,0.061,-0.165,0.356,359.8,348.4,355.7
30.68,Head,0.011,-0.011,-0.024,10.8,2.0,359.3
30.74,LeftHandAnchor,-0.144,-0.159,0.335,359.2,0.5,1.1
30.74,RightHandAnchor,0.060,-0.164,0.355,359.9,348.5,355.7
30.74,Head,0.011,-0.011,-0.024,10.7,2.0,359.3
30.79,LeftHandAnchor,-0.143,-0.159,0.335,359.2,0.5,1.1
30.79,RightHandAnchor,0.060,-0.164,0.355,359.9,348.5,355.7
30.79,Head,0.011,-0.011,-0.024,10.7,2.0,359.3
30.85,LeftHandAnchor,-0.143,-0.158,0.335,359.2,0.5,1.1
30.85,RightHandAnchor,0.059,-0.164,0.355,359.9,348.5,355.7
30.85,Head,0.011,-0.011,-0.024,10.7,2.0,359.3
30.91,LeftHandAnchor,-0.143,-0.158,0.335,359.1,0.5,1.1
30.91,RightHandAnchor,0.058,-0.164,0.355,359.9,348.4,355.7
30.91,Head,0.011,-0.011,-0.024,10.7,2.0,359.3
30.96,LeftHandAnchor,-0.143,-0.158,0.335,359.1,0.5,1.1
30.96,RightHandAnchor,0.058,-0.164,0.355,360.0,348.4,355.7
30.96,Head,0.011,-0.011,-0.024,10.7,2.0,359.3
31.02,LeftHandAnchor,-0.143,-0.158,0.335,359.1,0.5,1.1
31.02,RightHandAnchor,0.057,-0.163,0.355,0.1,348.4,355.8
31.02,Head,0.011,-0.011,-0.024,10.7,1.9,359.3
31.07,LeftHandAnchor,-0.143,-0.158,0.335,359.1,0.4,1.1
31.07,RightHandAnchor,0.056,-0.163,0.355,0.2,348.4,355.9
31.07,Head,0.011,-0.011,-0.024,10.7,1.9,359.3
31.13,LeftHandAnchor,-0.143,-0.158,0.334,359.1,0.5,1.1
31.13,RightHandAnchor,0.056,-0.163,0.355,0.2,348.5,355.8
31.13,Head,0.010,-0.011,-0.024,10.7,1.9,359.3
31.18,LeftHandAnchor,-0.144,-0.158,0.334,359.1,0.5,1.1
31.18,RightHandAnchor,0.055,-0.163,0.354,1.0,348.8,354.2
31.18,Head,0.010,-0.011,-0.024,10.7,1.9,359.3
31.24,LeftHandAnchor,-0.144,-0.158,0.334,359.1,0.5,1.2
31.24,RightHandAnchor,0.056,-0.163,0.354,1.9,348.2,346.8
31.24,Head,0.011,-0.011,-0.024,10.7,1.9,359.3
31.29,LeftHandAnchor,-0.144,-0.158,0.334,359.2,0.6,1.1
31.29,RightHandAnchor,0.057,-0.163,0.354,1.7,348.0,345.8
31.29,Head,0.011,-0.011,-0.024,10.7,2.0,359.3
31.35,LeftHandAnchor,-0.144,-0.158,0.334,359.2,0.5,1.2
31.35,RightHandAnchor,0.059,-0.164,0.354,1.4,347.7,345.6
31.35,Head,0.011,-0.011,-0.024,10.6,2.0,359.4
31.41,LeftHandAnchor,-0.144,-0.158,0.335,359.1,0.6,1.1
31.41,RightHandAnchor,0.059,-0.164,0.354,1.2,347.2,345.5
31.41,Head,0.011,-0.011,-0.024,10.7,1.9,359.3
31.46,LeftHandAnchor,-0.144,-0.158,0.335,359.1,0.6,1.1
31.46,RightHandAnchor,0.058,-0.164,0.352,1.0,346.4,346.0
31.46,Head,0.011,-0.011,-0.024,10.8,1.9,359.3
31.52,LeftHandAnchor,-0.144,-0.158,0.335,359.2,0.5,1.1
31.52,RightHandAnchor,0.057,-0.165,0.347,1.9,343.8,349.9
31.52,Head,0.011,-0.011,-0.024,10.7,2.1,359.3
31.57,LeftHandAnchor,-0.143,-0.158,0.335,359.2,0.4,1.0
31.57,RightHandAnchor,0.058,-0.164,0.341,7.4,338.1,358.3
31.57,Head,0.011,-0.011,-0.025,10.6,2.1,359.3
31.63,LeftHandAnchor,-0.143,-0.159,0.334,359.3,0.4,1.0
31.63,RightHandAnchor,0.053,-0.160,0.334,17.5,334.9,359.8
31.63,Head,0.011,-0.011,-0.025,10.6,2.1,359.3
31.68,LeftHandAnchor,-0.143,-0.159,0.334,359.2,0.5,1.0
31.68,RightHandAnchor,0.045,-0.166,0.323,25.2,334.8,346.6
31.68,Head,0.011,-0.011,-0.025,10.6,2.1,359.3
31.74,LeftHandAnchor,-0.143,-0.160,0.334,359.2,0.6,1.0
31.74,RightHandAnchor,0.041,-0.177,0.321,28.9,330.6,340.2
31.74,Head,0.012,-0.011,-0.025,10.6,2.2,359.3
31.79,LeftHandAnchor,-0.143,-0.160,0.335,359.2,0.6,1.0
31.79,RightHandAnchor,0.037,-0.189,0.324,29.5,328.0,338.3
31.79,Head,0.012,-0.011,-0.025,10.6,2.2,359.2
31.85,LeftHandAnchor,-0.143,-0.160,0.334,359.2,0.6,0.9
31.85,RightHandAnchor,0.027,-0.202,0.312,30.5,324.4,338.0
31.85,Head,0.012,-0.011,-0.025,10.6,2.2,359.2
31.91,LeftHandAnchor,-0.142,-0.160,0.334,359.2,0.6,0.8
31.91,RightHandAnchor,0.019,-0.213,0.304,32.2,323.8,336.3
31.91,Head,0.012,-0.011,-0.025,10.6,2.1,359.2
31.96,LeftHandAnchor,-0.142,-0.160,0.334,359.2,0.6,0.9
31.96,RightHandAnchor,0.016,-0.228,0.295,34.0,319.8,331.1
31.96,Head,0.012,-0.011,-0.024,10.6,2.1,359.2
32.02,LeftHandAnchor,-0.142,-0.161,0.334,359.2,0.6,0.9
32.02,RightHandAnchor,0.010,-0.246,0.293,37.0,313.9,330.0
32.02,Head,0.012,-0.011,-0.024,10.7,2.2,359.1
32.07,LeftHandAnchor,-0.142,-0.161,0.334,359.3,0.6,0.8
32.07,RightHandAnchor,0.006,-0.271,0.293,39.0,307.8,321.7
32.07,Head,0.012,-0.011,-0.024,10.7,2.2,359.2
32.13,LeftHandAnchor,-0.142,-0.161,0.335,359.4,0.6,0.9
32.13,RightHandAnchor,0.001,-0.288,0.283,40.1,301.4,318.7
32.13,Head,0.012,-0.011,-0.025,10.7,2.1,359.2
32.18,LeftHandAnchor,-0.142,-0.162,0.335,359.5,0.5,0.8
32.18,RightHandAnchor,-0.007,-0.304,0.275,41.5,298.1,314.4
32.18,Head,0.012,-0.011,-0.025,10.7,2.1,359.2
32.24,LeftHandAnchor,-0.142,-0.162,0.335,359.6,0.3,0.9
32.24,RightHandAnchor,-0.012,-0.319,0.266,42.1,295.7,312.3
32.24,Head,0.012,-0.011,-0.025,10.6,2.1,359.3
32.29,LeftHandAnchor,-0.142,-0.162,0.336,359.6,0.4,0.9
32.29,RightHandAnchor,-0.022,-0.343,0.256,43.7,293.0,303.0
32.29,Head,0.012,-0.011,-0.025,10.6,2.1,359.2
32.35,LeftHandAnchor,-0.141,-0.162,0.336,359.6,0.4,0.9
32.35,RightHandAnchor,-0.031,-0.366,0.248,43.7,292.4,298.3
32.35,Head,0.012,-0.011,-0.026,10.6,2.1,359.2
32.41,LeftHandAnchor,-0.141,-0.162,0.336,359.5,0.4,0.9
32.41,RightHandAnchor,-0.033,-0.376,0.236,39.6,286.4,293.8
32.41,Head,0.012,-0.011,-0.026,10.6,2.1,359.1
32.46,LeftHandAnchor,-0.141,-0.162,0.336,359.6,0.4,0.9
32.46,RightHandAnchor,-0.024,-0.388,0.220,26.9,281.1,285.5
32.46,Head,0.013,-0.012,-0.026,10.7,2.2,359.1
32.52,LeftHandAnchor,-0.141,-0.162,0.335,359.6,0.4,1.0
32.52,RightHandAnchor,-0.025,-0.404,0.206,23.9,281.4,283.5
32.52,Head,0.013,-0.012,-0.025,10.8,2.2,359.1
32.57,LeftHandAnchor,-0.141,-0.162,0.335,359.5,0.5,1.0
32.57,RightHandAnchor,-0.028,-0.412,0.191,22.8,286.0,287.0
32.57,Head,0.013,-0.012,-0.025,11.0,2.2,359.0
32.63,LeftHandAnchor,-0.141,-0.162,0.335,359.5,0.5,1.0
32.63,RightHandAnchor,-0.031,-0.428,0.187,21.7,285.7,284.8
32.63,Head,0.013,-0.012,-0.025,11.0,2.2,359.1
32.68,LeftHandAnchor,-0.140,-0.162,0.335,359.5,0.5,1.0
32.68,RightHandAnchor,-0.031,-0.429,0.181,21.0,286.5,280.8
32.68,Head,0.013,-0.013,-0.025,11.2,2.2,359.1
32.74,LeftHandAnchor,-0.140,-0.162,0.335,359.5,0.5,1.1
32.74,RightHandAnchor,-0.031,-0.427,0.170,19.4,289.1,279.2
32.74,Head,0.013,-0.013,-0.025,11.4,2.4,359.0
32.79,LeftHandAnchor,-0.139,-0.162,0.335,359.5,0.5,0.9
32.79,RightHandAnchor,-0.031,-0.426,0.162,16.6,287.0,289.1
32.79,Head,0.013,-0.013,-0.024,11.3,2.4,359.0
32.85,LeftHandAnchor,-0.139,-0.162,0.335,359.4,0.6,1.0
32.85,RightHandAnchor,-0.032,-0.428,0.159,10.7,283.7,300.3
32.85,Head,0.014,-0.013,-0.025,11.3,2.4,358.9
32.91,LeftHandAnchor,-0.138,-0.161,0.335,359.4,0.7,1.1
32.91,RightHandAnchor,-0.034,-0.433,0.143,9.8,277.8,309.5
32.91,Head,0.014,-0.013,-0.025,11.3,2.3,359.0
32.96,LeftHandAnchor,-0.138,-0.161,0.334,359.4,0.7,1.1
32.96,RightHandAnchor,-0.034,-0.431,0.141,8.2,278.7,309.9
32.96,Head,0.014,-0.013,-0.025,11.1,2.5,359.0
33.02,LeftHandAnchor,-0.137,-0.161,0.334,359.4,0.8,1.1
33.02,RightHandAnchor,-0.033,-0.430,0.141,4.7,276.4,310.7
33.02,Head,0.014,-0.013,-0.025,11.2,2.6,358.9
33.07,LeftHandAnchor,-0.137,-0.161,0.334,359.4,0.9,1.1
33.07,RightHandAnchor,-0.028,-0.427,0.138,1.2,275.2,310.6
33.07,Head,0.014,-0.013,-0.026,11.1,2.6,358.9
33.13,LeftHandAnchor,-0.136,-0.162,0.335,359.4,1.0,1.0
33.13,RightHandAnchor,-0.022,-0.415,0.132,0.6,275.0,311.5
33.13,Head,0.014,-0.012,-0.026,11.0,2.5,358.8
33.18,LeftHandAnchor,-0.135,-0.162,0.335,359.5,1.1,0.2
33.18,RightHandAnchor,-0.020,-0.413,0.132,1.5,273.9,311.6
33.18,Head,0.014,-0.012,-0.025,10.9,2.6,358.9
33.24,LeftHandAnchor,-0.135,-0.162,0.335,359.5,1.2,0.2
33.24,RightHandAnchor,-0.018,-0.413,0.137,2.0,272.4,309.8
33.24,Head,0.014,-0.012,-0.025,10.9,2.6,358.9
33.29,LeftHandAnchor,-0.135,-0.161,0.335,359.5,1.5,0.1
33.29,RightHandAnchor,-0.016,-0.415,0.139,2.5,271.9,308.9
33.29,Head,0.015,-0.010,-0.025,10.2,2.6,358.3
33.35,LeftHandAnchor,-0.135,-0.161,0.335,359.5,1.6,0.2
33.35,RightHandAnchor,-0.015,-0.418,0.140,2.3,271.6,308.2
33.35,Head,0.016,-0.008,-0.026,8.9,3.0,358.0
33.41,LeftHandAnchor,-0.135,-0.160,0.335,359.5,1.6,0.1
33.41,RightHandAnchor,-0.015,-0.420,0.140,2.1,271.8,306.9
33.41,Head,0.017,-0.004,-0.027,6.7,3.3,357.5
33.46,LeftHandAnchor,-0.135,-0.161,0.335,359.7,1.6,0.1
33.46,RightHandAnchor,-0.015,-0.420,0.140,4.1,271.9,305.8
33.46,Head,0.018,0.002,-0.030,2.8,3.6,356.8
33.52,LeftHandAnchor,-0.135,-0.163,0.334,0.2,1.6,0.5
33.52,RightHandAnchor,-0.015,-0.417,0.138,5.3,272.1,306.3
33.52,Head,0.019,0.010,-0.034,357.6,3.8,356.2
33.57,LeftHandAnchor,-0.137,-0.170,0.334,0.1,1.8,0.8
33.57,RightHandAnchor,-0.015,-0.416,0.137,6.1,272.6,306.2
33.57,Head,0.020,0.018,-0.040,351.6,4.0,355.6
33.63,LeftHandAnchor,-0.140,-0.177,0.334,0.1,1.9,1.1
33.63,RightHandAnchor,-0.023,-0.412,0.135,11.7,274.7,305.3
33.63,Head,0.021,0.026,-0.047,345.5,4.2,354.8
33.68,LeftHandAnchor,-0.140,-0.181,0.333,0.3,1.9,2.0
33.68,RightHandAnchor,-0.023,-0.410,0.137,12.0,274.1,305.3
33.68,Head,0.022,0.032,-0.056,339.4,4.6,353.7
33.74,LeftHandAnchor,-0.141,-0.185,0.334,0.6,1.7,2.2
33.74,RightHandAnchor,-0.023,-0.410,0.137,11.9,273.5,305.4
33.74,Head,0.024,0.038,-0.066,332.7,5.6,352.2
33.79,LeftHandAnchor,-0.140,-0.188,0.333,0.6,1.7,2.1
33.79,RightHandAnchor,-0.023,-0.410,0.137,10.7,272.2,305.8
33.79,Head,0.025,0.043,-0.077,326.5,7.1,350.3
33.85,LeftHandAnchor,-0.140,-0.191,0.332,0.5,1.7,2.2
33.85,RightHandAnchor,-0.022,-0.407,0.136,10.4,270.5,305.2
33.85,Head,0.027,0.046,-0.086,320.8,8.7,348.7
33.91,LeftHandAnchor,-0.141,-0.194,0.331,0.5,1.8,2.2
33.91,RightHandAnchor,-0.019,-0.400,0.133,10.5,270.5,305.1
33.91,Head,0.029,0.048,-0.094,316.9,10.4,347.1
33.96,LeftHandAnchor,-0.141,-0.204,0.331,358.6,1.5,3.5
33.96,RightHandAnchor,-0.022,-0.392,0.128,12.6,273.0,305.7
33.96,Head,0.030,0.049,-0.100,313.6,12.3,345.3
34.02,LeftHandAnchor,-0.143,-0.207,0.330,358.0,1.8,4.9
34.02,RightHandAnchor,-0.024,-0.384,0.123,15.1,275.9,307.0
34.02,Head,0.032,0.049,-0.105,311.2,14.3,343.4
34.07,LeftHandAnchor,-0.144,-0.208,0.330,358.5,2.2,6.4
34.07,RightHandAnchor,-0.023,-0.379,0.120,14.8,277.3,307.5
34.07,Head,0.034,0.049,-0.107,309.7,16.4,341.4
34.13,LeftHandAnchor,-0.154,-0.210,0.319,0.4,3.4,7.9
34.13,RightHandAnchor,-0.021,-0.378,0.117,15.8,279.6,307.3
34.13,Head,0.035,0.049,-0.107,309.2,17.7,340.4
34.18,LeftHandAnchor,-0.167,-0.209,0.314,11.4,4.0,8.7
34.18,RightHandAnchor,-0.018,-0.376,0.113,17.6,281.7,307.1
34.18,Head,0.036,0.048,-0.105,308.9,18.7,339.8
34.24,LeftHandAnchor,-0.191,-0.205,0.284,16.6,3.3,5.5
34.24,RightHandAnchor,-0.016,-0.373,0.108,19.2,283.7,307.1
34.24,Head,0.037,0.048,-0.101,309.2,19.2,339.8
34.30,LeftHandAnchor,-0.209,-0.165,0.227,13.7,12.6,12.6
34.30,RightHandAnchor,0.000,0.000,0.000,0.0,0.0,0.0
34.30,Head,0.038,0.048,-0.098,309.9,19.5,339.9
34.35,LeftHandAnchor,-0.197,-0.096,0.101,357.4,16.4,14.8
34.35,RightHandAnchor,0.000,0.000,0.000,0.0,0.0,0.0
34.35,Head,0.038,0.048,-0.093,310.8,19.3,340.7
34.41,LeftHandAnchor,-0.202,-0.095,0.031,335.8,17.8,15.8
34.41,RightHandAnchor,0.000,0.000,0.000,0.0,0.0,0.0
34.41,Head,0.037,0.047,-0.089,311.7,18.9,341.5
34.46,LeftHandAnchor,-0.207,-0.101,0.012,329.7,3.0,23.7
34.46,RightHandAnchor,0.000,0.000,0.000,0.0,0.0,0.0
34.46,Head,0.036,0.047,-0.086,312.7,18.1,342.6
34.52,LeftHandAnchor,-0.210,-0.086,-0.032,335.7,345.8,29.9
34.52,RightHandAnchor,0.000,0.000,0.000,0.0,0.0,0.0
34.52,Head,0.033,0.047,-0.082,313.8,16.8,344.5
34.57,LeftHandAnchor,-0.213,-0.073,-0.079,337.1,335.2,34.4
34.57,RightHandAnchor,0.000,0.000,0.000,0.0,0.0,0.0
34.57,Head,0.030,0.047,-0.079,314.7,15.5,346.7
34.63,LeftHandAnchor,0.000,0.000,0.000,0.0,0.0,0.0
34.63,RightHandAnchor,0.000,0.000,0.000,0.0,0.0,0.0
34.63,Head,0.027,0.047,-0.077,315.1,14.3,349.0
34.68,LeftHandAnchor,0.000,0.000,0.000,0.0,0.0,0.0
34.68,RightHandAnchor,0.000,0.000,0.000,0.0,0.0,0.0
34.68,Head,0.024,0.047,-0.074,315.2,13.3,350.6
34.74,LeftHandAnchor,0.000,0.000,0.000,0.0,0.0,0.0
34.74,RightHandAnchor,0.000,0.000,0.000,0.0,0.0,0.0
34.74,Head,0.020,0.047,-0.072,315.8,11.4,352.5
34.79,LeftHandAnchor,0.000,0.000,0.000,0.0,0.0,0.0
34.79,RightHandAnchor,0.000,0.000,0.000,0.0,0.0,0.0
34.79,Head,0.016,0.046,-0.069,316.6,8.6,354.7
34.85,LeftHandAnchor,0.000,0.000,0.000,0.0,0.0,0.0
34.85,RightHandAnchor,0.000,0.000,0.000,0.0,0.0,0.0
34.85,Head,0.014,0.046,-0.066,317.7,6.7,355.9
34.91,LeftHandAnchor,0.000,0.000,0.000,0.0,0.0,0.0
34.91,RightHandAnchor,0.000,0.000,0.000,0.0,0.0,0.0
34.91,Head,0.012,0.045,-0.063,318.7,5.4,356.5
34.96,LeftHandAnchor,0.000,0.000,0.000,0.0,0.0,0.0
34.96,RightHandAnchor,0.000,0.000,0.000,0.0,0.0,0.0
34.96,Head,0.012,0.045,-0.060,319.5,4.5,357.3
35.02,LeftHandAnchor,0.000,0.000,0.000,0.0,0.0,0.0
35.02,RightHandAnchor,0.000,0.000,0.000,0.0,0.0,0.0
35.02,Head,0.008,0.045,-0.057,320.9,2.6,358.4
35.07,LeftHandAnchor,0.000,0.000,0.000,0.0,0.0,0.0
35.07,RightHandAnchor,0.000,0.000,0.000,0.0,0.0,0.0
35.07,Head,0.006,0.048,-0.054,320.8,0.2,0.3
35.13,LeftHandAnchor,0.000,0.000,0.000,0.0,0.0,0.0
35.13,RightHandAnchor,0.000,0.000,0.000,0.0,0.0,0.0
35.13,Head,0.003,0.050,-0.051,320.8,358.2,1.9
35.18,LeftHandAnchor,0.000,0.000,0.000,0.0,0.0,0.0
35.18,RightHandAnchor,0.000,0.000,0.000,0.0,0.0,0.0
35.18,Head,0.002,0.052,-0.049,321.3,357.4,1.8
35.24,LeftHandAnchor,0.000,0.000,0.000,0.0,0.0,0.0
35.24,RightHandAnchor,0.000,0.000,0.000,0.0,0.0,0.0
35.24,Head,-0.001,0.057,-0.047,321.2,356.5,2.0
35.30,LeftHandAnchor,0.000,0.000,0.000,0.0,0.0,0.0
35.30,RightHandAnchor,0.000,0.000,0.000,0.0,0.0,0.0
35.30,Head,-0.004,0.068,-0.047,319.0,354.5,4.6
35.35,LeftHandAnchor,0.000,0.000,0.000,0.0,0.0,0.0
35.35,RightHandAnchor,0.000,0.000,0.000,0.0,0.0,0.0
35.35,Head,-0.009,0.079,-0.048,316.1,351.0,8.5
35.41,LeftHandAnchor,0.000,0.000,0.000,0.0,0.0,0.0
35.41,RightHandAnchor,0.000,0.000,0.000,0.0,0.0,0.0
35.41,Head,-0.011,0.082,-0.052,314.1,348.6,11.0
35.46,LeftHandAnchor,0.000,0.000,0.000,0.0,0.0,0.0
35.46,RightHandAnchor,0.000,0.000,0.000,0.0,0.0,0.0
35.46,Head,-0.012,0.082,-0.055,312.1,345.9,13.7
35.52,LeftHandAnchor,0.000,0.000,0.000,0.0,0.0,0.0
35.52,RightHandAnchor,0.000,0.000,0.000,0.0,0.0,0.0
35.52,Head,-0.007,0.079,-0.045,316.2,350.6,7.8
35.57,LeftHandAnchor,0.000,0.000,0.000,0.0,0.0,0.0
35.57,RightHandAnchor,0.000,0.000,0.000,0.0,0.0,0.0
35.57,Head,-0.007,0.079,-0.045,316.2,350.6,7.8
35.62,LeftHandAnchor,0.000,0.000,0.000,0.0,0.0,0.0
35.62,RightHandAnchor,0.000,0.000,0.000,0.0,0.0,0.0
35.62,Head,-0.007,0.079,-0.045,316.2,350.6,7.8
35.67,LeftHandAnchor,0.000,0.000,0.000,0.0,0.0,0.0
35.67,RightHandAnchor,0.000,0.000,0.000,0.0,0.0,0.0
35.67,Head,-0.007,0.079,-0.045,316.2,350.6,7.8
35.72,LeftHandAnchor,0.000,0.000,0.000,0.0,0.0,0.0
35.72,RightHandAnchor,0.000,0.000,0.000,0.0,0.0,0.0
35.72,Head,-0.007,0.079,-0.045,316.2,350.6,7.8
35.77,LeftHandAnchor,0.000,0.000,0.000,0.0,0.0,0.0
35.77,RightHandAnchor,0.000,0.000,0.000,0.0,0.0,0.0
35.77,Head,-0.007,0.079,-0.045,316.2,350.6,7.8
35.82,LeftHandAnchor,0.000,0.000,0.000,0.0,0.0,0.0
35.82,RightHandAnchor,0.000,0.000,0.000,0.0,0.0,0.0
35.82,Head,-0.007,0.079,-0.045,316.2,350.6,7.8
35.87,LeftHandAnchor,0.000,0.000,0.000,0.0,0.0,0.0
35.87,RightHandAnchor,0.000,0.000,0.000,0.0,0.0,0.0
35.87,Head,-0.007,0.079,-0.045,316.2,350.6,7.8
35.92,LeftHandAnchor,0.000,0.000,0.000,0.0,0.0,0.0
35.92,RightHandAnchor,0.000,0.000,0.000,0.0,0.0,0.0
35.92,Head,-0.007,0.079,-0.045,316.2,350.6,7.8
35.98,LeftHandAnchor,0.000,0.000,0.000,0.0,0.0,0.0
35.98,RightHandAnchor,0.000,0.000,0.000,0.0,0.0,0.0
35.98,Head,-0.007,0.079,-0.045,316.2,350.6,7.8
36.03,LeftHandAnchor,0.000,0.000,0.000,0.0,0.0,0.0
36.03,RightHandAnchor,0.000,0.000,0.000,0.0,0.0,0.0
36.03,Head,-0.007,0.079,-0.045,316.2,350.6,7.8
36.08,LeftHandAnchor,0.000,0.000,0.000,0.0,0.0,0.0
36.08,RightHandAnchor,0.000,0.000,0.000,0.0,0.0,0.0
36.08,Head,-0.007,0.079,-0.045,316.2,350.6,7.8
36.13,LeftHandAnchor,0.000,0.000,0.000,0.0,0.0,0.0
36.13,RightHandAnchor,0.000,0.000,0.000,0.0,0.0,0.0
36.13,Head,-0.007,0.079,-0.045,316.2,350.6,7.8
36.18,LeftHandAnchor,0.000,0.000,0.000,0.0,0.0,0.0
36.18,RightHandAnchor,0.000,0.000,0.000,0.0,0.0,0.0
36.18,Head,-0.007,0.079,-0.045,316.2,350.6,7.8
36.23,LeftHandAnchor,0.000,0.000,0.000,0.0,0.0,0.0
36.23,RightHandAnchor,0.000,0.000,0.000,0.0,0.0,0.0
36.23,Head,-0.007,0.079,-0.045,316.2,350.6,7.8
36.28,LeftHandAnchor,0.000,0.000,0.000,0.0,0.0,0.0
36.28,RightHandAnchor,0.000,0.000,0.000,0.0,0.0,0.0
36.28,Head,-0.007,0.079,-0.045,316.2,350.6,7.8
36.33,LeftHandAnchor,0.000,0.000,0.000,0.0,0.0,0.0
36.33,RightHandAnchor,0.000,0.000,0.000,0.0,0.0,0.0
36.33,Head,-0.007,0.079,-0.045,316.2,350.6,7.8
36.38,LeftHandAnchor,0.000,0.000,0.000,0.0,0.0,0.0
36.38,RightHandAnchor,0.000,0.000,0.000,0.0,0.0,0.0
36.38,Head,-0.007,0.079,-0.045,316.2,350.6,7.8
36.43,LeftHandAnchor,0.000,0.000,0.000,0.0,0.0,0.0
36.43,RightHandAnchor,0.000,0.000,0.000,0.0,0.0,0.0
36.43,Head,-0.007,0.079,-0.045,316.2,350.6,7.8
36.48,LeftHandAnchor,0.000,0.000,0.000,0.0,0.0,0.0
36.48,RightHandAnchor,0.000,0.000,0.000,0.0,0.0,0.0
36.48,Head,-0.007,0.079,-0.045,316.2,350.6,7.8
36.53,LeftHandAnchor,0.000,0.000,0.000,0.0,0.0,0.0
36.53,RightHandAnchor,0.000,0.000,0.000,0.0,0.0,0.0
36.53,Head,-0.007,0.079,-0.045,316.2,350.6,7.8
36.58,LeftHandAnchor,0.000,0.000,0.000,0.0,0.0,0.0
36.58,RightHandAnchor,0.000,0.000,0.000,0.0,0.0,0.0
36.58,Head,-0.007,0.079,-0.045,316.2,350.6,7.8
36.63,LeftHandAnchor,0.000,0.000,0.000,0.0,0.0,0.0
36.63,RightHandAnchor,0.000,0.000,0.000,0.0,0.0,0.0
36.63,Head,-0.007,0.079,-0.045,316.2,350.6,7.8
36.68,LeftHandAnchor,0.000,0.000,0.000,0.0,0.0,0.0
36.68,RightHandAnchor,0.000,0.000,0.000,0.0,0.0,0.0
36.68,Head,-0.007,0.079,-0.045,316.2,350.6,7.8
36.74,LeftHandAnchor,0.000,0.000,0.000,0.0,0.0,0.0
36.74,RightHandAnchor,0.000,0.000,0.000,0.0,0.0,0.0
36.74,Head,-0.007,0.079,-0.045,316.2,350.6,7.8
36.79,LeftHandAnchor,0.000,0.000,0.000,0.0,0.0,0.0
36.79,RightHandAnchor,0.000,0.000,0.000,0.0,0.0,0.0
36.79,Head,-0.007,0.079,-0.045,316.2,350.6,7.8
36.84,LeftHandAnchor,0.000,0.000,0.000,0.0,0.0,0.0
36.84,RightHandAnchor,0.000,0.000,0.000,0.0,0.0,0.0
36.84,Head,-0.007,0.079,-0.045,316.2,350.6,7.8
36.89,LeftHandAnchor,0.000,0.000,0.000,0.0,0.0,0.0
36.89,RightHandAnchor,0.000,0.000,0.000,0.0,0.0,0.0
36.89,Head,-0.007,0.079,-0.045,316.2,350.6,7.8
36.94,LeftHandAnchor,0.000,0.000,0.000,0.0,0.0,0.0
36.94,RightHandAnchor,0.000,0.000,0.000,0.0,0.0,0.0
36.94,Head,-0.007,0.079,-0.045,316.2,350.6,7.8
36.99,LeftHandAnchor,0.000,0.000,0.000,0.0,0.0,0.0
36.99,RightHandAnchor,0.000,0.000,0.000,0.0,0.0,0.0
36.99,Head,-0.007,0.079,-0.045,316.2,350.6,7.8
37.04,LeftHandAnchor,0.000,0.000,0.000,0.0,0.0,0.0
37.04,RightHandAnchor,0.000,0.000,0.000,0.0,0.0,0.0
37.04,Head,-0.007,0.079,-0.045,316.2,350.6,7.8
37.09,LeftHandAnchor,0.000,0.000,0.000,0.0,0.0,0.0
37.09,RightHandAnchor,0.000,0.000,0.000,0.0,0.0,0.0
37.09,Head,-0.007,0.079,-0.045,316.2,350.6,7.8
37.14,LeftHandAnchor,0.000,0.000,0.000,0.0,0.0,0.0
37.14,RightHandAnchor,0.000,0.000,0.000,0.0,0.0,0.0
37.14,Head,-0.007,0.079,-0.045,316.2,350.6,7.8
37.19,LeftHandAnchor,0.000,0.000,0.000,0.0,0.0,0.0
37.19,RightHandAnchor,0.000,0.000,0.000,0.0,0.0,0.0
37.19,Head,-0.007,0.079,-0.045,316.2,350.6,7.8
37.24,LeftHandAnchor,0.000,0.000,0.000,0.0,0.0,0.0
37.24,RightHandAnchor,0.000,0.000,0.000,0.0,0.0,0.0
37.24,Head,-0.007,0.079,-0.045,316.2,350.6,7.8
37.29,LeftHandAnchor,0.000,0.000,0.000,0.0,0.0,0.0
37.29,RightHandAnchor,0.000,0.000,0.000,0.0,0.0,0.0
37.29,Head,-0.007,0.079,-0.045,316.2,350.6,7.8
37.34,LeftHandAnchor,0.000,0.000,0.000,0.0,0.0,0.0
37.34,RightHandAnchor,0.000,0.000,0.000,0.0,0.0,0.0
37.34,Head,-0.007,0.079,-0.045,316.2,350.6,7.8
37.40,LeftHandAnchor,0.000,0.000,0.000,0.0,0.0,0.0
37.40,RightHandAnchor,0.000,0.000,0.000,0.0,0.0,0.0
37.40,Head,-0.007,0.079,-0.045,316.2,350.6,7.8
37.45,LeftHandAnchor,0.000,0.000,0.000,0.0,0.0,0.0
37.45,RightHandAnchor,0.000,0.000,0.000,0.0,0.0,0.0
37.45,Head,-0.007,0.079,-0.045,316.2,350.6,7.8
37.53,LeftHandAnchor,0.000,0.000,0.000,0.0,0.0,0.0
37.53,RightHandAnchor,0.000,0.000,0.000,0.0,0.0,0.0
37.53,Head,0.000,0.000,0.000,0.0,0.0,0.0
