t,object,x,y,z,pitch,yaw,roll
0.09,LeftHandAnchor,0.000,0.000,0.000,0.0,0.0,0.0
0.09,RightHandAnchor,0.000,0.000,0.000,0.0,0.0,0.0
0.09,Head,0.000,0.000,0.000,0.0,0.0,0.0
0.15,LeftHandAnchor,0.000,0.000,0.000,0.0,0.0,0.0
0.15,RightHandAnchor,0.000,0.000,0.000,0.0,0.0,0.0
0.15,Head,0.000,0.000,0.000,0.0,0.0,0.0
0.20,LeftHandAnchor,0.000,0.000,0.000,0.0,0.0,0.0
0.20,RightHandAnchor,0.000,0.000,0.000,0.0,0.0,0.0
0.20,Head,0.000,0.000,0.000,0.0,0.0,0.0
0.26,LeftHandAnchor,0.000,0.000,0.000,0.0,0.0,0.0
0.26,RightHandAnchor,0.000,0.000,0.000,0.0,0.0,0.0
0.26,Head,0.000,0.000,0.000,0.0,0.0,0.0
0.31,LeftHandAnchor,0.000,0.000,0.000,0.0,0.0,0.0
0.31,RightHandAnchor,0.000,0.000,0.000,0.0,0.0,0.0
0.31,Head,0.000,0.000,0.000,0.0,0.0,0.0
0.37,LeftHandAnchor,0.000,0.000,0.000,0.0,0.0,0.0
0.37,RightHandAnchor,0.000,0.000,0.000,0.0,0.0,0.0
0.37,Head,0.000,0.000,0.000,0.0,0.0,0.0
0.42,LeftHandAnchor,0.000,0.000,0.000,0.0,0.0,0.0
0.42,RightHandAnchor,0.000,0.000,0.000,0.0,0.0,0.0
0.42,Head,0.000,0.000,0.000,0.0,0.0,0.0
0.48,LeftHandAnchor,0.000,0.000,0.000,0.0,0.0,0.0
0.48,RightHandAnchor,0.000,0.000,0.000,0.0,0.0,0.0
0.48,Head,0.000,0.000,0.000,0.0,0.0,0.0
0.54,LeftHandAnchor,0.000,0.000,0.000,0.0,0.0,0.0
0.54,RightHandAnchor,0.000,0.000,0.000,0.0,0.0,0.0
0.54,Head,0.000,0.000,0.000,0.0,0.0,0.0
0.59,LeftHandAnchor,0.000,0.000,0.000,0.0,0.0,0.0
0.59,RightHandAnchor,0.000,0.000,0.000,0.0,0.0,0.0
0.59,Head,0.000,0.000,0.000,0.0,0.0,0.0
0.65,LeftHandAnchor,0.000,0.000,0.000,0.0,0.0,0.0
0.65,RightHandAnchor,0.000,0.000,0.000,0.0,0.0,0.0
0.65,Head,0.000,0.000,0.000,0.0,0.0,0.0
0.70,LeftHandAnchor,0.000,0.000,0.000,0.0,0.0,0.0
0.70,RightHandAnchor,0.000,0.000,0.000,0.0,0.0,0.0
0.70,Head,0.000,0.000,0.000,0.0,0.0,0.0
0.76,LeftHandAnchor,0.000,0.000,0.000,0.0,0.0,0.0
0.76,RightHandAnchor,0.000,0.000,0.000,0.0,0.0,0.0
0.76,Head,0.000,0.000,0.000,0.0,0.0,0.0
0.81,LeftHandAnchor,0.000,0.000,0.000,0.0,0.0,0.0
0.81,RightHandAnchor,0.000,0.000,0.000,0.0,0.0,0.0
0.81,Head,0.000,0.000,0.000,0.0,0.0,0.0
0.87,LeftHandAnchor,-0.096,-0.265,0.321,323.0,3.1,8.1
0.87,RightHandAnchor,0.173,-0.269,0.294,319.2,3.2,343.8
0.87,Head,0.018,-0.014,0.063,10.1,5.5,1.9
0.93,LeftHandAnchor,-0.096,-0.265,0.321,323.5,2.7,8.4
0.93,RightHandAnchor,0.173,-0.269,0.294,320.1,3.3,343.8
0.93,Head,0.017,-0.014,0.063,10.1,5.5,1.9
0.99,LeftHandAnchor,-0.096,-0.265,0.320,324.4,2.6,8.8
0.99,RightHandAnchor,0.172,-0.269,0.294,321.0,3.1,344.3
0.99,Head,0.017,-0.014,0.063,10.2,5.4,1.9
1.04,LeftHandAnchor,-0.096,-0.265,0.319,324.5,2.6,8.9
1.04,RightHandAnchor,0.172,-0.269,0.294,322.3,3.0,345.5
1.04,Head,0.017,-0.014,0.063,10.2,5.4,1.9
1.10,LeftHandAnchor,-0.096,-0.264,0.319,324.5,2.6,8.8
1.10,RightHandAnchor,0.172,-0.269,0.294,324.8,3.3,345.3
1.10,Head,0.016,-0.014,0.063,10.3,5.4,1.9
1.16,LeftHandAnchor,-0.096,-0.264,0.319,324.9,2.5,8.8
1.16,RightHandAnchor,0.172,-0.269,0.294,326.4,2.8,345.7
1.16,Head,0.016,-0.014,0.063,10.1,5.4,2.0
1.21,LeftHandAnchor,-0.096,-0.264,0.319,324.9,2.6,8.7
1.21,RightHandAnchor,0.171,-0.268,0.293,328.7,3.0,346.2
1.21,Head,0.016,-0.014,0.063,10.1,5.5,1.9
1.27,LeftHandAnchor,-0.096,-0.264,0.319,325.0,2.5,9.1
1.27,RightHandAnchor,0.170,-0.268,0.294,329.9,3.5,346.6
1.27,Head,0.017,-0.014,0.063,10.2,5.6,1.9
1.32,LeftHandAnchor,-0.096,-0.264,0.319,325.1,2.4,9.1
1.32,RightHandAnchor,0.170,-0.267,0.294,330.0,3.6,346.8
1.32,Head,0.017,-0.014,0.062,10.1,5.6,1.8
1.38,LeftHandAnchor,-0.096,-0.264,0.319,325.3,2.4,8.6
1.38,RightHandAnchor,0.170,-0.267,0.294,330.0,3.7,346.8
1.38,Head,0.017,-0.014,0.062,10.1,5.6,1.8
1.43,LeftHandAnchor,-0.096,-0.264,0.318,325.5,2.3,8.6
1.43,RightHandAnchor,0.169,-0.267,0.294,328.8,4.8,345.9
1.43,Head,0.017,-0.014,0.061,10.1,5.6,1.8
1.49,LeftHandAnchor,-0.095,-0.264,0.318,325.6,2.3,8.7
1.49,RightHandAnchor,0.168,-0.269,0.295,321.9,7.7,343.8
1.49,Head,0.017,-0.014,0.061,9.9,5.7,1.8
1.55,LeftHandAnchor,-0.095,-0.264,0.318,325.6,2.3,8.1
1.55,RightHandAnchor,0.167,-0.275,0.300,312.7,12.2,341.1
1.55,Head,0.017,-0.013,0.060,9.7,5.6,1.9
1.60,LeftHandAnchor,-0.095,-0.264,0.318,325.8,2.6,7.4
1.60,RightHandAnchor,0.168,-0.278,0.308,306.1,16.7,335.9
1.60,Head,0.017,-0.013,0.059,9.5,5.7,1.5
1.66,LeftHandAnchor,-0.095,-0.265,0.319,325.7,2.6,7.4
1.66,RightHandAnchor,0.171,-0.269,0.313,302.1,18.3,334.2
1.66,Head,0.016,-0.012,0.058,9.2,5.9,1.7
1.71,LeftHandAnchor,-0.095,-0.265,0.319,325.7,2.7,7.2
1.71,RightHandAnchor,0.173,-0.256,0.318,286.2,21.9,332.8
1.71,Head,0.016,-0.012,0.057,9.1,6.1,1.7
1.77,LeftHandAnchor,-0.095,-0.265,0.319,325.8,2.8,7.1
1.77,RightHandAnchor,0.173,-0.243,0.321,272.4,54.5,298.6
1.77,Head,0.015,-0.012,0.057,9.1,6.1,1.7
1.82,LeftHandAnchor,-0.094,-0.265,0.319,325.9,3.0,7.0
1.82,RightHandAnchor,0.175,-0.221,0.316,281.4,196.5,157.1
1.82,Head,0.015,-0.012,0.056,9.3,6.1,1.7
1.88,LeftHandAnchor,-0.094,-0.266,0.319,326.0,3.4,6.6
1.88,RightHandAnchor,0.176,-0.200,0.312,291.8,199.5,156.5
1.88,Head,0.015,-0.013,0.056,9.7,6.1,1.7
1.93,LeftHandAnchor,-0.093,-0.266,0.319,326.4,4.1,6.4
1.93,RightHandAnchor,0.177,-0.185,0.305,292.8,198.6,157.5
1.93,Head,0.014,-0.013,0.055,9.7,6.1,1.7
1.99,LeftHandAnchor,-0.093,-0.266,0.319,326.6,4.5,5.9
1.99,RightHandAnchor,0.180,-0.171,0.301,295.0,197.9,160.4
1.99,Head,0.014,-0.013,0.054,9.7,6.1,1.9
2.04,LeftHandAnchor,-0.093,-0.266,0.319,326.5,4.9,5.5
2.04,RightHandAnchor,0.182,-0.152,0.296,300.2,198.5,159.1
2.04,Head,0.014,-0.013,0.054,9.7,6.1,1.9
2.10,LeftHandAnchor,-0.093,-0.267,0.319,326.5,4.9,5.6
2.10,RightHandAnchor,0.181,-0.141,0.292,304.2,199.5,156.8
2.10,Head,0.013,-0.013,0.054,9.9,6.2,2.0
2.16,LeftHandAnchor,-0.093,-0.267,0.319,326.6,5.0,5.5
2.16,RightHandAnchor,0.180,-0.136,0.289,304.5,198.9,157.1
2.16,Head,0.013,-0.014,0.053,10.4,6.3,2.0
2.21,LeftHandAnchor,-0.093,-0.267,0.319,326.7,5.0,5.4
2.21,RightHandAnchor,0.180,-0.129,0.284,304.3,198.9,157.1
2.21,Head,0.013,-0.015,0.053,10.7,6.4,1.9
2.27,LeftHandAnchor,-0.092,-0.267,0.319,326.8,5.0,5.3
2.27,RightHandAnchor,0.180,-0.123,0.282,304.3,198.9,157.0
2.27,Head,0.014,-0.015,0.053,10.8,6.6,2.0
2.32,LeftHandAnchor,-0.092,-0.267,0.319,326.9,5.1,5.5
2.32,RightHandAnchor,0.181,-0.122,0.282,303.8,197.7,156.8
2.32,Head,0.014,-0.015,0.053,10.8,6.7,2.0
2.38,LeftHandAnchor,-0.092,-0.267,0.319,326.9,5.0,5.4
2.38,RightHandAnchor,0.180,-0.122,0.282,303.9,196.3,157.6
2.38,Head,0.013,-0.015,0.052,10.7,6.7,2.0
2.43,LeftHandAnchor,-0.092,-0.266,0.319,326.9,5.0,5.6
2.43,RightHandAnchor,0.180,-0.128,0.283,302.7,195.7,158.1
2.43,Head,0.013,-0.015,0.052,10.7,6.6,2.0
2.49,LeftHandAnchor,-0.092,-0.266,0.318,327.0,5.0,5.6
2.49,RightHandAnchor,0.180,-0.134,0.286,302.5,195.1,158.4
2.49,Head,0.013,-0.015,0.052,10.7,6.5,2.1
2.55,LeftHandAnchor,-0.092,-0.266,0.318,326.9,5.0,5.8
2.55,RightHandAnchor,0.182,-0.138,0.289,302.5,195.1,158.4
2.55,Head,0.013,-0.014,0.052,10.6,6.5,2.0
2.60,LeftHandAnchor,-0.092,-0.267,0.319,326.9,5.0,5.9
2.60,RightHandAnchor,0.182,-0.136,0.289,305.4,196.1,155.0
2.60,Head,0.013,-0.014,0.052,10.5,6.5,2.1
2.66,LeftHandAnchor,-0.092,-0.267,0.319,326.8,4.9,6.1
2.66,RightHandAnchor,0.182,-0.129,0.289,306.8,195.9,154.6
2.66,Head,0.013,-0.014,0.052,10.5,6.5,2.2
2.71,LeftHandAnchor,-0.092,-0.266,0.319,326.9,4.9,6.0
2.71,RightHandAnchor,0.182,-0.113,0.284,309.3,196.8,153.8
2.71,Head,0.013,-0.014,0.052,10.4,6.4,2.1
2.77,LeftHandAnchor,-0.093,-0.267,0.319,326.8,4.8,6.0
2.77,RightHandAnchor,0.180,-0.103,0.280,311.8,196.9,157.0
2.77,Head,0.013,-0.014,0.052,10.4,6.5,2.1
2.82,LeftHandAnchor,-0.093,-0.267,0.319,326.8,4.8,5.9
2.82,RightHandAnchor,0.177,-0.095,0.277,312.7,196.2,157.7
2.82,Head,0.013,-0.013,0.051,10.1,6.5,2.1
2.88,LeftHandAnchor,-0.093,-0.267,0.319,326.8,4.9,5.8
2.88,RightHandAnchor,0.175,-0.086,0.273,313.8,196.2,157.7
2.88,Head,0.014,-0.013,0.051,9.9,6.6,2.1
2.93,LeftHandAnchor,-0.092,-0.267,0.319,326.8,4.9,5.8
2.93,RightHandAnchor,0.176,-0.075,0.275,316.1,196.7,156.3
2.93,Head,0.015,-0.012,0.051,9.7,6.9,2.2
2.99,LeftHandAnchor,-0.092,-0.266,0.319,326.9,4.9,5.8
2.99,RightHandAnchor,0.176,-0.062,0.278,317.2,196.7,156.5
2.99,Head,0.015,-0.012,0.050,9.7,7.2,2.0
3.05,LeftHandAnchor,-0.092,-0.266,0.319,327.0,4.8,5.9
3.05,RightHandAnchor,0.177,-0.046,0.287,318.6,195.5,160.0
3.05,Head,0.016,-0.012,0.050,9.7,7.5,2.0
3.10,LeftHandAnchor,-0.092,-0.267,0.319,327.0,4.8,5.9
3.10,RightHandAnchor,0.179,-0.029,0.292,319.1,195.3,161.0
3.10,Head,0.017,-0.012,0.050,9.7,8.1,2.0
3.16,LeftHandAnchor,-0.092,-0.267,0.319,327.0,4.8,6.0
3.16,RightHandAnchor,0.180,-0.018,0.291,318.6,194.4,161.5
3.16,Head,0.017,-0.012,0.050,9.6,8.6,2.0
3.21,LeftHandAnchor,-0.092,-0.267,0.319,327.0,4.8,5.9
3.21,RightHandAnchor,0.182,-0.008,0.290,310.5,190.4,165.1
3.21,Head,0.018,-0.012,0.049,9.6,8.7,2.1
3.27,LeftHandAnchor,-0.092,-0.267,0.319,327.1,4.8,5.8
3.27,RightHandAnchor,0.184,-0.002,0.288,305.8,187.5,169.5
3.27,Head,0.017,-0.012,0.049,9.5,8.6,2.1
3.32,LeftHandAnchor,-0.092,-0.267,0.319,327.1,4.9,5.8
3.32,RightHandAnchor,0.188,0.007,0.285,302.5,185.2,172.9
3.32,Head,0.017,-0.012,0.049,9.5,8.5,2.2
3.38,LeftHandAnchor,-0.092,-0.267,0.319,327.2,4.9,5.8
3.38,RightHandAnchor,0.190,0.018,0.282,302.7,186.2,172.1
3.38,Head,0.017,-0.012,0.049,9.5,8.4,2.3
3.43,LeftHandAnchor,-0.091,-0.267,0.319,327.1,5.0,5.8
3.43,RightHandAnchor,0.190,0.025,0.280,302.9,186.4,173.8
3.43,Head,0.017,-0.012,0.049,9.6,8.4,2.3
3.49,LeftHandAnchor,-0.091,-0.267,0.319,327.2,4.9,5.9
3.49,RightHandAnchor,0.192,0.030,0.279,302.8,186.1,173.9
3.49,Head,0.016,-0.012,0.049,9.4,8.4,2.4
3.55,LeftHandAnchor,-0.091,-0.267,0.319,327.2,4.9,5.8
3.55,RightHandAnchor,0.192,0.027,0.277,302.1,186.2,171.9
3.55,Head,0.016,-0.012,0.048,9.3,8.3,2.5
3.60,LeftHandAnchor,-0.091,-0.267,0.319,327.3,4.9,5.8
3.60,RightHandAnchor,0.191,0.023,0.275,302.3,186.1,171.4
3.60,Head,0.015,-0.012,0.048,9.3,8.2,2.5
3.66,LeftHandAnchor,-0.091,-0.267,0.319,327.3,4.9,5.8
3.66,RightHandAnchor,0.192,0.016,0.278,302.4,186.2,171.3
3.66,Head,0.015,-0.011,0.047,9.2,8.1,2.5
3.71,LeftHandAnchor,-0.091,-0.267,0.319,327.1,5.0,5.6
3.71,RightHandAnchor,0.193,0.003,0.283,306.6,190.8,167.5
3.71,Head,0.015,-0.011,0.047,9.3,8.0,2.5
3.77,LeftHandAnchor,-0.091,-0.267,0.319,327.1,5.0,5.7
3.77,RightHandAnchor,0.195,-0.012,0.292,308.6,192.2,167.5
3.77,Head,0.015,-0.011,0.047,9.2,8.0,2.5
3.82,LeftHandAnchor,-0.091,-0.267,0.319,327.1,5.0,5.7
3.82,RightHandAnchor,0.194,-0.026,0.296,311.0,193.5,166.5
3.82,Head,0.015,-0.011,0.047,9.1,7.9,2.5
3.88,LeftHandAnchor,-0.092,-0.267,0.319,327.1,5.0,5.7
3.88,RightHandAnchor,0.194,-0.035,0.297,312.3,194.8,163.9
3.88,Head,0.015,-0.011,0.047,9.1,7.8,2.4
3.93,LeftHandAnchor,-0.092,-0.267,0.319,327.1,5.0,5.7
3.93,RightHandAnchor,0.193,-0.037,0.298,313.3,195.4,162.4
3.93,Head,0.015,-0.012,0.048,9.2,7.7,2.3
3.99,LeftHandAnchor,-0.092,-0.267,0.319,327.0,5.0,5.7
3.99,RightHandAnchor,0.192,-0.037,0.298,313.3,195.8,161.4
3.99,Head,0.015,-0.012,0.048,9.2,7.7,2.2
4.05,LeftHandAnchor,-0.091,-0.267,0.319,327.0,5.0,5.8
4.05,RightHandAnchor,0.190,-0.036,0.298,314.8,197.0,159.1
4.05,Head,0.015,-0.012,0.048,9.3,7.6,2.2
4.10,LeftHandAnchor,-0.091,-0.267,0.318,327.0,4.9,5.9
4.10,RightHandAnchor,0.186,-0.031,0.299,313.8,196.7,159.7
4.10,Head,0.015,-0.012,0.049,9.3,7.5,2.2
4.16,LeftHandAnchor,-0.091,-0.267,0.318,326.9,4.9,5.9
4.16,RightHandAnchor,0.184,-0.020,0.298,312.6,196.7,160.0
4.16,Head,0.015,-0.012,0.049,9.4,7.4,2.2
4.21,LeftHandAnchor,-0.092,-0.267,0.319,327.0,4.9,5.8
4.21,RightHandAnchor,0.185,-0.008,0.296,312.0,196.4,159.4
4.21,Head,0.015,-0.012,0.049,9.5,7.4,2.1
4.27,LeftHandAnchor,-0.091,-0.267,0.318,327.0,4.9,5.7
4.27,RightHandAnchor,0.184,0.009,0.294,309.4,192.8,163.6
4.27,Head,0.015,-0.012,0.049,9.6,7.5,2.1
4.32,LeftHandAnchor,-0.091,-0.267,0.318,327.1,4.8,5.8
4.32,RightHandAnchor,0.182,0.014,0.285,305.7,188.1,168.8
4.32,Head,0.015,-0.013,0.049,9.7,7.5,2.1
4.38,LeftHandAnchor,-0.092,-0.267,0.318,327.2,4.8,5.8
4.38,RightHandAnchor,0.178,0.017,0.277,301.8,183.8,173.1
4.38,Head,0.015,-0.012,0.049,9.7,7.5,2.1
4.43,LeftHandAnchor,-0.091,-0.267,0.318,327.2,4.8,5.8
4.43,RightHandAnchor,0.179,0.018,0.275,300.6,182.8,174.0
4.43,Head,0.015,-0.012,0.048,9.6,7.5,2.1
4.49,LeftHandAnchor,-0.091,-0.267,0.318,327.2,4.8,5.7
4.49,RightHandAnchor,0.179,0.018,0.273,301.4,184.1,172.1
4.49,Head,0.015,-0.012,0.048,9.5,7.4,2.1
4.55,LeftHandAnchor,-0.091,-0.267,0.318,327.1,4.8,5.6
4.55,RightHandAnchor,0.179,0.017,0.272,301.4,183.6,172.5
4.55,Head,0.015,-0.012,0.048,9.5,7.4,1.9
4.60,LeftHandAnchor,-0.091,-0.268,0.318,327.1,4.8,5.6
4.60,RightHandAnchor,0.179,0.017,0.271,301.5,183.8,172.3
4.60,Head,0.016,-0.012,0.048,9.6,7.4,1.9
4.66,LeftHandAnchor,-0.091,-0.268,0.318,327.1,4.8,5.5
4.66,RightHandAnchor,0.178,0.019,0.270,302.3,184.0,172.5
4.66,Head,0.016,-0.012,0.048,9.6,7.5,1.8
4.71,LeftHandAnchor,-0.091,-0.267,0.319,327.2,4.8,5.6
4.71,RightHandAnchor,0.175,0.024,0.268,299.9,181.0,177.8
4.71,Head,0.016,-0.012,0.048,9.7,7.5,1.7
4.77,LeftHandAnchor,-0.091,-0.267,0.319,327.2,4.9,5.5
4.77,RightHandAnchor,0.177,0.038,0.265,296.1,178.2,181.3
4.77,Head,0.016,-0.013,0.049,9.8,7.4,1.7
4.82,LeftHandAnchor,-0.091,-0.267,0.318,327.2,4.8,5.5
4.82,RightHandAnchor,0.176,0.046,0.260,293.6,176.7,183.9
4.82,Head,0.016,-0.013,0.049,9.8,7.4,1.7
4.88,LeftHandAnchor,-0.091,-0.267,0.318,327.2,4.8,5.6
4.88,RightHandAnchor,0.170,0.051,0.251,302.7,193.9,164.0
4.88,Head,0.016,-0.013,0.049,9.9,7.4,1.7
4.94,LeftHandAnchor,-0.091,-0.267,0.318,327.2,4.9,5.7
4.94,RightHandAnchor,0.176,0.069,0.255,294.5,185.3,190.2
4.94,Head,0.016,-0.013,0.049,10.0,7.3,1.7
4.99,LeftHandAnchor,-0.091,-0.267,0.318,327.2,4.9,5.7
4.99,RightHandAnchor,0.161,0.071,0.234,291.0,166.0,189.3
4.99,Head,0.016,-0.013,0.049,10.1,7.3,1.7
5.05,LeftHandAnchor,-0.091,-0.267,0.318,327.2,4.8,5.8
5.05,RightHandAnchor,0.169,0.083,0.248,292.1,162.7,194.1
5.05,Head,0.016,-0.013,0.049,10.2,7.1,1.6
5.10,LeftHandAnchor,-0.091,-0.267,0.318,327.2,4.8,5.7
5.10,RightHandAnchor,0.173,0.089,0.253,293.4,157.2,198.7
5.10,Head,0.016,-0.013,0.049,10.3,7.0,1.6
5.16,LeftHandAnchor,-0.091,-0.267,0.318,327.3,4.8,5.6
5.16,RightHandAnchor,0.000,0.000,0.000,0.0,0.0,0.0
5.16,Head,0.016,-0.013,0.048,10.3,7.2,1.7
5.21,LeftHandAnchor,-0.091,-0.267,0.318,327.4,4.8,5.4
5.21,RightHandAnchor,0.000,0.000,0.000,0.0,0.0,0.0
5.21,Head,0.016,-0.013,0.047,10.2,7.5,1.6
5.27,LeftHandAnchor,-0.091,-0.267,0.318,327.4,4.9,5.4
5.27,RightHandAnchor,0.000,0.000,0.000,0.0,0.0,0.0
5.27,Head,0.016,-0.013,0.046,10.2,7.8,1.6
5.32,LeftHandAnchor,-0.091,-0.267,0.318,327.1,5.2,5.4
5.32,RightHandAnchor,0.000,0.000,0.000,0.0,0.0,0.0
5.32,Head,0.016,-0.013,0.045,10.0,8.2,1.6
5.38,LeftHandAnchor,-0.091,-0.268,0.318,327.1,5.2,5.3
5.38,RightHandAnchor,0.175,0.063,0.241,291.5,162.0,203.1
5.38,Head,0.016,-0.013,0.044,9.8,8.4,1.6
5.43,LeftHandAnchor,-0.091,-0.268,0.319,327.3,5.1,5.5
5.43,RightHandAnchor,0.167,0.033,0.244,294.7,161.6,206.2
5.43,Head,0.015,-0.012,0.043,9.6,8.5,1.7
5.49,LeftHandAnchor,-0.090,-0.268,0.319,327.4,5.1,5.4
5.49,RightHandAnchor,0.185,0.005,0.273,295.0,175.9,177.0
5.49,Head,0.015,-0.012,0.043,9.2,8.7,1.8
5.55,LeftHandAnchor,-0.090,-0.268,0.319,327.3,5.1,5.4
5.55,RightHandAnchor,0.196,-0.023,0.285,307.5,192.6,160.3
5.55,Head,0.014,-0.011,0.042,9.0,8.7,1.9
5.60,LeftHandAnchor,-0.090,-0.268,0.319,327.5,5.0,5.3
5.60,RightHandAnchor,0.193,-0.062,0.278,310.1,195.4,155.5
5.60,Head,0.013,-0.011,0.042,9.0,8.5,2.2
5.66,LeftHandAnchor,-0.090,-0.267,0.319,327.7,5.0,5.3
5.66,RightHandAnchor,0.191,-0.100,0.275,298.3,194.8,151.3
5.66,Head,0.012,-0.011,0.042,8.9,8.3,2.3
5.71,LeftHandAnchor,-0.090,-0.268,0.319,327.7,4.9,5.4
5.71,RightHandAnchor,0.188,-0.142,0.271,282.9,189.7,158.4
5.71,Head,0.011,-0.011,0.041,9.2,8.1,2.2
5.77,LeftHandAnchor,-0.090,-0.268,0.319,327.7,4.9,5.5
5.77,RightHandAnchor,0.181,-0.184,0.259,277.6,26.0,323.2
5.77,Head,0.011,-0.011,0.041,9.0,7.9,2.4
5.82,LeftHandAnchor,-0.089,-0.267,0.319,327.8,4.9,5.4
5.82,RightHandAnchor,0.183,-0.212,0.267,300.0,3.7,345.6
5.82,Head,0.011,-0.011,0.040,8.8,7.9,2.4
5.88,LeftHandAnchor,-0.089,-0.268,0.319,327.8,4.9,5.4
5.88,RightHandAnchor,0.186,-0.240,0.284,317.0,1.3,347.9
5.88,Head,0.011,-0.010,0.040,8.5,7.9,2.3
5.94,LeftHandAnchor,-0.089,-0.268,0.319,327.8,5.0,5.3
5.94,RightHandAnchor,0.187,-0.257,0.297,330.3,0.7,355.2
5.94,Head,0.011,-0.010,0.040,8.5,7.8,2.3
5.99,LeftHandAnchor,-0.089,-0.268,0.319,327.8,5.1,5.2
5.99,RightHandAnchor,0.184,-0.261,0.296,335.2,1.1,354.8
5.99,Head,0.012,-0.010,0.041,8.6,7.8,2.1
6.05,LeftHandAnchor,-0.089,-0.268,0.319,327.8,5.3,5.0
6.05,RightHandAnchor,0.183,-0.262,0.296,341.6,3.1,353.0
6.05,Head,0.012,-0.011,0.041,8.8,8.1,2.0
6.10,LeftHandAnchor,-0.089,-0.268,0.318,327.8,5.4,4.8
6.10,RightHandAnchor,0.182,-0.261,0.297,343.6,4.0,352.9
6.10,Head,0.012,-0.011,0.041,8.9,8.3,1.9
6.16,LeftHandAnchor,-0.089,-0.268,0.318,327.7,5.5,4.9
6.16,RightHandAnchor,0.185,-0.264,0.301,344.0,4.3,352.9
6.16,Head,0.013,-0.011,0.042,8.8,8.1,1.9
6.21,LeftHandAnchor,-0.089,-0.268,0.318,327.7,5.7,4.7
6.21,RightHandAnchor,0.189,-0.269,0.306,343.5,4.3,352.8
6.21,Head,0.013,-0.011,0.042,8.8,8.0,1.8
6.27,LeftHandAnchor,-0.089,-0.268,0.318,327.7,5.8,4.7
6.27,RightHandAnchor,0.189,-0.268,0.305,343.3,4.6,352.8
6.27,Head,0.013,-0.011,0.042,8.8,7.9,1.8
6.32,LeftHandAnchor,-0.089,-0.269,0.318,327.7,6.0,4.6
6.32,RightHandAnchor,0.189,-0.265,0.304,343.4,4.9,352.8
6.32,Head,0.013,-0.011,0.042,8.8,8.0,1.8
6.38,LeftHandAnchor,-0.089,-0.269,0.318,327.5,6.3,4.6
6.38,RightHandAnchor,0.189,-0.263,0.304,343.8,5.7,353.6
6.38,Head,0.014,-0.011,0.043,8.9,8.0,1.7
6.44,LeftHandAnchor,-0.089,-0.269,0.317,327.4,6.4,4.6
6.44,RightHandAnchor,0.189,-0.259,0.304,344.1,6.1,353.2
6.44,Head,0.014,-0.011,0.043,9.1,8.0,1.6
6.49,LeftHandAnchor,-0.089,-0.269,0.317,327.5,6.4,4.6
6.49,RightHandAnchor,0.188,-0.256,0.304,342.9,6.6,352.2
6.49,Head,0.014,-0.012,0.043,9.2,8.2,1.4
6.55,LeftHandAnchor,-0.089,-0.269,0.318,327.6,6.4,4.6
6.55,RightHandAnchor,0.183,-0.249,0.305,336.5,10.8,345.8
6.55,Head,0.014,-0.012,0.043,9.4,8.4,1.3
6.60,LeftHandAnchor,-0.089,-0.269,0.318,327.6,6.4,4.6
6.60,RightHandAnchor,0.176,-0.245,0.303,317.2,12.2,346.1
6.60,Head,0.014,-0.012,0.043,9.6,8.5,1.2
6.66,LeftHandAnchor,-0.089,-0.269,0.318,327.6,6.4,4.7
6.66,RightHandAnchor,0.177,-0.241,0.309,302.8,11.5,347.7
6.66,Head,0.014,-0.012,0.043,9.6,8.4,1.2
6.71,LeftHandAnchor,-0.089,-0.269,0.318,327.6,6.3,4.7
6.71,RightHandAnchor,0.181,-0.219,0.319,291.2,8.6,348.5
6.71,Head,0.014,-0.013,0.043,9.8,8.3,1.1
6.77,LeftHandAnchor,-0.089,-0.269,0.318,327.5,6.5,4.2
6.77,RightHandAnchor,0.181,-0.184,0.322,283.9,15.5,344.2
6.77,Head,0.014,-0.013,0.043,10.1,8.4,1.1
6.82,LeftHandAnchor,-0.089,-0.269,0.318,327.5,6.6,4.2
6.82,RightHandAnchor,0.180,-0.150,0.323,274.5,20.7,339.4
6.82,Head,0.014,-0.014,0.043,10.3,8.4,1.1
6.88,LeftHandAnchor,-0.089,-0.270,0.318,327.3,6.6,4.3
6.88,RightHandAnchor,0.181,-0.122,0.324,274.9,194.1,166.4
6.88,Head,0.013,-0.014,0.043,10.5,8.4,1.1
6.94,LeftHandAnchor,-0.089,-0.269,0.318,327.3,6.7,4.2
6.94,RightHandAnchor,0.179,-0.093,0.319,287.1,198.6,156.3
6.94,Head,0.013,-0.014,0.044,10.6,8.4,1.1
6.99,LeftHandAnchor,-0.089,-0.269,0.317,327.4,6.7,4.3
6.99,RightHandAnchor,0.177,-0.069,0.314,296.0,200.2,158.3
6.99,Head,0.013,-0.014,0.044,10.8,8.3,1.1
7.05,LeftHandAnchor,-0.089,-0.269,0.318,327.5,6.6,4.7
7.05,RightHandAnchor,0.173,-0.046,0.302,302.9,198.2,159.9
7.05,Head,0.013,-0.014,0.044,10.9,8.4,1.1
7.10,LeftHandAnchor,-0.089,-0.269,0.318,327.6,6.5,4.8
7.10,RightHandAnchor,0.170,-0.031,0.290,306.4,195.3,160.2
7.10,Head,0.013,-0.015,0.045,11.0,8.3,1.1
7.16,LeftHandAnchor,-0.089,-0.268,0.318,327.7,6.4,4.9
7.16,RightHandAnchor,0.167,-0.023,0.283,310.5,193.0,160.6
7.16,Head,0.013,-0.015,0.045,11.2,8.3,1.0
7.21,LeftHandAnchor,-0.089,-0.268,0.318,327.7,6.4,4.9
7.21,RightHandAnchor,0.169,-0.015,0.281,308.3,190.0,162.9
7.21,Head,0.013,-0.016,0.045,11.4,8.5,0.9
7.27,LeftHandAnchor,-0.089,-0.268,0.318,327.6,6.5,5.0
7.27,RightHandAnchor,0.172,-0.003,0.282,308.6,188.2,166.1
7.27,Head,0.013,-0.016,0.045,11.6,8.6,0.7
7.32,LeftHandAnchor,-0.089,-0.269,0.318,327.6,6.5,5.0
7.32,RightHandAnchor,0.169,0.008,0.275,306.3,183.8,170.9
7.32,Head,0.014,-0.016,0.045,11.7,8.7,0.6
7.38,LeftHandAnchor,-0.089,-0.269,0.318,327.5,6.5,5.0
7.38,RightHandAnchor,0.168,0.016,0.270,304.1,181.3,173.1
7.38,Head,0.014,-0.016,0.045,11.7,8.8,0.5
7.43,LeftHandAnchor,-0.089,-0.268,0.318,327.5,6.5,5.1
7.43,RightHandAnchor,0.169,0.023,0.262,294.6,172.7,180.8
7.43,Head,0.015,-0.016,0.045,11.8,9.0,0.3
7.49,LeftHandAnchor,-0.089,-0.269,0.318,327.5,6.4,5.0
7.49,RightHandAnchor,0.168,0.029,0.260,292.3,167.1,187.9
7.49,Head,0.015,-0.016,0.045,11.8,9.2,0.3
7.55,LeftHandAnchor,-0.089,-0.269,0.318,327.5,6.4,5.1
7.55,RightHandAnchor,0.163,0.033,0.253,294.5,180.8,173.1
7.55,Head,0.015,-0.016,0.044,11.8,9.2,0.3
7.60,LeftHandAnchor,-0.089,-0.269,0.318,327.6,6.5,4.9
7.60,RightHandAnchor,0.161,0.034,0.248,289.7,166.0,186.2
7.60,Head,0.015,-0.016,0.044,11.8,9.3,0.4
7.66,LeftHandAnchor,-0.089,-0.269,0.318,327.6,6.5,4.8
7.66,RightHandAnchor,0.161,0.037,0.250,293.3,158.0,202.1
7.66,Head,0.015,-0.016,0.044,11.7,9.3,0.4
7.71,LeftHandAnchor,-0.089,-0.269,0.318,327.6,6.6,4.8
7.71,RightHandAnchor,0.163,0.044,0.245,288.0,162.8,189.3
7.71,Head,0.016,-0.015,0.044,11.6,9.3,0.5
7.77,LeftHandAnchor,-0.089,-0.269,0.318,327.6,6.6,4.8
7.77,RightHandAnchor,0.162,0.044,0.245,288.5,163.5,189.9
7.77,Head,0.015,-0.015,0.043,11.5,9.2,0.5
7.82,LeftHandAnchor,-0.089,-0.268,0.318,327.7,6.6,4.7
7.82,RightHandAnchor,0.164,0.038,0.249,290.3,167.0,191.0
7.82,Head,0.015,-0.015,0.043,11.2,9.3,0.6
7.88,LeftHandAnchor,-0.089,-0.268,0.317,327.8,6.6,4.7
7.88,RightHandAnchor,0.168,0.034,0.260,293.6,174.9,185.1
7.88,Head,0.015,-0.014,0.043,10.9,9.3,0.6
7.94,LeftHandAnchor,-0.089,-0.268,0.317,327.9,6.6,4.8
7.94,RightHandAnchor,0.173,0.031,0.272,300.1,182.6,176.4
7.94,Head,0.015,-0.014,0.042,10.8,9.2,0.7
7.99,LeftHandAnchor,-0.088,-0.267,0.317,328.0,6.5,4.8
7.99,RightHandAnchor,0.175,0.022,0.273,300.4,185.4,172.9
7.99,Head,0.014,-0.014,0.042,10.7,9.1,0.8
8.05,LeftHandAnchor,-0.088,-0.267,0.316,328.2,6.5,4.8
8.05,RightHandAnchor,0.171,0.010,0.262,298.2,183.2,168.8
8.05,Head,0.014,-0.013,0.042,10.4,9.0,0.9
8.10,LeftHandAnchor,-0.088,-0.267,0.316,328.3,6.4,4.8
8.10,RightHandAnchor,0.171,0.006,0.267,300.3,185.2,166.1
8.10,Head,0.013,-0.013,0.042,10.3,8.9,0.9
8.16,LeftHandAnchor,-0.088,-0.267,0.317,328.3,6.4,4.9
8.16,RightHandAnchor,0.172,0.001,0.277,305.5,188.8,167.2
8.16,Head,0.013,-0.013,0.042,10.2,9.0,1.0
8.21,LeftHandAnchor,-0.088,-0.267,0.317,328.4,6.3,5.0
8.21,RightHandAnchor,0.173,-0.006,0.280,306.7,189.5,167.1
8.21,Head,0.013,-0.012,0.041,10.0,8.9,1.2
8.27,LeftHandAnchor,-0.088,-0.267,0.317,328.3,6.3,5.0
8.27,RightHandAnchor,0.177,-0.012,0.286,309.8,192.3,164.0
8.27,Head,0.012,-0.012,0.041,9.7,8.7,1.2
8.32,LeftHandAnchor,-0.088,-0.267,0.316,328.3,6.3,5.2
8.32,RightHandAnchor,0.182,-0.025,0.292,313.9,195.4,158.7
8.32,Head,0.012,-0.012,0.041,9.6,8.7,1.2
8.38,LeftHandAnchor,-0.088,-0.267,0.316,328.2,6.3,5.1
8.38,RightHandAnchor,0.184,-0.040,0.295,313.2,196.1,156.0
8.38,Head,0.011,-0.012,0.041,9.6,8.8,1.3
8.43,LeftHandAnchor,-0.088,-0.267,0.316,328.1,6.3,5.1
8.43,RightHandAnchor,0.192,-0.061,0.298,305.0,198.2,149.5
8.43,Head,0.011,-0.012,0.040,9.5,8.8,1.5
8.49,LeftHandAnchor,-0.088,-0.267,0.316,327.9,6.3,5.2
8.49,RightHandAnchor,0.192,-0.089,0.296,296.9,193.5,155.9
8.49,Head,0.010,-0.011,0.041,9.2,8.6,1.5
8.55,LeftHandAnchor,-0.088,-0.268,0.316,327.8,6.4,5.1
8.55,RightHandAnchor,0.190,-0.114,0.281,279.6,177.4,173.6
8.55,Head,0.009,-0.011,0.041,9.3,8.3,1.7
8.60,LeftHandAnchor,-0.088,-0.268,0.316,327.6,6.5,5.2
8.60,RightHandAnchor,0.182,-0.129,0.244,284.1,17.8,336.7
8.60,Head,0.009,-0.011,0.041,9.3,8.0,1.9
8.66,LeftHandAnchor,-0.088,-0.268,0.316,327.5,6.6,5.2
8.66,RightHandAnchor,0.183,-0.145,0.229,310.8,8.6,348.1
8.66,Head,0.009,-0.012,0.041,9.4,7.9,1.9
8.71,LeftHandAnchor,-0.088,-0.268,0.316,327.5,6.6,5.1
8.71,RightHandAnchor,0.188,-0.164,0.231,328.7,5.6,353.8
8.71,Head,0.009,-0.012,0.041,9.5,8.0,1.7
8.77,LeftHandAnchor,-0.089,-0.268,0.316,327.5,6.7,5.0
8.77,RightHandAnchor,0.193,-0.172,0.254,354.1,2.7,2.7
8.77,Head,0.009,-0.012,0.040,9.6,8.3,1.7
8.82,LeftHandAnchor,-0.089,-0.268,0.316,327.5,6.8,5.0
8.82,RightHandAnchor,0.187,-0.191,0.267,10.9,0.5,5.8
8.82,Head,0.009,-0.012,0.040,9.4,8.4,1.7
8.88,LeftHandAnchor,-0.089,-0.268,0.316,327.5,7.0,4.9
8.88,RightHandAnchor,0.184,-0.211,0.272,16.0,358.4,0.3
8.88,Head,0.009,-0.012,0.040,9.4,8.4,1.6
8.94,LeftHandAnchor,-0.089,-0.268,0.316,327.4,7.1,5.0
8.94,RightHandAnchor,0.181,-0.235,0.271,6.7,359.1,354.8
8.94,Head,0.009,-0.012,0.040,9.4,8.2,1.6
8.99,LeftHandAnchor,-0.089,-0.268,0.316,327.4,7.3,5.0
8.99,RightHandAnchor,0.178,-0.249,0.272,358.4,1.0,356.7
8.99,Head,0.009,-0.012,0.040,9.4,8.1,1.5
9.05,LeftHandAnchor,-0.089,-0.268,0.316,327.7,7.5,4.9
9.05,RightHandAnchor,0.176,-0.254,0.273,356.2,1.5,359.2
9.05,Head,0.009,-0.012,0.040,9.5,8.2,1.5
9.10,LeftHandAnchor,-0.089,-0.268,0.316,328.6,7.6,4.3
9.10,RightHandAnchor,0.176,-0.256,0.276,355.2,1.9,359.2
9.10,Head,0.009,-0.012,0.040,9.4,8.3,1.5
9.16,LeftHandAnchor,-0.089,-0.268,0.317,328.6,7.7,4.1
9.16,RightHandAnchor,0.176,-0.260,0.280,353.2,2.9,359.3
9.16,Head,0.009,-0.012,0.040,9.3,8.2,1.6
9.21,LeftHandAnchor,-0.089,-0.268,0.317,328.4,7.7,4.0
9.21,RightHandAnchor,0.176,-0.262,0.282,351.8,3.6,359.4
9.21,Head,0.009,-0.012,0.040,9.5,8.1,1.6
9.27,LeftHandAnchor,-0.089,-0.268,0.317,328.2,7.9,4.0
9.27,RightHandAnchor,0.177,-0.262,0.284,351.7,3.9,0.0
9.27,Head,0.009,-0.012,0.040,9.6,8.0,1.6
9.32,LeftHandAnchor,-0.089,-0.268,0.317,328.3,7.9,4.0
9.32,RightHandAnchor,0.178,-0.262,0.285,351.8,3.9,360.0
9.32,Head,0.009,-0.012,0.040,9.6,8.1,1.6
9.38,LeftHandAnchor,-0.089,-0.268,0.317,328.4,7.9,4.1
9.38,RightHandAnchor,0.178,-0.260,0.285,351.8,4.0,359.6
9.38,Head,0.009,-0.012,0.040,9.5,8.2,1.6
9.44,LeftHandAnchor,-0.089,-0.268,0.317,328.4,7.9,4.0
9.44,RightHandAnchor,0.179,-0.257,0.286,351.6,4.0,359.9
9.44,Head,0.009,-0.012,0.040,9.4,8.1,1.6
9.49,LeftHandAnchor,-0.089,-0.268,0.317,328.4,7.9,4.0
9.49,RightHandAnchor,0.179,-0.252,0.290,339.3,3.3,358.4
9.49,Head,0.009,-0.012,0.040,9.5,8.2,1.5
9.55,LeftHandAnchor,-0.089,-0.268,0.317,328.6,7.9,4.0
9.55,RightHandAnchor,0.176,-0.244,0.296,324.7,5.4,351.1
9.55,Head,0.009,-0.012,0.040,9.5,8.3,1.5
9.60,LeftHandAnchor,-0.089,-0.268,0.317,329.0,8.1,3.2
9.60,RightHandAnchor,0.174,-0.230,0.310,305.6,7.9,346.1
9.60,Head,0.010,-0.012,0.039,9.5,8.4,1.4
9.66,LeftHandAnchor,-0.089,-0.269,0.317,328.6,8.1,3.7
9.66,RightHandAnchor,0.176,-0.211,0.322,283.2,12.6,338.1
9.66,Head,0.010,-0.012,0.039,9.4,8.4,1.4
9.71,LeftHandAnchor,-0.089,-0.269,0.317,328.7,8.2,3.8
9.71,RightHandAnchor,0.181,-0.180,0.333,272.0,227.1,126.7
9.71,Head,0.010,-0.012,0.039,9.5,8.4,1.4
9.77,LeftHandAnchor,-0.089,-0.269,0.317,328.7,8.2,3.8
9.77,RightHandAnchor,0.185,-0.142,0.331,284.6,202.3,149.9
9.77,Head,0.010,-0.012,0.040,9.7,8.3,1.2
9.82,LeftHandAnchor,-0.089,-0.269,0.317,328.7,8.3,3.7
9.82,RightHandAnchor,0.185,-0.102,0.327,294.0,198.2,154.1
9.82,Head,0.011,-0.012,0.040,9.7,8.4,1.1
9.88,LeftHandAnchor,-0.089,-0.269,0.317,328.8,8.3,3.8
9.88,RightHandAnchor,0.179,-0.070,0.315,296.9,197.2,157.7
9.88,Head,0.011,-0.013,0.040,9.9,8.5,1.1
9.94,LeftHandAnchor,-0.089,-0.269,0.317,328.9,8.3,3.8
9.94,RightHandAnchor,0.179,-0.042,0.305,300.5,197.5,158.1
9.94,Head,0.011,-0.013,0.040,9.9,8.5,1.1
9.99,LeftHandAnchor,-0.089,-0.269,0.318,329.0,8.3,3.5
9.99,RightHandAnchor,0.175,-0.019,0.295,304.9,196.3,158.1
9.99,Head,0.011,-0.013,0.040,9.9,8.6,1.1
10.05,LeftHandAnchor,-0.089,-0.269,0.318,328.9,8.4,3.6
10.05,RightHandAnchor,0.174,0.003,0.287,308.4,196.0,159.5
10.05,Head,0.011,-0.013,0.040,10.0,8.5,1.1
10.10,LeftHandAnchor,-0.089,-0.269,0.318,328.9,8.3,3.6
10.10,RightHandAnchor,0.175,0.012,0.280,303.3,192.7,164.5
10.10,Head,0.012,-0.013,0.040,10.0,8.5,1.1
10.16,LeftHandAnchor,-0.089,-0.270,0.318,328.9,8.4,3.6
10.16,RightHandAnchor,0.174,0.025,0.273,301.7,190.8,167.7
10.16,Head,0.012,-0.013,0.040,10.1,8.6,1.0
10.21,LeftHandAnchor,-0.089,-0.269,0.318,329.0,8.4,3.5
10.21,RightHandAnchor,0.173,0.036,0.267,301.3,188.8,167.5
10.21,Head,0.012,-0.013,0.040,10.2,8.7,1.0
10.27,LeftHandAnchor,-0.088,-0.270,0.318,329.0,8.4,3.6
10.27,RightHandAnchor,0.169,0.037,0.254,297.1,186.5,166.1
10.27,Head,0.013,-0.013,0.040,10.3,8.8,0.8
10.32,LeftHandAnchor,-0.088,-0.270,0.318,329.1,8.4,3.5
10.32,RightHandAnchor,0.168,0.041,0.244,290.7,180.8,173.8
10.32,Head,0.014,-0.014,0.039,10.5,8.9,0.6
10.38,LeftHandAnchor,-0.088,-0.269,0.318,329.2,8.4,3.5
10.38,RightHandAnchor,0.166,0.043,0.240,289.3,173.8,179.6
10.38,Head,0.014,-0.014,0.040,10.7,9.1,0.5
10.44,LeftHandAnchor,-0.088,-0.270,0.318,329.1,8.4,3.3
10.44,RightHandAnchor,0.164,0.044,0.239,288.5,167.9,185.8
10.44,Head,0.015,-0.014,0.040,10.7,9.1,0.4
10.49,LeftHandAnchor,-0.088,-0.270,0.318,328.7,8.5,3.6
10.49,RightHandAnchor,0.163,0.043,0.237,288.0,166.5,189.1
10.49,Head,0.015,-0.014,0.040,10.7,9.1,0.3
10.55,LeftHandAnchor,-0.088,-0.270,0.318,328.7,8.6,3.6
10.55,RightHandAnchor,0.161,0.044,0.234,286.7,163.2,191.7
10.55,Head,0.015,-0.014,0.040,10.7,9.1,0.3
10.60,LeftHandAnchor,-0.088,-0.270,0.318,328.8,8.6,3.5
10.60,RightHandAnchor,0.159,0.045,0.232,285.8,165.3,189.2
10.60,Head,0.014,-0.014,0.040,10.8,9.1,0.3
10.66,LeftHandAnchor,-0.088,-0.270,0.318,328.9,8.5,3.5
10.66,RightHandAnchor,0.181,0.098,0.300,308.6,175.5,181.0
10.66,Head,0.014,-0.014,0.041,10.8,8.9,0.4
10.71,LeftHandAnchor,-0.088,-0.270,0.318,329.1,8.5,3.4
10.71,RightHandAnchor,0.154,0.037,0.242,300.2,174.1,182.8
10.71,Head,0.014,-0.014,0.041,10.8,8.8,0.5
10.77,LeftHandAnchor,-0.088,-0.270,0.319,329.0,8.6,3.4
10.77,RightHandAnchor,0.162,0.039,0.247,300.0,173.0,179.7
10.77,Head,0.014,-0.014,0.041,10.8,8.9,0.6
10.82,LeftHandAnchor,-0.088,-0.270,0.318,329.0,8.5,3.4
10.82,RightHandAnchor,0.162,0.039,0.248,295.8,168.7,182.7
10.82,Head,0.013,-0.014,0.041,10.8,8.9,0.6
10.88,LeftHandAnchor,-0.088,-0.270,0.318,329.0,8.6,3.4
10.88,RightHandAnchor,0.162,0.038,0.249,293.6,170.5,184.1
10.88,Head,0.013,-0.014,0.041,10.8,8.9,0.6
10.93,LeftHandAnchor,-0.088,-0.270,0.318,329.0,8.5,3.4
10.93,RightHandAnchor,0.163,0.031,0.251,282.6,146.1,211.9
10.93,Head,0.013,-0.014,0.040,10.6,8.9,0.7
10.99,LeftHandAnchor,-0.088,-0.270,0.318,329.0,8.5,3.5
10.99,RightHandAnchor,0.168,0.015,0.261,288.7,170.1,185.7
10.99,Head,0.012,-0.014,0.040,10.5,8.8,0.7
11.05,LeftHandAnchor,-0.088,-0.270,0.317,329.1,8.5,3.6
11.05,RightHandAnchor,0.177,0.004,0.273,301.4,185.0,167.8
11.05,Head,0.012,-0.013,0.040,10.3,8.6,0.7
11.10,LeftHandAnchor,-0.088,-0.270,0.318,329.0,8.5,3.6
11.10,RightHandAnchor,0.179,-0.001,0.281,306.4,184.8,165.6
11.10,Head,0.012,-0.013,0.040,10.2,8.5,0.8
11.16,LeftHandAnchor,-0.088,-0.270,0.318,329.1,8.6,3.6
11.16,RightHandAnchor,0.179,-0.010,0.280,309.6,185.4,163.4
11.16,Head,0.012,-0.013,0.041,10.2,8.5,0.7
11.21,LeftHandAnchor,-0.088,-0.270,0.318,329.1,8.6,3.5
11.21,RightHandAnchor,0.182,-0.016,0.277,314.9,187.7,163.3
11.21,Head,0.012,-0.013,0.041,10.1,8.4,0.9
11.27,LeftHandAnchor,-0.089,-0.270,0.318,329.0,8.7,3.5
11.27,RightHandAnchor,0.188,-0.030,0.257,312.4,191.5,153.4
11.27,Head,0.012,-0.013,0.041,10.1,8.4,0.9
11.32,LeftHandAnchor,-0.088,-0.270,0.318,329.1,8.6,3.6
11.32,RightHandAnchor,0.196,-0.061,0.246,298.2,187.3,155.8
11.32,Head,0.011,-0.013,0.041,10.1,8.4,0.9
11.38,LeftHandAnchor,-0.088,-0.270,0.318,329.1,8.5,3.6
11.38,RightHandAnchor,0.194,-0.092,0.227,283.2,178.3,168.2
11.38,Head,0.011,-0.013,0.041,10.1,8.2,1.2
11.43,LeftHandAnchor,-0.088,-0.270,0.318,329.1,8.6,3.6
11.43,RightHandAnchor,0.204,-0.113,0.227,271.5,58.0,291.7
11.43,Head,0.011,-0.013,0.041,10.0,8.1,1.2
11.49,LeftHandAnchor,-0.088,-0.269,0.318,329.2,8.6,3.5
11.49,RightHandAnchor,0.200,-0.140,0.221,289.1,8.8,337.2
11.49,Head,0.012,-0.012,0.041,9.9,8.1,1.1
11.55,LeftHandAnchor,-0.088,-0.270,0.318,329.3,8.5,4.0
11.55,RightHandAnchor,0.198,-0.165,0.219,305.7,358.1,345.3
11.55,Head,0.012,-0.012,0.041,9.8,8.1,1.1
11.60,LeftHandAnchor,-0.088,-0.269,0.318,329.4,8.5,4.2
11.60,RightHandAnchor,0.198,-0.176,0.221,327.7,352.7,348.3
11.60,Head,0.013,-0.012,0.040,9.9,8.3,0.9
11.66,LeftHandAnchor,-0.088,-0.270,0.318,329.4,8.5,4.1
11.66,RightHandAnchor,0.196,-0.185,0.229,354.6,351.7,348.6
11.66,Head,0.013,-0.012,0.040,10.0,8.5,0.8
11.71,LeftHandAnchor,-0.088,-0.269,0.318,329.5,8.5,4.1
11.71,RightHandAnchor,0.192,-0.210,0.253,13.6,351.2,349.4
11.71,Head,0.013,-0.012,0.040,9.8,8.6,0.9
11.77,LeftHandAnchor,-0.088,-0.270,0.318,329.5,8.5,4.2
11.77,RightHandAnchor,0.186,-0.228,0.264,21.2,355.2,6.7
11.77,Head,0.013,-0.012,0.040,9.8,8.5,0.9
11.82,LeftHandAnchor,-0.088,-0.270,0.318,329.5,8.5,4.3
11.82,RightHandAnchor,0.187,-0.251,0.271,21.0,354.8,4.8
11.82,Head,0.012,-0.012,0.040,9.7,8.4,1.0
11.88,LeftHandAnchor,-0.088,-0.270,0.318,329.5,8.6,4.3
11.88,RightHandAnchor,0.183,-0.261,0.269,19.1,354.8,0.1
11.88,Head,0.012,-0.012,0.039,9.7,8.5,1.0
11.94,LeftHandAnchor,-0.088,-0.270,0.318,329.5,8.7,4.4
11.94,RightHandAnchor,0.180,-0.268,0.276,15.9,358.9,356.4
11.94,Head,0.012,-0.012,0.039,9.6,8.4,1.1
11.99,LeftHandAnchor,-0.088,-0.270,0.318,329.4,8.7,4.5
11.99,RightHandAnchor,0.185,-0.286,0.281,5.7,0.6,353.2
11.99,Head,0.011,-0.012,0.039,9.6,8.2,1.0
12.05,LeftHandAnchor,-0.088,-0.270,0.318,329.4,8.7,4.5
12.05,RightHandAnchor,0.188,-0.294,0.285,1.8,1.2,352.9
12.05,Head,0.011,-0.012,0.040,9.5,8.2,1.2
12.10,LeftHandAnchor,-0.088,-0.270,0.319,329.4,8.7,4.6
12.10,RightHandAnchor,0.189,-0.285,0.286,0.7,0.6,353.3
12.10,Head,0.011,-0.012,0.039,9.7,8.3,1.2
12.16,LeftHandAnchor,-0.088,-0.270,0.318,329.6,8.6,4.7
12.16,RightHandAnchor,0.193,-0.272,0.286,359.5,359.9,352.4
12.16,Head,0.010,-0.012,0.039,9.6,8.3,1.3
12.21,LeftHandAnchor,-0.088,-0.269,0.318,329.5,8.6,4.8
12.21,RightHandAnchor,0.198,-0.260,0.292,358.0,0.3,352.8
12.21,Head,0.010,-0.012,0.039,9.5,8.3,1.3
12.27,LeftHandAnchor,-0.088,-0.269,0.318,329.4,8.6,4.7
12.27,RightHandAnchor,0.201,-0.241,0.294,349.8,358.7,355.5
12.27,Head,0.010,-0.012,0.038,9.5,8.4,1.4
12.32,LeftHandAnchor,-0.088,-0.269,0.317,329.4,8.7,4.8
12.32,RightHandAnchor,0.200,-0.230,0.303,333.8,0.7,356.0
12.32,Head,0.010,-0.012,0.038,9.6,8.5,1.3
12.38,LeftHandAnchor,-0.088,-0.269,0.317,329.0,8.8,5.2
12.38,RightHandAnchor,0.192,-0.207,0.307,322.6,3.9,356.0
12.38,Head,0.010,-0.012,0.037,9.5,8.6,1.2
12.43,LeftHandAnchor,-0.088,-0.269,0.317,329.0,8.9,5.1
12.43,RightHandAnchor,0.192,-0.185,0.315,312.7,7.3,351.0
12.43,Head,0.009,-0.012,0.037,9.4,8.6,1.1
12.49,LeftHandAnchor,-0.088,-0.269,0.318,329.0,8.9,5.2
12.49,RightHandAnchor,0.197,-0.165,0.319,305.9,6.2,354.1
12.49,Head,0.009,-0.012,0.037,9.4,8.6,1.1
12.55,LeftHandAnchor,-0.088,-0.270,0.318,328.9,8.8,5.4
12.55,RightHandAnchor,0.199,-0.146,0.320,299.2,2.8,359.0
12.55,Head,0.009,-0.012,0.038,9.5,8.5,1.1
12.60,LeftHandAnchor,-0.088,-0.270,0.318,328.9,8.8,5.4
12.60,RightHandAnchor,0.194,-0.123,0.316,288.1,356.3,1.7
12.60,Head,0.009,-0.012,0.038,9.7,8.4,1.0
12.66,LeftHandAnchor,-0.088,-0.270,0.318,328.9,8.8,5.4
12.66,RightHandAnchor,0.193,-0.101,0.318,279.5,342.8,14.2
12.66,Head,0.009,-0.012,0.038,9.8,8.5,1.0
12.71,LeftHandAnchor,-0.088,-0.270,0.318,328.8,8.9,5.3
12.71,RightHandAnchor,0.193,-0.080,0.322,274.7,248.9,108.6
12.71,Head,0.009,-0.013,0.038,10.0,8.6,0.9
12.77,LeftHandAnchor,-0.089,-0.270,0.318,328.7,9.2,5.2
12.77,RightHandAnchor,0.191,-0.058,0.316,281.0,215.4,143.3
12.77,Head,0.010,-0.013,0.039,10.1,8.6,0.8
12.82,LeftHandAnchor,-0.089,-0.270,0.318,328.9,9.2,5.4
12.82,RightHandAnchor,0.186,-0.037,0.308,287.8,204.9,155.4
12.82,Head,0.010,-0.013,0.039,10.1,8.6,0.8
12.88,LeftHandAnchor,-0.089,-0.270,0.318,328.8,9.2,5.5
12.88,RightHandAnchor,0.180,-0.019,0.299,295.3,199.2,160.0
12.88,Head,0.009,-0.013,0.040,10.2,8.3,0.8
12.93,LeftHandAnchor,-0.089,-0.270,0.318,328.7,9.2,5.5
12.93,RightHandAnchor,0.173,-0.001,0.285,297.5,196.4,162.4
12.93,Head,0.009,-0.014,0.040,10.5,8.2,0.8
12.99,LeftHandAnchor,-0.089,-0.270,0.318,328.8,9.2,5.4
12.99,RightHandAnchor,0.172,0.008,0.278,296.4,193.9,166.6
12.99,Head,0.009,-0.014,0.040,10.6,8.3,0.8
13.05,LeftHandAnchor,-0.089,-0.270,0.318,328.7,9.3,5.0
13.05,RightHandAnchor,0.171,0.019,0.271,292.8,189.7,172.1
13.05,Head,0.009,-0.014,0.041,10.7,8.3,0.9
13.10,LeftHandAnchor,-0.089,-0.270,0.318,328.7,9.4,5.1
13.10,RightHandAnchor,0.166,0.028,0.265,294.8,186.8,172.6
13.10,Head,0.009,-0.014,0.041,10.7,8.3,0.9
13.16,LeftHandAnchor,-0.089,-0.270,0.318,328.8,9.3,5.0
13.16,RightHandAnchor,0.165,0.034,0.258,294.5,183.8,172.2
13.16,Head,0.009,-0.014,0.040,10.7,8.2,0.9
13.21,LeftHandAnchor,-0.089,-0.270,0.318,328.9,9.2,5.0
13.21,RightHandAnchor,0.165,0.037,0.246,289.8,182.0,172.1
13.21,Head,0.009,-0.014,0.040,10.7,8.3,0.8
13.27,LeftHandAnchor,-0.088,-0.270,0.318,328.9,9.2,4.9
13.27,RightHandAnchor,0.158,0.034,0.234,283.4,165.0,187.4
13.27,Head,0.009,-0.014,0.040,10.7,8.3,0.8
13.32,LeftHandAnchor,-0.088,-0.270,0.318,329.0,9.2,4.8
13.32,RightHandAnchor,0.153,0.038,0.227,281.9,167.6,184.1
13.32,Head,0.010,-0.014,0.040,10.6,8.3,0.8
13.38,LeftHandAnchor,-0.088,-0.270,0.318,329.1,9.2,4.8
13.38,RightHandAnchor,0.146,0.041,0.220,282.6,158.3,195.2
13.38,Head,0.010,-0.014,0.040,10.6,8.3,0.8
13.43,LeftHandAnchor,-0.088,-0.270,0.319,329.2,9.2,4.7
13.43,RightHandAnchor,0.162,0.037,0.230,286.3,176.4,179.4
13.43,Head,0.010,-0.014,0.040,10.6,8.3,0.7
13.49,LeftHandAnchor,-0.088,-0.271,0.319,329.2,9.2,4.6
13.49,RightHandAnchor,0.140,0.040,0.204,281.5,88.0,257.9
13.49,Head,0.010,-0.014,0.040,10.6,8.4,0.6
13.55,LeftHandAnchor,-0.088,-0.271,0.319,329.1,9.2,4.6
13.55,RightHandAnchor,0.158,0.073,0.225,285.9,192.5,179.4
13.55,Head,0.011,-0.014,0.040,10.6,8.5,0.6
13.60,LeftHandAnchor,-0.088,-0.271,0.319,329.2,9.2,4.7
13.60,RightHandAnchor,0.158,0.062,0.226,281.7,163.1,198.6
13.60,Head,0.011,-0.014,0.040,10.5,8.5,0.6
13.66,LeftHandAnchor,-0.088,-0.271,0.318,329.2,9.2,4.7
13.66,RightHandAnchor,0.159,0.059,0.244,288.5,171.6,188.5
13.66,Head,0.011,-0.013,0.039,10.4,8.6,0.6
13.71,LeftHandAnchor,-0.088,-0.270,0.318,329.3,9.2,4.7
13.71,RightHandAnchor,0.159,0.067,0.263,291.3,160.3,195.1
13.71,Head,0.011,-0.013,0.039,10.2,8.6,0.6
13.77,LeftHandAnchor,-0.088,-0.270,0.318,329.3,9.2,4.7
13.77,RightHandAnchor,0.159,0.047,0.245,291.2,174.2,182.2
13.77,Head,0.011,-0.013,0.038,10.0,8.6,0.7
13.82,LeftHandAnchor,-0.088,-0.270,0.318,329.4,9.3,4.7
13.82,RightHandAnchor,0.159,0.035,0.242,283.8,161.7,189.3
13.82,Head,0.012,-0.012,0.038,9.7,8.9,0.6
13.88,LeftHandAnchor,-0.088,-0.270,0.318,329.4,9.3,4.7
13.88,RightHandAnchor,0.160,0.031,0.260,279.1,137.3,209.5
13.88,Head,0.011,-0.011,0.037,9.2,9.0,0.5
13.93,LeftHandAnchor,-0.088,-0.271,0.319,329.3,9.3,4.7
13.93,RightHandAnchor,0.162,0.024,0.277,300.7,190.7,160.6
13.93,Head,0.011,-0.010,0.036,8.8,9.1,0.5
13.99,LeftHandAnchor,-0.088,-0.271,0.319,329.4,9.2,4.7
13.99,RightHandAnchor,0.166,0.020,0.292,306.7,196.2,157.1
13.99,Head,0.011,-0.010,0.035,8.2,9.0,0.5
14.05,LeftHandAnchor,-0.088,-0.271,0.319,329.4,9.3,4.6
14.05,RightHandAnchor,0.166,0.017,0.306,310.4,196.7,157.8
14.05,Head,0.011,-0.009,0.035,7.7,9.0,0.5
14.10,LeftHandAnchor,-0.087,-0.271,0.319,329.6,9.2,4.6
14.10,RightHandAnchor,0.164,0.005,0.312,310.6,196.2,156.0
14.10,Head,0.011,-0.008,0.034,7.3,8.9,0.5
14.16,LeftHandAnchor,-0.087,-0.270,0.319,329.7,9.2,4.6
14.16,RightHandAnchor,0.160,-0.002,0.316,306.5,195.0,156.2
14.16,Head,0.011,-0.007,0.034,6.8,8.9,0.3
14.21,LeftHandAnchor,-0.087,-0.270,0.319,329.7,9.1,4.7
14.21,RightHandAnchor,0.156,-0.004,0.323,302.3,193.9,155.6
14.21,Head,0.012,-0.007,0.033,6.6,9.0,0.1
14.27,LeftHandAnchor,-0.087,-0.270,0.319,329.8,9.0,4.8
14.27,RightHandAnchor,0.151,-0.002,0.328,299.2,195.0,154.4
14.27,Head,0.012,-0.007,0.033,6.5,9.2,360.0
14.32,LeftHandAnchor,-0.087,-0.269,0.319,330.0,8.9,4.9
14.32,RightHandAnchor,0.147,0.006,0.330,296.0,196.2,154.2
14.32,Head,0.013,-0.007,0.033,6.5,9.3,359.9
14.38,LeftHandAnchor,-0.087,-0.269,0.319,330.3,8.8,4.9
14.38,RightHandAnchor,0.143,0.016,0.331,293.2,198.1,152.4
14.38,Head,0.013,-0.007,0.033,6.6,9.4,359.7
14.44,LeftHandAnchor,-0.087,-0.269,0.319,330.4,8.8,4.9
14.44,RightHandAnchor,0.136,0.029,0.335,294.2,201.7,151.1
14.44,Head,0.014,-0.007,0.033,6.6,9.7,359.7
14.49,LeftHandAnchor,-0.087,-0.269,0.319,330.5,8.8,4.9
14.49,RightHandAnchor,0.128,0.035,0.334,297.5,208.6,146.0
14.49,Head,0.015,-0.007,0.032,6.5,9.9,359.6
14.55,LeftHandAnchor,-0.087,-0.269,0.319,330.5,8.8,4.8
14.55,RightHandAnchor,0.116,0.039,0.330,298.3,211.9,143.0
14.55,Head,0.015,-0.007,0.032,6.5,9.9,359.3
14.60,LeftHandAnchor,-0.087,-0.270,0.319,330.3,8.8,5.0
14.60,RightHandAnchor,0.108,0.041,0.327,294.7,216.6,133.7
14.60,Head,0.016,-0.007,0.032,6.4,9.9,359.0
14.66,LeftHandAnchor,-0.087,-0.270,0.319,330.3,8.8,5.1
14.66,RightHandAnchor,0.104,0.045,0.327,297.4,213.7,140.5
14.66,Head,0.016,-0.007,0.032,6.4,10.0,358.9
14.71,LeftHandAnchor,-0.086,-0.270,0.319,330.2,8.8,5.2
14.71,RightHandAnchor,0.101,0.055,0.328,299.2,210.8,143.6
14.71,Head,0.016,-0.007,0.033,6.6,9.9,358.9
14.77,LeftHandAnchor,-0.087,-0.270,0.319,330.2,8.8,5.2
14.77,RightHandAnchor,0.101,0.068,0.330,301.3,207.3,146.9
14.77,Head,0.016,-0.007,0.033,6.8,9.9,358.9
14.82,LeftHandAnchor,-0.087,-0.270,0.319,330.1,8.8,5.3
14.82,RightHandAnchor,0.101,0.072,0.327,299.2,207.9,145.4
14.82,Head,0.016,-0.008,0.033,7.0,10.1,359.0
14.88,LeftHandAnchor,-0.087,-0.271,0.319,330.1,8.8,5.3
14.88,RightHandAnchor,0.102,0.074,0.318,296.8,210.6,140.7
14.88,Head,0.016,-0.008,0.033,7.0,10.1,359.1
14.93,LeftHandAnchor,-0.086,-0.270,0.319,330.1,8.8,5.3
14.93,RightHandAnchor,0.103,0.077,0.312,295.5,211.6,139.3
14.93,Head,0.015,-0.008,0.033,6.9,9.8,359.2
14.99,LeftHandAnchor,-0.086,-0.271,0.319,330.1,8.8,5.3
14.99,RightHandAnchor,0.105,0.076,0.309,295.2,211.9,139.0
14.99,Head,0.015,-0.007,0.032,6.8,9.8,359.2
15.05,LeftHandAnchor,-0.087,-0.271,0.319,330.1,8.7,5.3
15.05,RightHandAnchor,0.109,0.077,0.307,295.0,211.4,140.0
15.05,Head,0.014,-0.007,0.032,6.7,9.8,359.3
15.10,LeftHandAnchor,-0.087,-0.271,0.319,330.0,8.8,5.4
15.10,RightHandAnchor,0.120,0.081,0.304,294.7,210.9,143.1
15.10,Head,0.013,-0.007,0.032,6.6,9.7,359.5
15.16,LeftHandAnchor,-0.087,-0.271,0.319,330.0,8.7,5.5
15.16,RightHandAnchor,0.131,0.086,0.303,295.8,205.6,149.8
15.16,Head,0.012,-0.007,0.032,6.6,9.7,359.8
15.21,LeftHandAnchor,-0.087,-0.270,0.319,330.0,8.7,5.4
15.21,RightHandAnchor,0.145,0.086,0.301,298.3,203.7,151.0
15.21,Head,0.010,-0.007,0.032,6.6,9.6,360.0
15.27,LeftHandAnchor,-0.087,-0.271,0.319,329.9,8.7,5.6
15.27,RightHandAnchor,0.156,0.089,0.296,298.1,200.6,154.2
15.27,Head,0.009,-0.007,0.031,6.5,9.4,0.2
15.32,LeftHandAnchor,-0.087,-0.271,0.319,329.8,8.8,5.6
15.32,RightHandAnchor,0.168,0.091,0.293,298.8,195.9,160.4
15.32,Head,0.008,-0.007,0.031,6.6,9.2,0.5
15.38,LeftHandAnchor,-0.087,-0.270,0.319,329.9,8.8,5.6
15.38,RightHandAnchor,0.182,0.095,0.287,300.1,194.3,164.1
15.38,Head,0.008,-0.007,0.031,6.6,9.1,0.7
15.43,LeftHandAnchor,-0.087,-0.270,0.319,330.1,8.8,5.1
15.43,RightHandAnchor,0.186,0.094,0.277,297.3,189.7,167.5
15.43,Head,0.008,-0.008,0.032,6.8,9.1,0.7
15.49,LeftHandAnchor,-0.086,-0.270,0.319,330.2,8.8,5.0
15.49,RightHandAnchor,0.189,0.096,0.271,295.1,180.1,175.2
15.49,Head,0.008,-0.009,0.032,7.4,9.1,0.6
15.55,LeftHandAnchor,-0.086,-0.270,0.319,330.4,8.6,4.6
15.55,RightHandAnchor,0.191,0.101,0.258,290.6,171.3,184.3
15.55,Head,0.009,-0.009,0.032,7.9,9.3,0.4
15.60,LeftHandAnchor,-0.086,-0.270,0.319,330.4,8.6,4.7
15.60,RightHandAnchor,0.188,0.108,0.245,285.1,156.8,196.3
15.60,Head,0.010,-0.010,0.033,8.1,9.5,0.3
15.66,LeftHandAnchor,-0.086,-0.270,0.319,330.4,8.6,4.7
15.66,RightHandAnchor,0.183,0.108,0.237,284.0,145.5,210.2
15.66,Head,0.011,-0.010,0.033,8.2,9.6,0.2
15.71,LeftHandAnchor,-0.086,-0.271,0.319,330.4,8.6,4.7
15.71,RightHandAnchor,0.181,0.107,0.234,283.8,141.5,214.9
15.71,Head,0.011,-0.010,0.032,8.2,9.7,0.2
15.77,LeftHandAnchor,-0.086,-0.271,0.320,330.4,8.6,4.6
15.77,RightHandAnchor,0.179,0.106,0.230,283.3,137.0,218.3
15.77,Head,0.012,-0.010,0.032,8.2,9.6,0.2
15.82,LeftHandAnchor,-0.086,-0.271,0.320,330.5,8.6,4.5
15.82,RightHandAnchor,0.176,0.105,0.224,282.8,129.2,225.0
15.82,Head,0.012,-0.010,0.032,8.2,9.6,0.1
15.88,LeftHandAnchor,-0.085,-0.271,0.320,330.6,8.6,4.5
15.88,RightHandAnchor,0.000,0.000,0.000,0.0,0.0,0.0
15.88,Head,0.012,-0.010,0.032,8.2,9.6,0.0
15.93,LeftHandAnchor,-0.085,-0.271,0.320,330.5,8.6,4.5
15.93,RightHandAnchor,0.192,0.091,0.249,300.5,182.8,160.5
15.93,Head,0.012,-0.010,0.032,8.3,9.8,360.0
15.99,LeftHandAnchor,-0.086,-0.271,0.320,330.5,8.7,4.5
15.99,RightHandAnchor,0.187,0.071,0.242,285.4,158.9,193.1
15.99,Head,0.012,-0.010,0.032,8.2,9.8,0.0
16.05,LeftHandAnchor,-0.086,-0.271,0.320,330.6,8.7,4.5
16.05,RightHandAnchor,0.195,0.052,0.227,282.8,130.7,217.5
16.05,Head,0.010,-0.010,0.033,8.2,9.3,0.4
16.10,LeftHandAnchor,-0.086,-0.271,0.320,330.7,8.6,4.6
16.10,RightHandAnchor,0.204,0.025,0.212,287.9,146.2,199.1
16.10,Head,0.009,-0.010,0.033,8.4,8.9,0.6
16.16,LeftHandAnchor,-0.086,-0.270,0.320,330.8,8.6,4.7
16.16,RightHandAnchor,0.211,-0.003,0.202,291.4,147.6,193.6
16.16,Head,0.008,-0.011,0.033,8.7,8.9,0.9
16.21,LeftHandAnchor,-0.086,-0.270,0.320,330.8,8.6,4.7
16.21,RightHandAnchor,0.208,-0.028,0.191,291.0,143.5,193.7
16.21,Head,0.008,-0.011,0.034,8.6,8.6,1.1
16.27,LeftHandAnchor,-0.086,-0.270,0.320,330.9,8.6,4.6
16.27,RightHandAnchor,0.228,-0.051,0.200,303.5,177.4,154.8
16.27,Head,0.008,-0.011,0.034,8.6,8.4,1.3
16.32,LeftHandAnchor,-0.086,-0.270,0.320,330.9,8.6,4.5
16.32,RightHandAnchor,0.236,-0.077,0.206,292.9,194.8,134.2
16.32,Head,0.008,-0.011,0.034,8.9,8.3,0.9
16.38,LeftHandAnchor,-0.086,-0.271,0.320,330.8,8.6,4.4
16.38,RightHandAnchor,0.225,-0.112,0.196,279.4,250.0,76.5
16.38,Head,0.008,-0.011,0.034,8.9,8.3,1.0
16.43,LeftHandAnchor,-0.086,-0.271,0.320,330.8,8.6,4.0
16.43,RightHandAnchor,0.212,-0.146,0.189,291.1,312.7,9.6
16.43,Head,0.009,-0.011,0.034,8.9,8.6,0.9
16.49,LeftHandAnchor,-0.086,-0.271,0.320,330.8,8.5,3.9
16.49,RightHandAnchor,0.207,-0.166,0.202,306.1,326.2,356.4
16.49,Head,0.009,-0.012,0.033,9.0,8.9,0.6
16.55,LeftHandAnchor,-0.085,-0.270,0.320,331.1,8.4,4.2
16.55,RightHandAnchor,0.205,-0.189,0.223,320.1,338.6,354.4
16.55,Head,0.010,-0.012,0.033,9.1,9.0,0.5
16.60,LeftHandAnchor,-0.085,-0.271,0.320,331.1,8.4,4.2
16.60,RightHandAnchor,0.206,-0.204,0.233,338.2,346.2,357.0
16.60,Head,0.010,-0.012,0.033,9.3,9.3,0.2
16.66,LeftHandAnchor,-0.085,-0.271,0.320,331.1,8.4,4.2
16.66,RightHandAnchor,0.195,-0.209,0.235,355.5,351.6,353.4
16.66,Head,0.010,-0.012,0.032,9.5,9.8,0.1
16.71,LeftHandAnchor,-0.085,-0.271,0.320,331.2,8.4,4.1
16.71,RightHandAnchor,0.194,-0.218,0.248,360.0,351.8,351.5
16.71,Head,0.011,-0.012,0.032,9.5,10.0,0.0
16.77,LeftHandAnchor,-0.085,-0.270,0.320,331.1,8.4,4.2
16.77,RightHandAnchor,0.195,-0.221,0.253,357.6,352.5,352.8
16.77,Head,0.010,-0.012,0.032,9.6,10.1,0.1
16.82,LeftHandAnchor,-0.085,-0.270,0.319,331.1,8.3,4.4
16.82,RightHandAnchor,0.196,-0.232,0.266,357.0,353.8,352.9
16.82,Head,0.010,-0.012,0.032,9.4,10.0,0.1
16.88,LeftHandAnchor,-0.085,-0.270,0.319,331.1,8.4,4.5
16.88,RightHandAnchor,0.200,-0.245,0.279,356.4,355.0,353.5
16.88,Head,0.010,-0.012,0.032,9.4,9.9,0.2
16.93,LeftHandAnchor,-0.085,-0.270,0.319,331.1,8.4,4.6
16.93,RightHandAnchor,0.205,-0.251,0.285,356.0,355.2,353.3
16.93,Head,0.010,-0.012,0.032,9.2,9.7,0.3
16.99,LeftHandAnchor,-0.086,-0.270,0.319,331.0,8.4,4.6
16.99,RightHandAnchor,0.205,-0.251,0.284,355.4,356.1,353.8
16.99,Head,0.010,-0.012,0.032,9.2,9.6,0.4
17.05,LeftHandAnchor,-0.086,-0.270,0.319,331.0,8.5,4.7
17.05,RightHandAnchor,0.204,-0.249,0.283,355.4,357.0,354.8
17.05,Head,0.010,-0.012,0.032,9.2,9.6,0.4
17.10,LeftHandAnchor,-0.086,-0.270,0.319,331.0,8.5,4.6
17.10,RightHandAnchor,0.201,-0.245,0.279,355.1,357.5,354.7
17.10,Head,0.010,-0.012,0.032,9.2,9.7,0.4
17.16,LeftHandAnchor,-0.086,-0.270,0.319,330.9,8.5,4.7
17.16,RightHandAnchor,0.199,-0.244,0.278,354.4,357.9,355.4
17.16,Head,0.009,-0.011,0.032,9.0,9.7,0.5
17.21,LeftHandAnchor,-0.086,-0.271,0.319,330.5,8.7,5.0
17.21,RightHandAnchor,0.196,-0.244,0.277,353.2,358.2,355.1
17.21,Head,0.009,-0.011,0.032,8.9,9.5,0.5
17.27,LeftHandAnchor,-0.087,-0.271,0.319,330.4,8.7,5.0
17.27,RightHandAnchor,0.194,-0.243,0.277,351.8,358.3,353.8
17.27,Head,0.009,-0.011,0.032,8.8,9.4,0.6
17.32,LeftHandAnchor,-0.087,-0.271,0.320,330.5,8.6,5.0
17.32,RightHandAnchor,0.193,-0.243,0.276,351.0,358.5,354.5
17.32,Head,0.008,-0.011,0.032,8.7,9.3,0.6
17.38,LeftHandAnchor,-0.086,-0.270,0.319,330.7,8.5,4.9
17.38,RightHandAnchor,0.192,-0.240,0.275,350.6,358.7,355.0
17.38,Head,0.008,-0.011,0.032,8.8,9.4,0.5
17.44,LeftHandAnchor,-0.086,-0.270,0.319,330.8,8.5,4.7
17.44,RightHandAnchor,0.190,-0.231,0.277,342.8,359.9,354.9
17.44,Head,0.008,-0.011,0.032,8.9,9.6,0.4
17.49,LeftHandAnchor,-0.086,-0.270,0.319,330.9,8.5,4.6
17.49,RightHandAnchor,0.181,-0.212,0.283,323.8,2.0,358.4
17.49,Head,0.008,-0.011,0.032,9.0,9.7,0.3
17.55,LeftHandAnchor,-0.085,-0.270,0.320,331.2,8.4,4.5
17.55,RightHandAnchor,0.173,-0.207,0.290,304.5,8.1,351.4
17.55,Head,0.008,-0.011,0.032,8.9,9.7,0.3
17.60,LeftHandAnchor,-0.085,-0.270,0.320,331.2,8.4,4.5
17.60,RightHandAnchor,0.185,-0.208,0.322,273.0,4.7,353.6
17.60,Head,0.008,-0.011,0.032,8.7,9.3,0.3
17.66,LeftHandAnchor,-0.085,-0.270,0.320,331.3,8.4,4.4
17.66,RightHandAnchor,0.187,-0.172,0.327,278.2,205.1,152.6
17.66,Head,0.008,-0.011,0.032,9.0,9.4,0.3
17.71,LeftHandAnchor,-0.085,-0.270,0.320,331.3,8.4,4.3
17.71,RightHandAnchor,0.191,-0.138,0.332,282.1,208.9,149.1
17.71,Head,0.008,-0.011,0.032,9.0,9.5,0.2
17.77,LeftHandAnchor,-0.085,-0.270,0.320,331.3,8.5,4.4
17.77,RightHandAnchor,0.190,-0.102,0.329,284.0,207.4,150.5
17.77,Head,0.008,-0.011,0.032,8.9,9.5,0.0
17.82,LeftHandAnchor,-0.085,-0.270,0.320,331.4,8.5,4.4
17.82,RightHandAnchor,0.190,-0.073,0.327,284.5,207.8,151.5
17.82,Head,0.008,-0.011,0.033,9.1,9.6,0.0
17.88,LeftHandAnchor,-0.085,-0.270,0.320,331.4,8.6,4.3
17.88,RightHandAnchor,0.195,-0.046,0.332,289.5,208.2,153.4
17.88,Head,0.007,-0.012,0.033,9.2,9.6,0.1
17.93,LeftHandAnchor,-0.085,-0.270,0.320,331.3,8.6,4.3
17.93,RightHandAnchor,0.194,-0.022,0.327,293.7,209.0,153.0
17.93,Head,0.007,-0.012,0.033,9.3,9.5,0.2
17.99,LeftHandAnchor,-0.085,-0.270,0.320,331.3,8.6,4.3
17.99,RightHandAnchor,0.190,-0.002,0.318,295.7,207.3,153.9
17.99,Head,0.007,-0.012,0.033,9.4,9.4,0.2
18.05,LeftHandAnchor,-0.085,-0.270,0.320,331.3,8.6,4.4
18.05,RightHandAnchor,0.188,0.015,0.313,301.3,206.6,153.9
18.05,Head,0.007,-0.012,0.033,9.6,9.3,0.3
18.10,LeftHandAnchor,-0.085,-0.270,0.321,331.3,8.6,4.2
18.10,RightHandAnchor,0.185,0.030,0.302,304.6,206.8,154.5
18.10,Head,0.007,-0.012,0.034,9.6,9.4,0.2
18.16,LeftHandAnchor,-0.085,-0.270,0.321,331.4,8.6,4.2
18.16,RightHandAnchor,0.183,0.046,0.296,304.5,206.5,156.4
18.16,Head,0.008,-0.013,0.034,9.7,9.5,0.2
18.21,LeftHandAnchor,-0.085,-0.270,0.321,331.5,8.6,4.2
18.21,RightHandAnchor,0.176,0.060,0.284,302.8,204.2,158.5
18.21,Head,0.008,-0.013,0.034,9.7,9.5,0.1
18.27,LeftHandAnchor,-0.086,-0.270,0.321,331.4,8.6,4.2
18.27,RightHandAnchor,0.171,0.070,0.278,298.9,198.2,162.0
18.27,Head,0.009,-0.012,0.034,9.6,9.4,0.0
18.32,LeftHandAnchor,-0.086,-0.271,0.321,331.4,8.7,4.0
18.32,RightHandAnchor,0.166,0.075,0.264,294.3,198.3,161.5
18.32,Head,0.009,-0.012,0.034,9.7,9.4,0.0
18.38,LeftHandAnchor,-0.086,-0.271,0.321,331.4,8.6,4.4
18.38,RightHandAnchor,0.158,0.076,0.245,289.1,201.8,158.3
18.38,Head,0.010,-0.013,0.034,9.8,9.4,359.9
18.43,LeftHandAnchor,-0.085,-0.270,0.321,331.5,8.5,4.5
18.43,RightHandAnchor,0.163,0.094,0.239,298.1,200.4,146.7
18.43,Head,0.010,-0.013,0.035,9.8,9.5,359.8
18.49,LeftHandAnchor,-0.085,-0.270,0.320,331.6,8.6,4.5
18.49,RightHandAnchor,0.169,0.134,0.268,310.1,225.1,135.2
18.49,Head,0.011,-0.013,0.035,9.9,9.5,359.8
18.55,LeftHandAnchor,-0.085,-0.271,0.320,331.6,8.6,4.4
18.55,RightHandAnchor,0.000,0.000,0.000,0.0,0.0,0.0
18.55,Head,0.011,-0.013,0.035,10.1,9.6,359.7
18.60,LeftHandAnchor,-0.085,-0.271,0.320,331.6,8.6,4.4
18.60,RightHandAnchor,0.000,0.000,0.000,0.0,0.0,0.0
18.60,Head,0.012,-0.013,0.035,10.1,9.7,359.7
18.66,LeftHandAnchor,-0.086,-0.271,0.320,331.2,8.7,5.0
18.66,RightHandAnchor,0.000,0.000,0.000,0.0,0.0,0.0
18.66,Head,0.012,-0.013,0.035,10.2,9.7,359.7
18.71,LeftHandAnchor,-0.086,-0.271,0.320,331.2,8.8,4.9
18.71,RightHandAnchor,0.000,0.000,0.000,0.0,0.0,0.0
18.71,Head,0.013,-0.014,0.035,10.4,9.8,359.6
18.77,LeftHandAnchor,-0.086,-0.271,0.320,331.4,8.8,4.4
18.77,RightHandAnchor,0.000,0.000,0.000,0.0,0.0,0.0
18.77,Head,0.013,-0.014,0.035,10.5,9.8,359.6
18.82,LeftHandAnchor,-0.085,-0.271,0.320,331.5,8.8,4.3
18.82,RightHandAnchor,0.000,0.000,0.000,0.0,0.0,0.0
18.82,Head,0.013,-0.014,0.036,10.6,9.8,359.6
18.88,LeftHandAnchor,-0.085,-0.271,0.320,331.4,8.8,4.3
18.88,RightHandAnchor,0.000,0.000,0.000,0.0,0.0,0.0
18.88,Head,0.014,-0.014,0.036,10.7,9.8,359.6
18.93,LeftHandAnchor,-0.085,-0.271,0.320,331.5,8.8,4.3
18.93,RightHandAnchor,0.000,0.000,0.000,0.0,0.0,0.0
18.93,Head,0.014,-0.014,0.036,10.6,9.7,359.5
18.99,LeftHandAnchor,-0.085,-0.271,0.320,331.4,8.8,4.3
18.99,RightHandAnchor,0.000,0.000,0.000,0.0,0.0,0.0
18.99,Head,0.014,-0.014,0.036,10.6,9.8,359.5
19.05,LeftHandAnchor,-0.085,-0.272,0.320,331.3,8.8,4.4
19.05,RightHandAnchor,0.000,0.000,0.000,0.0,0.0,0.0
19.05,Head,0.014,-0.014,0.035,10.4,9.8,359.5
19.10,LeftHandAnchor,-0.086,-0.272,0.320,331.3,8.9,4.3
19.10,RightHandAnchor,0.000,0.000,0.000,0.0,0.0,0.0
19.10,Head,0.015,-0.013,0.035,10.3,9.8,359.4
19.16,LeftHandAnchor,-0.086,-0.272,0.321,331.3,8.9,4.2
19.16,RightHandAnchor,0.000,0.000,0.000,0.0,0.0,0.0
19.16,Head,0.015,-0.013,0.035,10.2,9.8,359.4
19.21,LeftHandAnchor,-0.085,-0.272,0.320,331.4,8.9,4.3
19.21,RightHandAnchor,0.000,0.000,0.000,0.0,0.0,0.0
19.21,Head,0.015,-0.013,0.035,10.1,9.8,359.4
19.27,LeftHandAnchor,-0.085,-0.272,0.320,331.4,8.9,4.2
19.27,RightHandAnchor,0.000,0.000,0.000,0.0,0.0,0.0
19.27,Head,0.015,-0.013,0.035,10.1,9.9,359.4
19.32,LeftHandAnchor,-0.085,-0.272,0.320,331.4,8.9,4.2
19.32,RightHandAnchor,0.000,0.000,0.000,0.0,0.0,0.0
19.32,Head,0.015,-0.013,0.035,9.9,9.9,359.4
19.38,LeftHandAnchor,-0.085,-0.272,0.320,331.3,9.0,4.1
19.38,RightHandAnchor,0.000,0.000,0.000,0.0,0.0,0.0
19.38,Head,0.014,-0.012,0.035,9.8,9.9,359.4
19.43,LeftHandAnchor,-0.086,-0.272,0.320,331.2,8.9,4.2
19.43,RightHandAnchor,0.000,0.000,0.000,0.0,0.0,0.0
19.43,Head,0.014,-0.012,0.034,9.5,9.8,359.6
19.49,LeftHandAnchor,-0.086,-0.272,0.320,331.2,9.0,4.2
19.49,RightHandAnchor,0.000,0.000,0.000,0.0,0.0,0.0
19.49,Head,0.013,-0.012,0.034,9.4,9.8,359.7
19.55,LeftHandAnchor,-0.086,-0.272,0.321,331.2,9.0,4.3
19.55,RightHandAnchor,0.000,0.000,0.000,0.0,0.0,0.0
19.55,Head,0.013,-0.012,0.034,9.4,9.8,359.8
19.60,LeftHandAnchor,-0.086,-0.272,0.321,331.3,8.9,4.3
19.60,RightHandAnchor,0.000,0.000,0.000,0.0,0.0,0.0
19.60,Head,0.012,-0.012,0.034,9.3,9.6,0.0
19.66,LeftHandAnchor,-0.085,-0.271,0.321,331.3,8.9,4.2
19.66,RightHandAnchor,0.000,0.000,0.000,0.0,0.0,0.0
19.66,Head,0.011,-0.011,0.033,9.2,9.6,0.1
19.71,LeftHandAnchor,-0.085,-0.271,0.321,331.4,8.8,4.1
19.71,RightHandAnchor,0.000,0.000,0.000,0.0,0.0,0.0
19.71,Head,0.011,-0.011,0.033,9.1,9.5,0.2
19.77,LeftHandAnchor,-0.085,-0.271,0.321,331.4,8.7,4.1
19.77,RightHandAnchor,0.216,0.014,0.144,298.9,315.9,5.1
19.77,Head,0.010,-0.011,0.033,8.9,9.6,0.4
19.82,LeftHandAnchor,-0.085,-0.271,0.321,331.6,8.7,4.0
19.82,RightHandAnchor,0.230,-0.017,0.147,320.7,328.8,349.8
19.82,Head,0.010,-0.011,0.033,8.8,9.6,0.4
19.88,LeftHandAnchor,-0.085,-0.271,0.321,331.7,8.6,4.6
19.88,RightHandAnchor,0.218,-0.057,0.149,335.7,335.1,355.0
19.88,Head,0.010,-0.011,0.032,8.8,9.6,0.3
19.93,LeftHandAnchor,-0.085,-0.271,0.321,331.7,8.6,4.3
19.93,RightHandAnchor,0.191,-0.095,0.144,344.7,340.8,4.5
19.93,Head,0.010,-0.011,0.032,8.8,9.8,0.4
19.99,LeftHandAnchor,-0.085,-0.271,0.321,331.7,8.6,4.2
19.99,RightHandAnchor,0.188,-0.122,0.167,345.1,342.5,4.6
19.99,Head,0.010,-0.011,0.032,8.7,9.8,0.4
20.05,LeftHandAnchor,-0.085,-0.271,0.321,331.7,8.6,4.2
20.05,RightHandAnchor,0.191,-0.151,0.197,346.3,348.5,3.8
20.05,Head,0.010,-0.011,0.031,8.7,9.8,0.3
20.10,LeftHandAnchor,-0.084,-0.271,0.320,331.7,8.6,4.2
20.10,RightHandAnchor,0.193,-0.172,0.211,353.2,349.5,2.6
20.10,Head,0.009,-0.011,0.031,8.6,9.7,0.3
20.16,LeftHandAnchor,-0.084,-0.271,0.320,331.7,8.6,4.2
20.16,RightHandAnchor,0.191,-0.188,0.223,358.2,354.1,357.9
20.16,Head,0.009,-0.010,0.031,8.5,9.7,0.4
20.21,LeftHandAnchor,-0.084,-0.270,0.320,331.8,8.5,4.3
20.21,RightHandAnchor,0.191,-0.206,0.233,355.6,354.7,351.2
20.21,Head,0.008,-0.010,0.030,8.5,9.7,0.3
20.27,LeftHandAnchor,-0.084,-0.270,0.320,331.9,8.5,4.6
20.27,RightHandAnchor,0.195,-0.228,0.249,351.9,355.9,350.9
20.27,Head,0.008,-0.010,0.030,8.4,9.7,0.4
20.32,LeftHandAnchor,-0.084,-0.270,0.320,332.0,8.4,4.6
20.32,RightHandAnchor,0.193,-0.236,0.253,350.8,358.7,351.6
20.32,Head,0.008,-0.010,0.030,8.4,9.7,0.4
20.38,LeftHandAnchor,-0.084,-0.270,0.320,331.8,8.5,5.0
20.38,RightHandAnchor,0.192,-0.242,0.259,350.3,359.8,352.2
20.38,Head,0.008,-0.010,0.030,8.4,9.7,0.4
20.43,LeftHandAnchor,-0.084,-0.270,0.320,331.8,8.5,5.0
20.43,RightHandAnchor,0.192,-0.254,0.268,346.5,1.5,351.0
20.43,Head,0.008,-0.010,0.030,8.4,9.7,0.5
20.49,LeftHandAnchor,-0.084,-0.270,0.320,331.7,8.5,4.9
20.49,RightHandAnchor,0.192,-0.258,0.271,345.0,1.8,351.2
20.49,Head,0.007,-0.010,0.030,8.4,9.7,0.5
20.55,LeftHandAnchor,-0.084,-0.270,0.320,331.7,8.4,4.9
20.55,RightHandAnchor,0.190,-0.262,0.274,343.2,2.7,351.4
20.55,Head,0.007,-0.010,0.030,8.4,9.7,0.5
20.60,LeftHandAnchor,-0.084,-0.270,0.320,331.8,8.4,4.9
20.60,RightHandAnchor,0.184,-0.264,0.275,340.6,3.8,352.1
20.60,Head,0.007,-0.010,0.030,8.4,9.6,0.5
20.66,LeftHandAnchor,-0.084,-0.270,0.319,331.8,8.3,4.9
20.66,RightHandAnchor,0.183,-0.265,0.276,339.8,4.4,351.3
20.66,Head,0.007,-0.010,0.030,8.5,9.6,0.4
20.71,LeftHandAnchor,-0.084,-0.270,0.319,331.9,8.5,5.1
20.71,RightHandAnchor,0.184,-0.265,0.278,340.4,4.4,351.7
20.71,Head,0.008,-0.010,0.030,8.5,9.8,0.4
20.77,LeftHandAnchor,-0.084,-0.270,0.320,331.8,8.5,5.0
20.77,RightHandAnchor,0.185,-0.263,0.283,342.9,4.6,355.5
20.77,Head,0.008,-0.010,0.030,8.5,9.8,0.4
20.82,LeftHandAnchor,-0.084,-0.270,0.320,331.8,8.5,5.1
20.82,RightHandAnchor,0.186,-0.260,0.287,343.8,5.1,357.4
20.82,Head,0.008,-0.010,0.030,8.4,9.7,0.5
20.88,LeftHandAnchor,-0.084,-0.270,0.320,331.8,8.5,4.8
20.88,RightHandAnchor,0.187,-0.257,0.290,343.8,5.1,357.8
20.88,Head,0.008,-0.010,0.030,8.4,9.7,0.6
20.94,LeftHandAnchor,-0.084,-0.270,0.320,331.8,8.4,4.8
20.94,RightHandAnchor,0.186,-0.255,0.290,343.4,5.1,358.8
20.94,Head,0.008,-0.010,0.031,8.4,9.7,0.6
20.99,LeftHandAnchor,-0.084,-0.270,0.320,331.8,8.4,4.8
20.99,RightHandAnchor,0.187,-0.252,0.291,343.0,4.5,356.9
20.99,Head,0.008,-0.010,0.031,8.4,9.7,0.5
21.05,LeftHandAnchor,-0.084,-0.270,0.320,331.8,8.4,4.8
21.05,RightHandAnchor,0.185,-0.250,0.291,342.6,4.4,356.0
21.05,Head,0.008,-0.010,0.031,8.4,9.7,0.6
21.10,LeftHandAnchor,-0.085,-0.270,0.320,331.6,8.4,4.1
21.10,RightHandAnchor,0.184,-0.249,0.291,343.0,4.5,355.2
21.10,Head,0.008,-0.010,0.031,8.3,9.7,0.6
21.16,LeftHandAnchor,-0.085,-0.271,0.321,331.5,8.3,4.2
21.16,RightHandAnchor,0.183,-0.249,0.290,342.8,4.5,354.1
21.16,Head,0.007,-0.010,0.030,8.4,9.7,0.6
21.21,LeftHandAnchor,-0.085,-0.270,0.321,331.5,8.3,4.3
21.21,RightHandAnchor,0.183,-0.250,0.290,336.7,3.7,350.8
21.21,Head,0.008,-0.010,0.030,8.4,9.8,0.7
21.27,LeftHandAnchor,-0.085,-0.271,0.321,331.5,8.4,4.2
21.27,RightHandAnchor,0.178,-0.270,0.295,317.6,6.5,345.2
21.27,Head,0.008,-0.010,0.030,8.4,9.9,0.6
21.32,LeftHandAnchor,-0.085,-0.271,0.321,331.6,8.4,4.3
21.32,RightHandAnchor,0.180,-0.283,0.305,304.8,9.6,338.9
21.32,Head,0.008,-0.010,0.030,8.2,9.8,0.5
21.38,LeftHandAnchor,-0.085,-0.270,0.320,331.6,8.4,4.4
21.38,RightHandAnchor,0.182,-0.279,0.310,297.2,13.1,336.1
21.38,Head,0.009,-0.010,0.029,8.3,9.9,0.4
21.44,LeftHandAnchor,-0.085,-0.270,0.320,331.6,8.4,4.5
21.44,RightHandAnchor,0.190,-0.268,0.325,286.7,10.9,342.3
21.44,Head,0.009,-0.010,0.029,8.3,10.1,0.3
21.49,LeftHandAnchor,-0.085,-0.270,0.320,331.6,8.5,4.5
21.49,RightHandAnchor,0.195,-0.239,0.339,278.8,10.6,342.7
21.49,Head,0.009,-0.010,0.029,8.2,10.1,0.2
21.55,LeftHandAnchor,-0.085,-0.270,0.320,331.5,8.5,4.6
21.55,RightHandAnchor,0.200,-0.205,0.339,273.1,313.8,37.1
21.55,Head,0.009,-0.010,0.030,8.3,10.1,0.2
21.60,LeftHandAnchor,-0.085,-0.270,0.320,331.5,8.5,4.6
21.60,RightHandAnchor,0.201,-0.171,0.342,273.9,248.6,102.8
21.60,Head,0.009,-0.010,0.030,8.4,10.0,0.3
21.66,LeftHandAnchor,-0.085,-0.270,0.320,331.5,8.5,4.6
21.66,RightHandAnchor,0.208,-0.144,0.348,280.2,217.8,134.4
21.66,Head,0.009,-0.011,0.031,8.6,9.9,0.3
21.71,LeftHandAnchor,-0.085,-0.270,0.320,331.5,8.6,4.5
21.71,RightHandAnchor,0.205,-0.114,0.340,281.2,214.6,138.9
21.71,Head,0.009,-0.011,0.031,8.7,9.9,0.4
21.77,LeftHandAnchor,-0.085,-0.271,0.321,331.6,8.6,4.3
21.77,RightHandAnchor,0.204,-0.086,0.340,288.2,205.4,148.5
21.77,Head,0.009,-0.011,0.031,8.8,9.8,0.5
21.82,LeftHandAnchor,-0.085,-0.270,0.321,331.6,8.5,4.3
21.82,RightHandAnchor,0.207,-0.066,0.339,291.7,203.9,151.3
21.82,Head,0.008,-0.011,0.032,8.9,9.7,0.5
21.88,LeftHandAnchor,-0.085,-0.270,0.321,331.6,8.5,4.4
21.88,RightHandAnchor,0.205,-0.047,0.334,293.4,202.4,152.7
21.88,Head,0.008,-0.011,0.032,9.0,9.7,0.5
21.93,LeftHandAnchor,-0.085,-0.271,0.321,331.5,8.5,4.4
21.93,RightHandAnchor,0.206,-0.032,0.331,298.0,202.7,153.1
21.93,Head,0.008,-0.011,0.032,8.9,9.7,0.5
21.99,LeftHandAnchor,-0.085,-0.271,0.321,331.4,8.5,4.3
21.99,RightHandAnchor,0.204,-0.015,0.326,301.8,203.2,152.9
21.99,Head,0.008,-0.011,0.032,8.9,9.6,0.5
22.05,LeftHandAnchor,-0.085,-0.270,0.321,331.6,8.5,4.3
22.05,RightHandAnchor,0.200,-0.001,0.318,299.6,201.0,155.7
22.05,Head,0.009,-0.011,0.032,8.9,9.6,0.4
22.10,LeftHandAnchor,-0.085,-0.270,0.321,331.5,8.5,4.2
22.10,RightHandAnchor,0.196,0.012,0.310,299.9,200.1,156.9
22.10,Head,0.009,-0.011,0.032,8.9,9.7,0.4
22.16,LeftHandAnchor,-0.085,-0.271,0.321,331.5,8.5,4.1
22.16,RightHandAnchor,0.195,0.023,0.307,301.5,199.3,157.9
22.16,Head,0.009,-0.011,0.032,8.8,9.7,0.4
22.21,LeftHandAnchor,-0.085,-0.270,0.321,331.6,8.5,4.2
22.21,RightHandAnchor,0.194,0.031,0.302,303.2,200.3,157.9
22.21,Head,0.009,-0.011,0.031,8.8,9.7,0.3
22.27,LeftHandAnchor,-0.085,-0.270,0.321,331.6,8.5,4.2
22.27,RightHandAnchor,0.195,0.043,0.299,302.7,200.8,158.2
22.27,Head,0.009,-0.011,0.031,8.8,9.7,0.3
22.32,LeftHandAnchor,-0.085,-0.270,0.321,331.4,8.5,4.4
22.32,RightHandAnchor,0.195,0.057,0.296,299.5,200.1,163.4
22.32,Head,0.009,-0.011,0.031,8.8,9.8,0.4
22.38,LeftHandAnchor,-0.085,-0.271,0.321,331.4,8.5,4.3
22.38,RightHandAnchor,0.194,0.067,0.293,298.2,199.2,166.5
22.38,Head,0.009,-0.011,0.031,8.9,9.9,0.3
22.43,LeftHandAnchor,-0.085,-0.271,0.321,331.4,8.5,4.4
22.43,RightHandAnchor,0.194,0.071,0.291,299.2,198.4,167.2
22.43,Head,0.008,-0.011,0.031,9.0,9.9,0.3
22.49,LeftHandAnchor,-0.086,-0.271,0.321,331.5,8.5,4.6
22.49,RightHandAnchor,0.192,0.073,0.283,297.4,196.2,165.6
22.49,Head,0.008,-0.012,0.031,9.3,10.0,0.2
22.55,LeftHandAnchor,-0.086,-0.270,0.321,331.6,8.5,4.6
22.55,RightHandAnchor,0.192,0.074,0.278,295.4,193.7,164.6
22.55,Head,0.009,-0.012,0.032,9.5,10.2,0.1
22.60,LeftHandAnchor,-0.086,-0.270,0.321,331.6,8.6,3.6
22.60,RightHandAnchor,0.192,0.075,0.271,292.4,190.8,164.3
22.60,Head,0.009,-0.012,0.031,9.4,10.4,0.1
22.66,LeftHandAnchor,-0.086,-0.270,0.321,331.6,8.6,3.7
22.66,RightHandAnchor,0.194,0.078,0.263,289.3,188.7,166.0
22.66,Head,0.009,-0.012,0.031,9.2,10.3,359.9
22.71,LeftHandAnchor,-0.085,-0.270,0.321,331.7,8.6,3.8
22.71,RightHandAnchor,0.193,0.081,0.258,287.3,183.6,170.1
22.71,Head,0.010,-0.011,0.031,9.1,10.3,359.9
22.77,LeftHandAnchor,-0.085,-0.270,0.321,331.7,8.6,3.9
22.77,RightHandAnchor,0.193,0.081,0.258,287.5,183.0,170.3
22.77,Head,0.010,-0.011,0.031,9.1,10.4,359.8
22.82,LeftHandAnchor,-0.085,-0.270,0.321,331.6,8.7,4.0
22.82,RightHandAnchor,0.192,0.081,0.258,288.1,182.1,170.0
22.82,Head,0.010,-0.011,0.031,9.1,10.5,359.8
22.88,LeftHandAnchor,-0.086,-0.270,0.321,331.5,8.7,4.4
22.88,RightHandAnchor,0.190,0.082,0.257,288.9,179.2,172.0
22.88,Head,0.010,-0.011,0.031,9.2,10.5,359.8
22.93,LeftHandAnchor,-0.085,-0.270,0.321,331.5,8.7,4.5
22.93,RightHandAnchor,0.185,0.084,0.250,288.0,175.3,176.6
22.93,Head,0.010,-0.012,0.031,9.3,10.4,359.7
22.99,LeftHandAnchor,-0.085,-0.270,0.320,331.6,8.7,4.4
22.99,RightHandAnchor,0.183,0.086,0.245,286.9,169.1,184.3
22.99,Head,0.009,-0.012,0.031,9.3,10.3,359.8
23.05,LeftHandAnchor,-0.085,-0.270,0.320,331.7,8.7,4.5
23.05,RightHandAnchor,0.183,0.086,0.245,287.8,165.6,187.6
23.05,Head,0.009,-0.012,0.031,9.3,10.3,359.9
23.10,LeftHandAnchor,-0.085,-0.270,0.321,331.8,8.6,4.5
23.10,RightHandAnchor,0.182,0.086,0.243,288.3,166.6,187.3
23.10,Head,0.009,-0.012,0.031,9.3,10.2,359.9
23.16,LeftHandAnchor,-0.085,-0.270,0.320,331.7,8.6,4.5
23.16,RightHandAnchor,0.215,0.136,0.278,323.0,208.7,155.3
23.16,Head,0.009,-0.012,0.031,9.3,10.1,360.0
23.21,LeftHandAnchor,-0.086,-0.270,0.320,331.4,8.6,4.8
23.21,RightHandAnchor,0.199,0.102,0.248,286.9,175.5,167.2
23.21,Head,0.009,-0.012,0.032,9.3,10.1,0.0
23.27,LeftHandAnchor,-0.086,-0.270,0.320,331.4,8.6,4.7
23.27,RightHandAnchor,0.194,0.102,0.251,292.2,174.0,170.4
23.27,Head,0.009,-0.012,0.032,9.3,10.0,0.0
23.32,LeftHandAnchor,-0.086,-0.270,0.320,331.4,8.7,4.7
23.32,RightHandAnchor,0.192,0.100,0.249,298.8,161.9,176.8
23.32,Head,0.009,-0.012,0.032,9.4,10.0,359.9
23.38,LeftHandAnchor,-0.086,-0.270,0.320,331.4,8.7,4.6
23.38,RightHandAnchor,0.194,0.096,0.242,297.9,165.0,175.2
23.38,Head,0.010,-0.012,0.032,9.4,10.1,359.8
23.43,LeftHandAnchor,-0.086,-0.270,0.320,331.5,8.7,4.5
23.43,RightHandAnchor,0.194,0.101,0.240,295.1,162.4,185.7
23.43,Head,0.010,-0.012,0.032,9.4,10.2,359.8
23.49,LeftHandAnchor,-0.086,-0.270,0.320,331.6,8.7,4.4
23.49,RightHandAnchor,0.196,0.102,0.238,292.9,151.3,197.0
23.49,Head,0.010,-0.012,0.032,9.4,10.2,359.7
23.55,LeftHandAnchor,-0.086,-0.270,0.320,331.6,8.7,4.4
23.55,RightHandAnchor,0.198,0.102,0.234,291.9,141.2,207.7
23.55,Head,0.011,-0.012,0.032,9.4,10.2,359.7
23.60,LeftHandAnchor,-0.085,-0.270,0.320,331.6,8.7,4.4
23.60,RightHandAnchor,0.201,0.103,0.231,291.8,130.5,219.2
23.60,Head,0.011,-0.012,0.032,9.4,10.1,359.7
23.66,LeftHandAnchor,-0.085,-0.270,0.320,331.6,8.7,4.4
23.66,RightHandAnchor,0.000,0.000,0.000,0.0,0.0,0.0
23.66,Head,0.011,-0.012,0.032,9.5,10.1,359.6
23.71,LeftHandAnchor,-0.085,-0.270,0.320,331.5,8.7,4.5
23.71,RightHandAnchor,0.000,0.000,0.000,0.0,0.0,0.0
23.71,Head,0.011,-0.012,0.032,9.5,10.2,359.6
23.77,LeftHandAnchor,-0.086,-0.271,0.320,331.4,8.8,4.6
23.77,RightHandAnchor,0.000,0.000,0.000,0.0,0.0,0.0
23.77,Head,0.011,-0.012,0.033,9.7,10.2,359.7
23.82,LeftHandAnchor,-0.086,-0.271,0.320,331.3,8.8,4.6
23.82,RightHandAnchor,0.000,0.000,0.000,0.0,0.0,0.0
23.82,Head,0.011,-0.013,0.033,9.8,10.0,359.7
23.88,LeftHandAnchor,-0.086,-0.271,0.320,331.3,8.8,4.7
23.88,RightHandAnchor,0.000,0.000,0.000,0.0,0.0,0.0
23.88,Head,0.011,-0.012,0.033,9.7,9.9,359.8
23.93,LeftHandAnchor,-0.086,-0.271,0.320,331.4,8.9,4.6
23.93,RightHandAnchor,0.000,0.000,0.000,0.0,0.0,0.0
23.93,Head,0.011,-0.013,0.034,9.8,9.8,359.9
23.99,LeftHandAnchor,-0.086,-0.270,0.320,331.4,8.9,4.6
23.99,RightHandAnchor,0.000,0.000,0.000,0.0,0.0,0.0
23.99,Head,0.011,-0.013,0.034,9.8,9.9,359.8
24.05,LeftHandAnchor,-0.086,-0.271,0.320,331.3,8.9,4.6
24.05,RightHandAnchor,0.000,0.000,0.000,0.0,0.0,0.0
24.05,Head,0.011,-0.013,0.034,9.9,9.9,359.9
24.10,LeftHandAnchor,-0.086,-0.270,0.320,331.4,8.9,4.5
24.10,RightHandAnchor,0.000,0.000,0.000,0.0,0.0,0.0
24.10,Head,0.011,-0.013,0.034,9.9,9.9,0.0
24.16,LeftHandAnchor,-0.086,-0.270,0.320,331.6,8.8,4.4
24.16,RightHandAnchor,0.000,0.000,0.000,0.0,0.0,0.0
24.16,Head,0.011,-0.013,0.033,9.8,9.8,0.1
24.21,LeftHandAnchor,-0.085,-0.270,0.320,331.8,8.9,4.1
24.21,RightHandAnchor,0.000,0.000,0.000,0.0,0.0,0.0
24.21,Head,0.011,-0.013,0.032,9.8,10.0,360.0
24.27,LeftHandAnchor,-0.085,-0.270,0.320,331.9,9.0,4.1
24.27,RightHandAnchor,0.000,0.000,0.000,0.0,0.0,0.0
24.27,Head,0.012,-0.012,0.032,9.6,10.4,359.8
24.32,LeftHandAnchor,-0.085,-0.271,0.320,331.5,9.0,4.0
24.32,RightHandAnchor,0.000,0.000,0.000,0.0,0.0,0.0
24.32,Head,0.012,-0.012,0.031,9.2,10.3,0.1
24.38,LeftHandAnchor,-0.085,-0.271,0.320,331.3,8.9,4.3
24.38,RightHandAnchor,0.294,0.075,0.143,316.9,177.2,149.6
24.38,Head,0.011,-0.012,0.031,9.2,10.1,0.1
24.43,LeftHandAnchor,-0.085,-0.271,0.320,331.4,8.8,4.3
24.43,RightHandAnchor,0.261,0.006,0.141,293.8,148.2,181.9
24.43,Head,0.011,-0.011,0.031,9.2,10.1,359.9
24.49,LeftHandAnchor,-0.085,-0.271,0.320,331.6,8.9,4.1
24.49,RightHandAnchor,0.288,-0.020,0.141,273.4,334.8,7.7
24.49,Head,0.010,-0.011,0.031,8.9,9.9,0.2
24.55,LeftHandAnchor,-0.085,-0.271,0.320,331.5,8.8,4.2
24.55,RightHandAnchor,0.297,-0.038,0.149,293.2,345.6,355.5
24.55,Head,0.009,-0.011,0.032,9.0,9.8,0.4
24.60,LeftHandAnchor,-0.085,-0.271,0.320,331.6,8.8,4.2
24.60,RightHandAnchor,0.280,-0.062,0.169,312.3,344.8,354.1
24.60,Head,0.009,-0.011,0.032,9.1,9.8,0.4
24.66,LeftHandAnchor,-0.085,-0.270,0.320,331.6,8.8,4.2
24.66,RightHandAnchor,0.242,-0.102,0.158,327.6,348.1,3.8
24.66,Head,0.010,-0.011,0.032,9.0,9.8,0.5
24.71,LeftHandAnchor,-0.085,-0.270,0.320,331.7,8.8,4.2
24.71,RightHandAnchor,0.219,-0.122,0.184,335.8,357.1,0.7
24.71,Head,0.010,-0.011,0.031,9.0,9.9,0.2
24.77,LeftHandAnchor,-0.084,-0.270,0.320,331.7,8.7,4.2
24.77,RightHandAnchor,0.226,-0.145,0.221,334.2,353.6,359.2
24.77,Head,0.011,-0.011,0.031,8.9,10.1,359.9
24.82,LeftHandAnchor,-0.084,-0.270,0.320,331.8,8.6,4.3
24.82,RightHandAnchor,0.212,-0.171,0.244,322.2,352.1,355.2
24.82,Head,0.012,-0.011,0.030,9.0,10.6,359.5
24.88,LeftHandAnchor,-0.084,-0.270,0.320,331.9,8.5,4.3
24.88,RightHandAnchor,0.202,-0.182,0.260,317.8,353.3,348.5
24.88,Head,0.013,-0.011,0.030,8.8,11.0,359.2
24.93,LeftHandAnchor,-0.084,-0.271,0.320,331.8,8.6,4.2
24.93,RightHandAnchor,0.199,-0.184,0.276,319.4,354.1,348.3
24.93,Head,0.013,-0.011,0.030,8.8,11.1,359.0
24.99,LeftHandAnchor,-0.085,-0.271,0.320,331.8,8.7,4.3
24.99,RightHandAnchor,0.197,-0.184,0.287,325.2,358.1,348.1
24.99,Head,0.013,-0.011,0.030,8.7,11.0,359.0
25.05,LeftHandAnchor,-0.085,-0.271,0.321,331.8,8.7,4.5
25.05,RightHandAnchor,0.196,-0.182,0.294,330.8,359.0,347.4
25.05,Head,0.013,-0.011,0.031,8.7,10.9,359.0
25.10,LeftHandAnchor,-0.085,-0.271,0.321,331.7,8.8,4.4
25.10,RightHandAnchor,0.194,-0.181,0.296,331.6,359.2,349.0
25.10,Head,0.013,-0.011,0.031,8.8,10.7,359.0
25.16,LeftHandAnchor,-0.085,-0.271,0.321,331.6,8.9,4.5
25.16,RightHandAnchor,0.191,-0.182,0.298,331.0,359.4,349.5
25.16,Head,0.013,-0.011,0.032,8.9,10.5,359.1
25.21,LeftHandAnchor,-0.085,-0.271,0.320,331.5,8.9,4.4
25.21,RightHandAnchor,0.188,-0.183,0.300,330.1,0.2,349.2
25.21,Head,0.013,-0.011,0.032,9.1,10.5,359.2
25.27,LeftHandAnchor,-0.085,-0.271,0.320,331.5,8.9,4.4
25.27,RightHandAnchor,0.188,-0.183,0.301,329.1,0.5,349.3
25.27,Head,0.012,-0.012,0.032,9.3,10.4,359.3
25.32,LeftHandAnchor,-0.085,-0.271,0.320,331.6,8.9,4.4
25.32,RightHandAnchor,0.188,-0.182,0.301,329.0,0.6,349.3
25.32,Head,0.012,-0.012,0.032,9.3,10.4,359.5
25.38,LeftHandAnchor,-0.085,-0.271,0.320,331.7,8.9,4.4
25.38,RightHandAnchor,0.188,-0.181,0.301,329.1,0.8,350.2
25.38,Head,0.012,-0.012,0.032,9.3,10.3,359.7
25.43,LeftHandAnchor,-0.085,-0.271,0.320,331.8,8.9,4.4
25.43,RightHandAnchor,0.188,-0.179,0.301,329.2,0.7,350.7
25.43,Head,0.011,-0.012,0.032,9.2,10.2,359.7
25.49,LeftHandAnchor,-0.085,-0.271,0.321,331.5,8.9,4.4
25.49,RightHandAnchor,0.189,-0.178,0.301,329.4,0.7,350.9
25.49,Head,0.011,-0.012,0.032,9.2,10.1,359.8
25.55,LeftHandAnchor,-0.085,-0.271,0.321,331.5,9.0,4.4
25.55,RightHandAnchor,0.190,-0.178,0.301,329.3,0.7,351.0
25.55,Head,0.011,-0.012,0.032,9.2,10.2,359.7
25.60,LeftHandAnchor,-0.085,-0.271,0.321,331.5,9.0,4.3
25.60,RightHandAnchor,0.190,-0.179,0.301,329.2,0.7,351.3
25.60,Head,0.012,-0.012,0.031,9.1,10.3,359.6
25.66,LeftHandAnchor,-0.085,-0.271,0.320,331.5,9.0,4.3
25.66,RightHandAnchor,0.190,-0.179,0.301,329.3,0.7,351.5
25.66,Head,0.012,-0.012,0.031,9.2,10.5,359.6
25.71,LeftHandAnchor,-0.085,-0.271,0.320,331.5,9.0,4.3
25.71,RightHandAnchor,0.191,-0.180,0.300,329.8,0.8,352.3
25.71,Head,0.012,-0.011,0.031,9.1,10.5,359.6
25.77,LeftHandAnchor,-0.085,-0.271,0.320,331.5,9.0,4.2
25.77,RightHandAnchor,0.190,-0.180,0.300,329.9,0.8,352.7
25.77,Head,0.012,-0.011,0.031,9.1,10.4,359.5
25.82,LeftHandAnchor,-0.085,-0.271,0.321,331.4,9.0,4.3
25.82,RightHandAnchor,0.191,-0.182,0.300,329.6,1.0,353.0
25.82,Head,0.012,-0.011,0.031,9.0,10.5,359.5
25.88,LeftHandAnchor,-0.085,-0.271,0.321,331.4,9.0,4.2
25.88,RightHandAnchor,0.191,-0.184,0.301,326.2,1.2,350.6
25.88,Head,0.012,-0.011,0.030,9.0,10.6,359.6
25.93,LeftHandAnchor,-0.085,-0.271,0.321,332.0,9.0,3.8
25.93,RightHandAnchor,0.188,-0.192,0.303,311.3,5.4,338.8
25.93,Head,0.012,-0.011,0.030,9.0,10.7,359.5
25.99,LeftHandAnchor,-0.085,-0.271,0.321,331.9,9.0,3.8
25.99,RightHandAnchor,0.185,-0.214,0.323,285.8,21.3,321.4
25.99,Head,0.012,-0.011,0.030,8.9,10.6,359.4
26.05,LeftHandAnchor,-0.085,-0.271,0.321,331.6,9.2,3.8
26.05,RightHandAnchor,0.193,-0.213,0.346,273.8,74.0,269.4
26.05,Head,0.012,-0.011,0.030,9.0,10.6,359.2
26.10,LeftHandAnchor,-0.085,-0.271,0.320,331.5,9.2,3.9
26.10,RightHandAnchor,0.200,-0.181,0.345,272.4,222.0,122.5
26.10,Head,0.013,-0.012,0.029,9.2,11.0,359.1
26.16,LeftHandAnchor,-0.085,-0.271,0.320,331.6,9.2,4.0
26.16,RightHandAnchor,0.202,-0.145,0.350,275.0,218.0,128.2
26.16,Head,0.014,-0.012,0.030,9.3,11.1,358.9
26.21,LeftHandAnchor,-0.084,-0.271,0.320,331.8,9.1,4.1
26.21,RightHandAnchor,0.199,-0.103,0.346,276.8,207.2,140.2
26.21,Head,0.014,-0.012,0.030,9.5,11.2,358.7
26.27,LeftHandAnchor,-0.085,-0.271,0.320,331.8,9.0,4.1
26.27,RightHandAnchor,0.200,-0.066,0.350,284.0,199.0,150.6
26.27,Head,0.014,-0.012,0.030,9.7,11.3,358.6
26.32,LeftHandAnchor,-0.085,-0.271,0.320,331.5,9.1,4.1
26.32,RightHandAnchor,0.200,-0.035,0.342,288.3,201.4,149.0
26.32,Head,0.014,-0.013,0.031,9.8,11.3,358.6
26.38,LeftHandAnchor,-0.086,-0.272,0.321,330.8,9.1,4.8
26.38,RightHandAnchor,0.198,-0.008,0.335,292.1,200.0,151.1
26.38,Head,0.014,-0.013,0.031,9.7,11.3,358.7
26.43,LeftHandAnchor,-0.086,-0.272,0.321,330.8,9.1,5.0
26.43,RightHandAnchor,0.194,0.014,0.325,295.7,199.0,154.2
26.43,Head,0.013,-0.013,0.031,9.7,11.2,358.9
26.49,LeftHandAnchor,-0.086,-0.272,0.320,330.7,9.1,5.1
26.49,RightHandAnchor,0.188,0.027,0.314,298.6,197.7,157.2
26.49,Head,0.013,-0.013,0.031,9.7,11.1,359.0
26.55,LeftHandAnchor,-0.086,-0.272,0.320,330.7,9.2,5.2
26.55,RightHandAnchor,0.185,0.035,0.302,301.3,197.8,157.8
26.55,Head,0.013,-0.012,0.030,9.5,11.1,359.1
26.60,LeftHandAnchor,-0.086,-0.272,0.320,330.6,9.2,5.5
26.60,RightHandAnchor,0.182,0.043,0.298,301.5,196.9,159.3
26.60,Head,0.012,-0.012,0.030,9.2,11.1,359.1
26.66,LeftHandAnchor,-0.086,-0.272,0.320,330.6,9.1,5.7
26.66,RightHandAnchor,0.174,0.053,0.292,300.4,193.1,164.6
26.66,Head,0.012,-0.012,0.030,9.0,11.1,359.1
26.71,LeftHandAnchor,-0.086,-0.272,0.320,330.6,9.1,5.5
26.71,RightHandAnchor,0.173,0.059,0.287,300.2,192.9,164.2
26.71,Head,0.012,-0.012,0.030,9.0,11.1,359.1
26.77,LeftHandAnchor,-0.086,-0.272,0.319,330.6,9.2,5.7
26.77,RightHandAnchor,0.170,0.061,0.281,298.5,191.1,164.0
26.77,Head,0.012,-0.012,0.030,9.1,11.1,359.1
26.82,LeftHandAnchor,-0.086,-0.271,0.319,330.5,9.2,5.8
26.82,RightHandAnchor,0.169,0.061,0.276,297.6,190.3,160.9
26.82,Head,0.011,-0.012,0.030,9.3,11.2,359.1
26.88,LeftHandAnchor,-0.086,-0.271,0.319,330.6,9.3,5.7
26.88,RightHandAnchor,0.168,0.062,0.269,295.7,190.3,157.5
26.88,Head,0.011,-0.012,0.030,9.3,11.2,359.1
26.93,LeftHandAnchor,-0.087,-0.271,0.319,330.5,9.3,5.8
26.93,RightHandAnchor,0.169,0.065,0.263,292.9,191.5,154.9
26.93,Head,0.011,-0.012,0.031,9.4,11.2,359.0
26.99,LeftHandAnchor,-0.087,-0.272,0.319,330.4,9.3,5.9
26.99,RightHandAnchor,0.169,0.073,0.260,291.3,192.8,153.9
26.99,Head,0.012,-0.012,0.031,9.4,11.2,359.0
27.05,LeftHandAnchor,-0.087,-0.272,0.319,330.3,9.4,5.8
27.05,RightHandAnchor,0.170,0.075,0.260,292.3,196.8,155.1
27.05,Head,0.012,-0.012,0.031,9.4,11.2,358.9
27.10,LeftHandAnchor,-0.087,-0.272,0.319,330.1,9.4,6.1
27.10,RightHandAnchor,0.172,0.076,0.258,291.6,195.9,153.9
27.10,Head,0.012,-0.012,0.031,9.5,11.2,358.8
27.16,LeftHandAnchor,-0.087,-0.272,0.319,330.1,9.5,6.2
27.16,RightHandAnchor,0.174,0.077,0.255,290.8,195.3,152.6
27.16,Head,0.013,-0.013,0.031,9.6,11.4,358.8
27.21,LeftHandAnchor,-0.087,-0.272,0.319,330.1,9.5,6.1
27.21,RightHandAnchor,0.192,0.128,0.269,305.5,193.0,149.7
27.21,Head,0.013,-0.013,0.030,9.7,11.5,358.7
27.27,LeftHandAnchor,-0.087,-0.272,0.319,330.1,9.4,5.9
27.27,RightHandAnchor,0.192,0.156,0.267,302.2,203.6,128.7
27.27,Head,0.013,-0.013,0.030,9.7,11.6,358.5
27.32,LeftHandAnchor,-0.087,-0.272,0.319,330.2,9.5,5.8
27.32,RightHandAnchor,0.000,0.000,0.000,0.0,0.0,0.0
27.32,Head,0.014,-0.013,0.030,9.7,11.6,358.3
27.38,LeftHandAnchor,-0.087,-0.272,0.319,330.1,9.5,5.7
27.38,RightHandAnchor,0.000,0.000,0.000,0.0,0.0,0.0
27.38,Head,0.014,-0.013,0.030,9.6,11.7,358.2
27.43,LeftHandAnchor,-0.087,-0.272,0.320,330.1,9.5,5.8
27.43,RightHandAnchor,0.000,0.000,0.000,0.0,0.0,0.0
27.43,Head,0.014,-0.013,0.030,9.6,11.7,358.3
27.49,LeftHandAnchor,-0.087,-0.272,0.319,330.2,9.5,5.8
27.49,RightHandAnchor,0.000,0.000,0.000,0.0,0.0,0.0
27.49,Head,0.013,-0.013,0.030,9.6,11.6,358.4
27.55,LeftHandAnchor,-0.087,-0.272,0.320,330.2,9.5,5.9
27.55,RightHandAnchor,0.000,0.000,0.000,0.0,0.0,0.0
27.55,Head,0.013,-0.013,0.031,9.6,11.4,358.5
27.60,LeftHandAnchor,-0.087,-0.272,0.320,330.3,9.5,5.9
27.60,RightHandAnchor,0.000,0.000,0.000,0.0,0.0,0.0
27.60,Head,0.013,-0.013,0.031,9.6,11.3,358.5
27.66,LeftHandAnchor,-0.087,-0.272,0.320,330.3,9.5,5.8
27.66,RightHandAnchor,0.000,0.000,0.000,0.0,0.0,0.0
27.66,Head,0.013,-0.013,0.031,9.6,11.3,358.6
27.71,LeftHandAnchor,-0.087,-0.273,0.320,330.3,9.6,5.9
27.71,RightHandAnchor,0.000,0.000,0.000,0.0,0.0,0.0
27.71,Head,0.012,-0.012,0.031,9.6,11.2,358.7
27.77,LeftHandAnchor,-0.087,-0.273,0.320,330.3,9.6,5.7
27.77,RightHandAnchor,0.000,0.000,0.000,0.0,0.0,0.0
27.77,Head,0.012,-0.012,0.031,9.5,10.9,358.8
27.82,LeftHandAnchor,-0.087,-0.272,0.320,330.3,9.6,5.6
27.82,RightHandAnchor,0.000,0.000,0.000,0.0,0.0,0.0
27.82,Head,0.012,-0.012,0.031,9.5,10.8,358.8
27.88,LeftHandAnchor,-0.087,-0.272,0.320,330.4,9.6,5.6
27.88,RightHandAnchor,0.000,0.000,0.000,0.0,0.0,0.0
27.88,Head,0.011,-0.012,0.031,9.6,10.8,358.9
27.93,LeftHandAnchor,-0.087,-0.272,0.320,330.4,9.6,5.7
27.93,RightHandAnchor,0.000,0.000,0.000,0.0,0.0,0.0
27.93,Head,0.011,-0.012,0.031,9.6,10.8,359.0
27.99,LeftHandAnchor,-0.087,-0.272,0.321,330.7,9.5,5.5
27.99,RightHandAnchor,0.000,0.000,0.000,0.0,0.0,0.0
27.99,Head,0.011,-0.013,0.031,9.6,10.8,359.1
28.05,LeftHandAnchor,-0.086,-0.272,0.321,331.0,9.3,5.1
28.05,RightHandAnchor,0.000,0.000,0.000,0.0,0.0,0.0
28.05,Head,0.010,-0.013,0.031,9.6,10.6,359.2
28.10,LeftHandAnchor,-0.086,-0.272,0.321,331.2,9.2,4.9
28.10,RightHandAnchor,0.000,0.000,0.000,0.0,0.0,0.0
28.10,Head,0.009,-0.012,0.031,9.5,10.4,359.5
28.16,LeftHandAnchor,-0.086,-0.271,0.321,331.2,9.2,5.0
28.16,RightHandAnchor,0.000,0.000,0.000,0.0,0.0,0.0
28.16,Head,0.009,-0.012,0.031,9.5,10.3,359.6
28.21,LeftHandAnchor,-0.086,-0.271,0.321,331.2,9.2,4.9
28.21,RightHandAnchor,0.000,0.000,0.000,0.0,0.0,0.0
28.21,Head,0.009,-0.012,0.031,9.5,10.3,359.8
28.27,LeftHandAnchor,-0.086,-0.271,0.321,331.2,9.3,4.8
28.27,RightHandAnchor,0.000,0.000,0.000,0.0,0.0,0.0
28.27,Head,0.008,-0.012,0.031,9.3,10.2,359.8
28.32,LeftHandAnchor,-0.086,-0.271,0.321,331.1,9.3,4.6
28.32,RightHandAnchor,0.000,0.000,0.000,0.0,0.0,0.0
28.32,Head,0.009,-0.012,0.030,9.2,10.5,359.9
28.38,LeftHandAnchor,-0.086,-0.271,0.321,331.2,9.3,4.6
28.38,RightHandAnchor,0.255,0.024,0.161,313.4,146.7,163.5
28.38,Head,0.009,-0.012,0.030,9.3,10.9,0.0
28.43,LeftHandAnchor,-0.086,-0.271,0.321,331.3,9.3,4.5
28.43,RightHandAnchor,0.278,-0.021,0.175,303.8,136.7,174.7
28.43,Head,0.009,-0.012,0.030,9.2,10.5,0.1
28.49,LeftHandAnchor,-0.085,-0.270,0.320,331.4,9.2,4.4
28.49,RightHandAnchor,0.277,-0.053,0.197,301.6,139.0,174.5
28.49,Head,0.008,-0.012,0.030,9.2,10.2,0.1
28.55,LeftHandAnchor,-0.085,-0.271,0.320,331.5,9.2,4.3
28.55,RightHandAnchor,0.288,-0.085,0.207,288.6,138.4,184.8
28.55,Head,0.008,-0.012,0.030,9.2,10.2,0.1
28.60,LeftHandAnchor,-0.085,-0.271,0.320,331.4,9.1,4.4
28.60,RightHandAnchor,0.267,-0.121,0.175,282.3,23.6,299.1
28.60,Head,0.009,-0.012,0.031,9.1,10.0,0.1
28.66,LeftHandAnchor,-0.085,-0.271,0.320,331.5,9.1,4.5
28.66,RightHandAnchor,0.255,-0.130,0.163,303.2,1.5,325.3
28.66,Head,0.009,-0.012,0.031,9.3,9.9,359.9
28.71,LeftHandAnchor,-0.085,-0.271,0.321,331.3,9.1,4.6
28.71,RightHandAnchor,0.263,-0.135,0.173,321.4,351.0,334.5
28.71,Head,0.009,-0.012,0.032,9.6,10.0,359.9
28.77,LeftHandAnchor,-0.086,-0.271,0.321,331.4,9.1,4.6
28.77,RightHandAnchor,0.258,-0.138,0.176,343.2,345.3,340.6
28.77,Head,0.009,-0.013,0.032,9.7,10.1,359.9
28.82,LeftHandAnchor,-0.086,-0.271,0.321,331.2,9.1,4.4
28.82,RightHandAnchor,0.232,-0.155,0.194,353.0,349.3,356.5
28.82,Head,0.009,-0.013,0.032,9.7,10.1,0.0
28.88,LeftHandAnchor,-0.086,-0.271,0.321,330.8,9.1,4.5
28.88,RightHandAnchor,0.220,-0.172,0.217,357.9,348.5,5.1
28.88,Head,0.009,-0.013,0.032,9.7,10.1,0.0
28.93,LeftHandAnchor,-0.086,-0.271,0.320,330.8,8.9,4.9
28.93,RightHandAnchor,0.212,-0.188,0.227,0.1,347.0,2.1
28.93,Head,0.009,-0.013,0.032,9.8,10.0,0.1
28.99,LeftHandAnchor,-0.086,-0.271,0.320,330.7,9.0,4.9
28.99,RightHandAnchor,0.204,-0.200,0.230,354.0,345.8,353.5
28.99,Head,0.009,-0.013,0.032,9.8,10.0,0.0
29.05,LeftHandAnchor,-0.086,-0.271,0.320,330.7,8.9,5.1
29.05,RightHandAnchor,0.195,-0.211,0.238,351.1,346.7,352.1
29.05,Head,0.009,-0.013,0.032,9.7,10.1,360.0
29.10,LeftHandAnchor,-0.086,-0.271,0.320,330.7,9.0,4.9
29.10,RightHandAnchor,0.188,-0.219,0.242,349.2,350.0,349.8
29.10,Head,0.010,-0.013,0.032,9.8,10.2,360.0
29.16,LeftHandAnchor,-0.086,-0.271,0.320,330.8,9.0,4.9
29.16,RightHandAnchor,0.185,-0.220,0.245,348.7,351.9,350.6
29.16,Head,0.010,-0.013,0.032,9.8,10.3,359.9
29.21,LeftHandAnchor,-0.086,-0.271,0.320,330.8,8.9,4.9
29.21,RightHandAnchor,0.179,-0.230,0.255,345.4,354.2,352.0
29.21,Head,0.010,-0.013,0.031,9.8,10.3,359.9
29.27,LeftHandAnchor,-0.086,-0.271,0.320,330.8,8.9,4.9
29.27,RightHandAnchor,0.173,-0.232,0.257,343.3,357.9,354.7
29.27,Head,0.011,-0.013,0.031,9.7,10.3,359.8
29.32,LeftHandAnchor,-0.086,-0.271,0.320,330.7,9.0,4.8
29.32,RightHandAnchor,0.169,-0.232,0.260,343.1,0.0,356.1
29.32,Head,0.011,-0.013,0.031,9.7,10.4,359.7
29.38,LeftHandAnchor,-0.086,-0.271,0.320,330.7,8.9,5.6
29.38,RightHandAnchor,0.170,-0.234,0.264,343.3,0.9,357.3
29.38,Head,0.011,-0.013,0.031,9.7,10.4,359.7
29.43,LeftHandAnchor,-0.086,-0.271,0.320,330.7,9.0,5.3
29.43,RightHandAnchor,0.170,-0.235,0.267,343.1,1.3,357.8
29.43,Head,0.011,-0.013,0.032,9.7,10.5,359.7
29.49,LeftHandAnchor,-0.086,-0.271,0.320,330.7,9.1,5.3
29.49,RightHandAnchor,0.170,-0.236,0.268,342.8,1.5,357.8
29.49,Head,0.010,-0.013,0.032,9.8,10.4,359.8
29.55,LeftHandAnchor,-0.087,-0.271,0.320,330.6,9.2,5.5
29.55,RightHandAnchor,0.170,-0.236,0.269,342.7,1.8,358.6
29.55,Head,0.010,-0.013,0.032,9.9,10.3,359.9
29.60,LeftHandAnchor,-0.087,-0.271,0.320,330.5,9.2,5.5
29.60,RightHandAnchor,0.171,-0.235,0.269,342.7,1.8,358.2
29.60,Head,0.010,-0.013,0.032,9.9,10.3,359.9
29.66,LeftHandAnchor,-0.087,-0.271,0.320,330.5,9.2,5.5
29.66,RightHandAnchor,0.171,-0.234,0.269,342.9,1.9,358.2
29.66,Head,0.010,-0.013,0.032,9.8,10.4,360.0
29.71,LeftHandAnchor,-0.087,-0.271,0.320,330.5,9.2,5.4
29.71,RightHandAnchor,0.172,-0.233,0.270,343.0,1.9,358.0
29.71,Head,0.010,-0.013,0.031,9.8,10.4,359.9
29.77,LeftHandAnchor,-0.087,-0.271,0.319,330.5,9.2,5.4
29.77,RightHandAnchor,0.171,-0.233,0.270,342.3,2.3,358.5
29.77,Head,0.010,-0.013,0.031,9.7,10.4,359.9
29.82,LeftHandAnchor,-0.087,-0.271,0.319,330.5,9.3,5.4
29.82,RightHandAnchor,0.171,-0.233,0.270,340.8,3.0,359.1
29.82,Head,0.010,-0.013,0.031,9.7,10.5,359.8
29.88,LeftHandAnchor,-0.087,-0.271,0.319,330.4,9.4,5.3
29.88,RightHandAnchor,0.169,-0.233,0.271,339.5,3.3,358.5
29.88,Head,0.010,-0.013,0.031,9.7,10.6,359.8
29.94,LeftHandAnchor,-0.087,-0.272,0.320,330.5,9.3,5.6
29.94,RightHandAnchor,0.166,-0.236,0.271,334.3,4.0,355.8
29.94,Head,0.010,-0.012,0.031,9.6,10.5,359.9
29.99,LeftHandAnchor,-0.087,-0.272,0.320,330.5,9.3,5.6
29.99,RightHandAnchor,0.164,-0.244,0.274,325.4,8.2,342.4
29.99,Head,0.010,-0.012,0.030,9.6,10.6,359.8
30.05,LeftHandAnchor,-0.087,-0.272,0.320,330.5,9.3,5.6
30.05,RightHandAnchor,0.162,-0.251,0.278,321.8,10.2,338.0
30.05,Head,0.009,-0.012,0.030,9.6,10.7,359.8
30.10,LeftHandAnchor,-0.086,-0.271,0.320,330.6,9.4,5.2
30.10,RightHandAnchor,0.164,-0.260,0.289,309.7,11.6,336.4
30.10,Head,0.009,-0.012,0.029,9.5,10.8,359.8
30.16,LeftHandAnchor,-0.086,-0.271,0.319,330.5,9.4,5.2
30.16,RightHandAnchor,0.172,-0.265,0.308,298.1,11.7,340.0
30.16,Head,0.009,-0.012,0.029,9.5,10.7,359.7
30.21,LeftHandAnchor,-0.086,-0.271,0.319,330.5,9.3,6.1
30.21,RightHandAnchor,0.185,-0.258,0.323,290.3,11.2,339.9
30.21,Head,0.008,-0.012,0.029,9.4,10.7,359.8
30.27,LeftHandAnchor,-0.086,-0.271,0.319,330.5,9.3,5.8
30.27,RightHandAnchor,0.193,-0.232,0.341,280.4,4.6,346.7
30.27,Head,0.008,-0.012,0.029,9.3,10.6,359.8
30.32,LeftHandAnchor,-0.086,-0.271,0.320,330.4,9.4,5.3
30.32,RightHandAnchor,0.195,-0.204,0.345,278.0,4.4,347.9
30.32,Head,0.007,-0.012,0.029,9.4,10.6,359.9
30.38,LeftHandAnchor,-0.086,-0.272,0.320,330.3,9.3,5.9
30.38,RightHandAnchor,0.199,-0.173,0.345,274.1,330.1,24.2
30.38,Head,0.007,-0.012,0.029,9.6,10.6,360.0
30.43,LeftHandAnchor,-0.087,-0.272,0.320,330.2,9.4,5.9
30.43,RightHandAnchor,0.196,-0.145,0.344,278.7,225.4,130.1
30.43,Head,0.007,-0.012,0.030,9.6,10.5,0.0
30.49,LeftHandAnchor,-0.086,-0.271,0.319,330.1,9.3,6.2
30.49,RightHandAnchor,0.197,-0.124,0.343,286.1,212.7,141.8
30.49,Head,0.006,-0.013,0.030,9.7,10.4,0.1
30.55,LeftHandAnchor,-0.086,-0.271,0.319,330.2,9.2,6.3
30.55,RightHandAnchor,0.190,-0.102,0.333,285.9,209.4,146.8
30.55,Head,0.006,-0.013,0.030,9.7,10.3,0.0
30.60,LeftHandAnchor,-0.086,-0.271,0.320,330.2,9.2,6.3
30.60,RightHandAnchor,0.192,-0.089,0.334,286.9,206.0,151.4
30.60,Head,0.006,-0.013,0.030,9.8,10.3,0.0
30.66,LeftHandAnchor,-0.086,-0.271,0.319,330.1,9.2,6.4
30.66,RightHandAnchor,0.196,-0.073,0.337,293.5,205.1,153.9
30.66,Head,0.006,-0.013,0.031,9.9,10.3,360.0
30.71,LeftHandAnchor,-0.086,-0.271,0.319,330.1,9.3,6.4
30.71,RightHandAnchor,0.192,-0.056,0.329,297.4,204.9,153.4
30.71,Head,0.007,-0.013,0.031,9.9,10.3,359.9
30.77,LeftHandAnchor,-0.086,-0.271,0.319,330.0,9.3,6.2
30.77,RightHandAnchor,0.192,-0.043,0.330,300.2,202.1,156.3
30.77,Head,0.007,-0.013,0.031,9.9,10.3,359.8
30.82,LeftHandAnchor,-0.086,-0.271,0.319,329.8,9.2,6.6
30.82,RightHandAnchor,0.189,-0.028,0.323,301.7,200.5,156.8
30.82,Head,0.007,-0.013,0.031,10.0,10.3,359.8
30.88,LeftHandAnchor,-0.087,-0.271,0.319,329.8,9.2,6.9
30.88,RightHandAnchor,0.185,-0.018,0.313,303.1,199.5,156.5
30.88,Head,0.007,-0.013,0.031,10.0,10.4,359.8
30.93,LeftHandAnchor,-0.087,-0.272,0.319,329.7,9.2,6.7
30.93,RightHandAnchor,0.181,-0.008,0.306,303.4,197.8,158.4
30.93,Head,0.008,-0.013,0.031,9.9,10.2,359.8
30.99,LeftHandAnchor,-0.087,-0.272,0.320,329.7,9.2,6.7
30.99,RightHandAnchor,0.180,0.002,0.299,308.0,198.0,158.0
30.99,Head,0.008,-0.013,0.031,10.1,10.1,359.7
31.05,LeftHandAnchor,-0.087,-0.272,0.320,329.6,9.2,6.7
31.05,RightHandAnchor,0.178,0.012,0.293,310.0,198.3,158.9
31.05,Head,0.009,-0.013,0.031,10.1,10.2,359.6
31.10,LeftHandAnchor,-0.087,-0.273,0.320,329.6,9.2,6.7
31.10,RightHandAnchor,0.175,0.024,0.287,306.0,195.9,158.8
31.10,Head,0.009,-0.013,0.031,10.1,10.5,359.6
31.16,LeftHandAnchor,-0.087,-0.273,0.320,329.5,9.2,6.8
31.16,RightHandAnchor,0.176,0.038,0.287,304.4,194.1,162.3
31.16,Head,0.010,-0.013,0.031,10.1,10.6,359.5
31.21,LeftHandAnchor,-0.087,-0.273,0.320,329.6,9.2,6.9
31.21,RightHandAnchor,0.178,0.047,0.286,304.3,194.1,163.8
31.21,Head,0.010,-0.013,0.031,10.0,10.6,359.5
31.27,LeftHandAnchor,-0.087,-0.273,0.320,329.5,9.3,6.7
31.27,RightHandAnchor,0.177,0.053,0.285,300.9,191.1,167.5
31.27,Head,0.010,-0.013,0.031,10.0,10.6,359.4
31.32,LeftHandAnchor,-0.087,-0.273,0.320,329.5,9.3,6.8
31.32,RightHandAnchor,0.175,0.055,0.279,297.2,190.7,169.3
31.32,Head,0.010,-0.013,0.031,10.0,10.6,359.5
31.38,LeftHandAnchor,-0.087,-0.273,0.320,329.6,9.3,6.7
31.38,RightHandAnchor,0.173,0.054,0.271,295.9,191.5,164.8
31.38,Head,0.010,-0.013,0.031,10.1,10.6,359.5
31.43,LeftHandAnchor,-0.087,-0.273,0.320,329.8,9.3,6.4
31.43,RightHandAnchor,0.172,0.053,0.264,293.6,193.3,158.2
31.43,Head,0.010,-0.013,0.031,10.1,10.6,359.5
31.49,LeftHandAnchor,-0.087,-0.272,0.320,329.9,9.3,6.3
31.49,RightHandAnchor,0.174,0.058,0.259,292.4,194.7,153.4
31.49,Head,0.010,-0.013,0.031,10.2,10.6,359.4
31.55,LeftHandAnchor,-0.087,-0.272,0.320,330.1,9.3,6.1
31.55,RightHandAnchor,0.175,0.060,0.257,291.5,193.2,156.1
31.55,Head,0.010,-0.014,0.031,10.2,10.6,359.5
31.60,LeftHandAnchor,-0.087,-0.272,0.320,330.1,9.3,6.2
31.60,RightHandAnchor,0.174,0.062,0.255,289.9,191.4,161.1
31.60,Head,0.009,-0.014,0.032,10.3,10.5,359.6
31.66,LeftHandAnchor,-0.087,-0.273,0.320,330.0,9.3,6.2
31.66,RightHandAnchor,0.173,0.063,0.251,289.2,189.8,164.3
31.66,Head,0.009,-0.014,0.032,10.4,10.5,359.7
31.71,LeftHandAnchor,-0.087,-0.273,0.320,329.9,9.3,6.2
31.71,RightHandAnchor,0.174,0.065,0.245,289.1,186.5,167.3
31.71,Head,0.009,-0.014,0.031,10.5,10.5,359.7
31.77,LeftHandAnchor,-0.087,-0.272,0.320,330.0,9.3,6.2
31.77,RightHandAnchor,0.175,0.066,0.242,288.5,184.8,169.8
31.77,Head,0.009,-0.014,0.031,10.5,10.7,359.6
31.82,LeftHandAnchor,-0.087,-0.272,0.320,330.0,9.3,6.1
31.82,RightHandAnchor,0.176,0.068,0.238,289.2,181.6,172.1
31.82,Head,0.009,-0.014,0.031,10.4,10.9,359.6
31.88,LeftHandAnchor,-0.087,-0.272,0.320,330.0,9.3,6.1
31.88,RightHandAnchor,0.195,0.097,0.251,292.4,181.1,160.5
31.88,Head,0.009,-0.014,0.031,10.4,10.8,359.6
31.93,LeftHandAnchor,-0.087,-0.273,0.320,329.9,9.3,6.2
31.93,RightHandAnchor,0.173,0.089,0.249,298.0,162.0,189.6
31.93,Head,0.009,-0.014,0.031,10.4,10.7,359.6
31.99,LeftHandAnchor,-0.087,-0.273,0.320,329.9,9.3,6.2
31.99,RightHandAnchor,0.170,0.090,0.255,299.0,157.9,196.0
31.99,Head,0.009,-0.014,0.031,10.4,10.7,359.7
32.05,LeftHandAnchor,-0.087,-0.272,0.320,329.9,9.3,6.3
32.05,RightHandAnchor,0.173,0.088,0.256,295.9,161.6,195.8
32.05,Head,0.009,-0.014,0.031,10.3,10.8,359.7
32.10,LeftHandAnchor,-0.087,-0.272,0.320,330.0,9.3,6.2
32.10,RightHandAnchor,0.179,0.086,0.254,294.4,163.6,192.1
32.10,Head,0.009,-0.014,0.031,10.3,10.8,359.7
32.16,LeftHandAnchor,-0.087,-0.272,0.319,330.0,9.3,6.0
32.16,RightHandAnchor,0.181,0.078,0.247,293.0,172.9,181.6
32.16,Head,0.009,-0.014,0.031,10.1,10.8,359.8
32.21,LeftHandAnchor,-0.087,-0.272,0.319,330.0,9.3,6.2
32.21,RightHandAnchor,0.180,0.072,0.238,292.0,174.6,176.8
32.21,Head,0.009,-0.013,0.030,10.0,10.8,359.7
32.27,LeftHandAnchor,-0.087,-0.272,0.319,329.8,9.3,6.1
32.27,RightHandAnchor,0.180,0.067,0.238,293.5,179.4,170.1
32.27,Head,0.009,-0.013,0.030,10.0,10.8,359.7
32.32,LeftHandAnchor,-0.087,-0.273,0.319,329.5,9.3,6.4
32.32,RightHandAnchor,0.180,0.068,0.244,294.1,170.8,178.0
32.32,Head,0.009,-0.013,0.030,10.0,10.9,359.7
32.38,LeftHandAnchor,-0.087,-0.273,0.320,329.5,9.4,6.4
32.38,RightHandAnchor,0.182,0.068,0.244,286.8,146.4,199.1
32.38,Head,0.009,-0.013,0.030,10.0,10.9,359.7
32.43,LeftHandAnchor,-0.087,-0.272,0.319,329.6,9.4,6.5
32.43,RightHandAnchor,0.184,0.067,0.238,285.6,147.6,197.6
32.43,Head,0.009,-0.013,0.030,9.9,10.9,359.8
32.49,LeftHandAnchor,-0.087,-0.272,0.320,329.6,9.4,6.6
32.49,RightHandAnchor,0.184,0.066,0.237,286.9,149.5,199.6
32.49,Head,0.008,-0.013,0.030,9.8,10.9,359.9
32.55,LeftHandAnchor,-0.087,-0.272,0.320,329.6,9.4,6.7
32.55,RightHandAnchor,0.184,0.060,0.236,287.8,150.2,202.6
32.55,Head,0.009,-0.011,0.029,9.0,11.2,360.0
32.60,LeftHandAnchor,-0.087,-0.272,0.320,329.8,9.5,6.2
32.60,RightHandAnchor,0.188,0.050,0.241,278.7,159.3,200.0
32.60,Head,0.009,-0.010,0.028,8.1,11.6,0.2
32.66,LeftHandAnchor,-0.086,-0.272,0.320,329.9,9.5,6.1
32.66,RightHandAnchor,0.187,0.047,0.241,278.9,208.8,155.1
32.66,Head,0.010,-0.008,0.027,6.9,12.3,0.5
32.71,LeftHandAnchor,-0.086,-0.271,0.320,330.8,9.5,5.2
32.71,RightHandAnchor,0.191,0.044,0.255,282.6,227.2,140.9
32.71,Head,0.011,-0.006,0.025,5.8,12.7,0.5
32.77,LeftHandAnchor,-0.086,-0.271,0.320,330.8,9.4,5.2
32.77,RightHandAnchor,0.197,0.041,0.271,281.2,229.8,137.3
32.77,Head,0.012,-0.005,0.024,5.1,12.9,0.2
32.82,LeftHandAnchor,-0.086,-0.271,0.320,330.9,9.3,5.3
32.82,RightHandAnchor,0.199,0.042,0.275,277.8,234.0,132.3
32.82,Head,0.013,-0.004,0.024,4.7,13.1,359.7
32.88,LeftHandAnchor,-0.086,-0.272,0.320,330.9,9.2,5.5
32.88,RightHandAnchor,0.200,0.048,0.280,275.8,236.7,130.5
32.88,Head,0.014,-0.004,0.024,4.5,13.2,359.5
32.93,LeftHandAnchor,-0.086,-0.272,0.320,330.8,9.3,5.5
32.93,RightHandAnchor,0.203,0.057,0.284,275.8,236.1,131.4
32.93,Head,0.015,-0.004,0.024,4.3,13.6,359.3
32.99,LeftHandAnchor,-0.086,-0.273,0.321,330.8,9.3,5.5
32.99,RightHandAnchor,0.206,0.067,0.286,276.4,235.2,132.1
32.99,Head,0.016,-0.004,0.024,4.3,14.1,359.2
33.05,LeftHandAnchor,-0.086,-0.273,0.320,330.8,9.3,5.6
33.05,RightHandAnchor,0.209,0.074,0.287,277.8,234.3,131.7
33.05,Head,0.017,-0.004,0.024,4.6,14.5,359.1
33.10,LeftHandAnchor,-0.086,-0.273,0.321,330.7,9.3,5.8
33.10,RightHandAnchor,0.208,0.076,0.288,277.8,234.8,131.3
33.10,Head,0.018,-0.004,0.024,4.7,14.6,359.0
33.16,LeftHandAnchor,-0.086,-0.274,0.321,330.4,9.3,6.4
33.16,RightHandAnchor,0.208,0.079,0.290,278.0,233.1,133.1
33.16,Head,0.018,-0.004,0.024,4.7,14.5,359.0
33.21,LeftHandAnchor,-0.086,-0.274,0.321,330.3,9.3,6.6
33.21,RightHandAnchor,0.209,0.083,0.294,279.1,228.5,138.3
33.21,Head,0.017,-0.005,0.024,4.8,14.4,359.2
33.27,LeftHandAnchor,-0.086,-0.274,0.322,330.4,9.3,6.6
33.27,RightHandAnchor,0.209,0.085,0.293,279.1,228.6,138.7
33.27,Head,0.017,-0.005,0.024,5.0,14.2,359.2
33.32,LeftHandAnchor,-0.086,-0.274,0.322,330.3,9.3,6.6
33.32,RightHandAnchor,0.207,0.086,0.292,279.0,229.4,138.2
33.32,Head,0.017,-0.005,0.025,5.3,13.9,359.2
33.38,LeftHandAnchor,-0.086,-0.274,0.322,330.3,9.3,6.5
33.38,RightHandAnchor,0.206,0.089,0.290,278.9,230.5,137.8
33.38,Head,0.017,-0.006,0.025,5.6,13.7,359.3
33.43,LeftHandAnchor,-0.086,-0.274,0.322,330.4,9.3,6.6
33.43,RightHandAnchor,0.205,0.094,0.289,278.7,229.6,139.4
33.43,Head,0.016,-0.006,0.026,5.7,13.5,359.3
33.49,LeftHandAnchor,-0.086,-0.274,0.321,330.4,9.3,6.6
33.49,RightHandAnchor,0.205,0.097,0.286,278.1,229.4,141.6
33.49,Head,0.016,-0.006,0.026,5.8,13.3,359.4
33.55,LeftHandAnchor,-0.086,-0.274,0.321,330.4,9.3,6.6
33.55,RightHandAnchor,0.204,0.098,0.285,277.9,228.8,143.4
33.55,Head,0.016,-0.007,0.026,5.9,13.2,359.4
33.60,LeftHandAnchor,-0.086,-0.274,0.321,330.4,9.3,6.6
33.60,RightHandAnchor,0.202,0.099,0.281,278.1,224.6,147.8
33.60,Head,0.015,-0.007,0.026,5.9,13.0,359.6
33.66,LeftHandAnchor,-0.086,-0.274,0.321,330.4,9.3,6.7
33.66,RightHandAnchor,0.200,0.098,0.277,278.3,219.3,152.6
33.66,Head,0.015,-0.007,0.026,5.9,12.9,359.6
33.71,LeftHandAnchor,-0.086,-0.274,0.321,330.1,9.5,6.3
33.71,RightHandAnchor,0.199,0.097,0.276,279.3,213.0,157.3
33.71,Head,0.015,-0.007,0.026,6.1,12.8,359.6
33.77,LeftHandAnchor,-0.086,-0.274,0.321,330.0,9.5,6.6
33.77,RightHandAnchor,0.199,0.095,0.274,280.2,211.9,157.7
33.77,Head,0.015,-0.007,0.026,6.3,12.7,359.5
33.82,LeftHandAnchor,-0.086,-0.274,0.321,330.1,9.4,6.5
33.82,RightHandAnchor,0.200,0.094,0.273,282.4,209.4,156.7
33.82,Head,0.015,-0.008,0.027,6.4,12.6,359.5
33.88,LeftHandAnchor,-0.086,-0.274,0.321,330.1,9.4,6.4
33.88,RightHandAnchor,0.200,0.093,0.272,284.3,207.3,156.4
33.88,Head,0.015,-0.008,0.027,6.6,12.4,359.5
33.93,LeftHandAnchor,-0.086,-0.274,0.321,330.4,9.4,6.2
33.93,RightHandAnchor,0.200,0.093,0.272,284.2,206.5,157.3
33.93,Head,0.015,-0.008,0.028,6.8,12.3,359.5
33.99,LeftHandAnchor,-0.086,-0.274,0.321,330.4,9.4,6.2
33.99,RightHandAnchor,0.200,0.094,0.272,284.2,206.4,157.6
33.99,Head,0.015,-0.008,0.028,6.9,12.1,359.5
34.05,LeftHandAnchor,-0.086,-0.274,0.321,330.4,9.4,6.3
34.05,RightHandAnchor,0.200,0.099,0.270,285.0,205.6,159.7
34.05,Head,0.015,-0.009,0.029,7.1,12.0,359.5
34.10,LeftHandAnchor,-0.086,-0.273,0.321,330.5,9.4,6.2
34.10,RightHandAnchor,0.201,0.104,0.269,284.8,206.3,159.7
34.10,Head,0.015,-0.009,0.029,7.3,12.0,359.6
34.16,LeftHandAnchor,-0.086,-0.273,0.321,330.6,9.4,5.9
34.16,RightHandAnchor,0.202,0.106,0.268,284.6,206.8,159.0
34.16,Head,0.015,-0.009,0.029,7.6,11.9,359.5
34.21,LeftHandAnchor,-0.086,-0.273,0.321,330.5,9.5,5.9
34.21,RightHandAnchor,0.202,0.107,0.267,283.9,208.2,157.1
34.21,Head,0.015,-0.010,0.029,7.8,11.9,359.5
34.27,LeftHandAnchor,-0.086,-0.274,0.321,330.4,9.5,6.1
34.27,RightHandAnchor,0.202,0.109,0.263,282.8,209.7,155.1
34.27,Head,0.015,-0.010,0.030,8.0,11.8,359.5
34.32,LeftHandAnchor,-0.086,-0.274,0.321,330.4,9.5,6.0
34.32,RightHandAnchor,0.202,0.113,0.258,281.4,209.6,151.5
34.32,Head,0.015,-0.011,0.030,8.3,11.6,359.4
34.38,LeftHandAnchor,-0.086,-0.274,0.321,330.4,9.5,6.0
34.38,RightHandAnchor,0.203,0.118,0.253,279.4,205.3,153.7
34.38,Head,0.014,-0.011,0.030,8.7,11.3,359.2
34.43,LeftHandAnchor,-0.086,-0.274,0.321,330.4,9.6,5.9
34.43,RightHandAnchor,0.204,0.134,0.252,278.1,155.9,201.3
34.43,Head,0.014,-0.012,0.031,8.9,11.2,359.4
34.49,LeftHandAnchor,-0.086,-0.274,0.321,330.4,9.5,6.0
34.49,RightHandAnchor,0.211,0.140,0.244,278.6,135.4,218.8
34.49,Head,0.013,-0.012,0.031,9.0,11.0,359.6
34.55,LeftHandAnchor,-0.086,-0.274,0.321,330.4,9.5,5.9
34.55,RightHandAnchor,0.216,0.145,0.239,279.1,119.3,232.6
34.55,Head,0.012,-0.012,0.032,9.1,10.9,359.7
34.60,LeftHandAnchor,-0.087,-0.274,0.322,330.5,9.5,5.9
34.60,RightHandAnchor,0.220,0.152,0.234,280.7,103.9,245.4
34.60,Head,0.012,-0.012,0.032,9.2,10.9,359.7
34.66,LeftHandAnchor,-0.087,-0.273,0.322,330.8,9.3,5.7
34.66,RightHandAnchor,0.000,0.000,0.000,0.0,0.0,0.0
34.66,Head,0.011,-0.012,0.032,9.2,10.7,359.9
34.71,LeftHandAnchor,-0.086,-0.272,0.321,331.1,9.1,5.7
34.71,RightHandAnchor,0.000,0.000,0.000,0.0,0.0,0.0
34.71,Head,0.010,-0.012,0.032,9.3,10.6,0.1
34.77,LeftHandAnchor,-0.086,-0.272,0.321,331.2,9.0,5.5
34.77,RightHandAnchor,0.000,0.000,0.000,0.0,0.0,0.0
34.77,Head,0.008,-0.012,0.032,9.3,10.5,360.0
34.82,LeftHandAnchor,-0.086,-0.272,0.321,331.2,9.0,5.5
34.82,RightHandAnchor,0.000,0.000,0.000,0.0,0.0,0.0
34.82,Head,0.007,-0.012,0.032,9.1,9.9,0.5
34.88,LeftHandAnchor,-0.086,-0.271,0.321,331.2,9.0,5.5
34.88,RightHandAnchor,0.276,0.051,0.178,314.7,136.2,159.5
34.88,Head,0.006,-0.012,0.032,9.2,9.5,0.6
34.93,LeftHandAnchor,-0.086,-0.271,0.321,331.3,9.0,5.4
34.93,RightHandAnchor,0.274,-0.017,0.144,315.9,137.8,171.8
34.93,Head,0.004,-0.012,0.033,9.3,9.0,0.6
34.99,LeftHandAnchor,-0.086,-0.271,0.321,331.3,8.9,5.3
34.99,RightHandAnchor,0.290,-0.049,0.133,317.1,129.2,167.9
34.99,Head,0.003,-0.013,0.033,9.4,8.5,0.8
35.05,LeftHandAnchor,-0.086,-0.271,0.321,331.4,8.9,5.4
35.05,RightHandAnchor,0.307,-0.073,0.129,318.1,122.1,159.0
35.05,Head,0.003,-0.013,0.034,9.4,8.3,0.9
35.10,LeftHandAnchor,-0.086,-0.271,0.320,331.6,8.7,5.6
35.10,RightHandAnchor,0.287,-0.105,0.142,319.1,105.7,176.9
35.10,Head,0.003,-0.013,0.034,9.4,8.1,1.0
35.16,LeftHandAnchor,-0.086,-0.271,0.321,331.6,8.7,5.6
35.16,RightHandAnchor,0.280,-0.158,0.145,290.5,98.8,201.1
35.16,Head,0.003,-0.013,0.033,9.4,8.1,1.0
35.21,LeftHandAnchor,-0.086,-0.270,0.320,331.7,8.6,5.6
35.21,RightHandAnchor,0.285,-0.189,0.137,279.3,343.3,324.3
35.21,Head,0.003,-0.013,0.033,9.4,8.2,0.9
35.27,LeftHandAnchor,-0.086,-0.270,0.320,331.7,8.6,5.5
35.27,RightHandAnchor,0.280,-0.195,0.117,311.6,333.9,333.2
35.27,Head,0.004,-0.013,0.033,9.4,8.1,0.8
35.32,LeftHandAnchor,-0.085,-0.270,0.320,331.7,8.6,5.6
35.32,RightHandAnchor,0.258,-0.198,0.133,342.5,337.7,334.5
35.32,Head,0.005,-0.012,0.032,9.3,8.3,0.6
35.38,LeftHandAnchor,-0.085,-0.271,0.320,331.6,8.6,5.6
35.38,RightHandAnchor,0.238,-0.226,0.158,355.8,342.5,345.2
35.38,Head,0.006,-0.012,0.032,9.3,8.8,0.4
35.43,LeftHandAnchor,-0.085,-0.271,0.320,331.8,8.6,5.9
35.43,RightHandAnchor,0.200,-0.242,0.185,357.4,355.0,356.8
35.43,Head,0.007,-0.012,0.031,9.2,9.1,0.4
35.49,LeftHandAnchor,-0.085,-0.271,0.320,331.7,8.6,5.9
35.49,RightHandAnchor,0.186,-0.246,0.201,359.4,358.2,354.0
35.49,Head,0.007,-0.012,0.030,9.2,9.5,0.1
35.55,LeftHandAnchor,-0.085,-0.272,0.321,331.7,8.6,5.9
35.55,RightHandAnchor,0.169,-0.252,0.216,357.8,357.9,352.2
35.55,Head,0.008,-0.011,0.029,8.9,9.8,0.1
35.60,LeftHandAnchor,-0.085,-0.272,0.320,331.7,8.6,5.9
35.60,RightHandAnchor,0.162,-0.256,0.233,351.3,1.0,353.5
35.60,Head,0.008,-0.011,0.029,8.6,10.2,0.0
35.66,LeftHandAnchor,-0.085,-0.272,0.320,331.7,8.6,6.0
35.66,RightHandAnchor,0.158,-0.266,0.248,344.9,3.3,354.2
35.66,Head,0.008,-0.010,0.029,8.5,10.4,0.0
35.71,LeftHandAnchor,-0.085,-0.272,0.320,331.7,8.6,6.0
35.71,RightHandAnchor,0.157,-0.270,0.256,341.8,4.2,353.6
35.71,Head,0.008,-0.011,0.029,8.7,10.5,360.0
35.77,LeftHandAnchor,-0.085,-0.272,0.321,331.7,8.6,6.0
35.77,RightHandAnchor,0.158,-0.274,0.262,338.6,5.2,351.7
35.77,Head,0.008,-0.011,0.029,8.7,10.4,360.0
35.82,LeftHandAnchor,-0.085,-0.272,0.321,331.6,8.6,6.0
35.82,RightHandAnchor,0.161,-0.280,0.268,333.4,5.1,350.3
35.82,Head,0.008,-0.011,0.029,8.6,10.3,0.0
35.88,LeftHandAnchor,-0.085,-0.272,0.321,331.6,8.6,5.8
35.88,RightHandAnchor,0.163,-0.283,0.271,332.0,4.8,351.5
35.88,Head,0.008,-0.011,0.029,8.6,10.3,360.0
35.94,LeftHandAnchor,-0.085,-0.272,0.321,331.5,8.7,5.7
35.94,RightHandAnchor,0.165,-0.283,0.274,333.3,5.2,352.7
35.94,Head,0.009,-0.010,0.029,8.5,10.4,0.0
35.99,LeftHandAnchor,-0.085,-0.272,0.321,331.6,8.6,5.7
35.99,RightHandAnchor,0.167,-0.282,0.275,329.7,4.3,351.5
35.99,Head,0.009,-0.010,0.029,8.5,10.6,0.0
36.05,LeftHandAnchor,-0.085,-0.272,0.321,331.5,8.6,5.8
36.05,RightHandAnchor,0.168,-0.282,0.276,324.1,3.5,351.3
36.05,Head,0.009,-0.010,0.028,8.4,10.7,0.0
36.10,LeftHandAnchor,-0.085,-0.272,0.321,331.5,8.6,5.8
36.10,RightHandAnchor,0.171,-0.298,0.285,309.4,1.4,350.2
36.10,Head,0.009,-0.010,0.028,8.3,10.7,0.0
36.16,LeftHandAnchor,-0.085,-0.272,0.321,331.5,8.6,5.6
36.16,RightHandAnchor,0.171,-0.308,0.288,302.7,3.4,345.0
36.16,Head,0.009,-0.010,0.028,8.3,10.7,0.0
36.21,LeftHandAnchor,-0.085,-0.272,0.321,331.5,8.6,5.5
36.21,RightHandAnchor,0.176,-0.321,0.305,292.3,4.3,344.5
36.21,Head,0.009,-0.010,0.027,8.2,10.8,359.9
36.27,LeftHandAnchor,-0.085,-0.271,0.321,331.6,8.6,5.6
36.27,RightHandAnchor,0.181,-0.311,0.318,280.9,341.8,6.8
36.27,Head,0.009,-0.010,0.027,8.0,10.9,360.0
36.32,LeftHandAnchor,-0.085,-0.271,0.321,331.6,8.6,5.7
36.32,RightHandAnchor,0.182,-0.289,0.320,282.9,347.3,359.2
36.32,Head,0.009,-0.010,0.027,8.1,10.9,359.9
36.38,LeftHandAnchor,-0.085,-0.272,0.321,331.6,8.6,5.5
36.38,RightHandAnchor,0.185,-0.260,0.327,283.3,347.7,0.2
36.38,Head,0.009,-0.010,0.027,8.3,10.9,359.8
36.43,LeftHandAnchor,-0.085,-0.272,0.321,331.5,8.6,5.6
36.43,RightHandAnchor,0.188,-0.230,0.340,280.8,339.0,13.0
36.43,Head,0.009,-0.010,0.027,8.4,11.1,359.8
36.49,LeftHandAnchor,-0.085,-0.272,0.321,331.6,8.6,5.7
36.49,RightHandAnchor,0.189,-0.196,0.349,277.1,261.0,89.3
36.49,Head,0.009,-0.010,0.027,8.4,11.2,359.9
36.55,LeftHandAnchor,-0.085,-0.272,0.321,331.4,8.7,5.8
36.55,RightHandAnchor,0.190,-0.168,0.349,275.9,278.9,74.9
36.55,Head,0.008,-0.011,0.027,8.5,11.3,359.8
36.60,LeftHandAnchor,-0.085,-0.272,0.321,331.4,8.8,5.7
36.60,RightHandAnchor,0.198,-0.145,0.357,276.5,275.1,79.7
36.60,Head,0.008,-0.011,0.027,8.5,11.3,359.8
36.66,LeftHandAnchor,-0.085,-0.272,0.321,331.4,8.8,5.7
36.66,RightHandAnchor,0.200,-0.125,0.360,277.9,249.9,105.1
36.66,Head,0.008,-0.011,0.027,8.6,11.3,359.7
36.71,LeftHandAnchor,-0.085,-0.272,0.321,331.5,8.8,5.8
36.71,RightHandAnchor,0.197,-0.102,0.352,277.9,248.1,107.1
36.71,Head,0.008,-0.011,0.028,8.7,11.5,359.6
36.77,LeftHandAnchor,-0.085,-0.271,0.321,331.5,8.8,5.7
36.77,RightHandAnchor,0.199,-0.088,0.352,280.5,230.2,126.2
36.77,Head,0.008,-0.011,0.028,8.8,11.6,359.5
36.82,LeftHandAnchor,-0.085,-0.271,0.321,331.5,8.8,5.6
36.82,RightHandAnchor,0.200,-0.071,0.352,286.0,213.5,143.3
36.82,Head,0.008,-0.012,0.028,8.9,11.6,359.4
36.88,LeftHandAnchor,-0.085,-0.271,0.321,331.4,8.9,5.6
36.88,RightHandAnchor,0.200,-0.057,0.344,287.8,211.2,144.7
36.88,Head,0.008,-0.011,0.028,8.8,11.4,359.4
36.93,LeftHandAnchor,-0.086,-0.272,0.321,331.2,8.9,5.7
36.93,RightHandAnchor,0.198,-0.046,0.334,290.1,207.6,148.8
36.93,Head,0.008,-0.011,0.028,8.7,11.3,359.4
36.99,LeftHandAnchor,-0.086,-0.272,0.321,331.1,8.9,5.7
36.99,RightHandAnchor,0.197,-0.032,0.330,293.0,204.1,154.4
36.99,Head,0.008,-0.011,0.028,8.7,11.3,359.5
37.05,LeftHandAnchor,-0.086,-0.272,0.321,331.0,9.0,5.6
37.05,RightHandAnchor,0.193,-0.021,0.319,293.1,203.2,155.2
37.05,Head,0.008,-0.011,0.028,8.8,11.3,359.4
37.10,LeftHandAnchor,-0.086,-0.272,0.321,331.1,9.1,5.5
37.10,RightHandAnchor,0.193,-0.012,0.316,293.9,202.4,155.9
37.10,Head,0.008,-0.011,0.028,8.8,11.4,359.4
37.16,LeftHandAnchor,-0.085,-0.272,0.321,331.2,9.0,5.5
37.16,RightHandAnchor,0.192,-0.003,0.313,295.2,201.1,156.5
37.16,Head,0.009,-0.011,0.028,8.8,11.5,359.4
37.21,LeftHandAnchor,-0.086,-0.272,0.322,331.2,9.0,5.3
37.21,RightHandAnchor,0.192,0.005,0.310,296.4,200.6,156.7
37.21,Head,0.009,-0.011,0.028,8.8,11.5,359.3
37.27,LeftHandAnchor,-0.086,-0.272,0.322,331.2,9.0,5.3
37.27,RightHandAnchor,0.189,0.012,0.305,298.5,199.5,158.2
37.27,Head,0.009,-0.011,0.028,8.7,11.5,359.4
37.32,LeftHandAnchor,-0.085,-0.272,0.321,331.2,9.0,5.3
37.32,RightHandAnchor,0.188,0.016,0.299,300.0,201.0,157.6
37.32,Head,0.009,-0.011,0.028,8.7,11.5,359.4
37.38,LeftHandAnchor,-0.085,-0.272,0.321,331.2,9.0,5.4
37.38,RightHandAnchor,0.189,0.020,0.297,301.6,203.2,156.4
37.38,Head,0.008,-0.011,0.028,8.7,11.5,359.4
37.43,LeftHandAnchor,-0.085,-0.272,0.321,331.2,9.1,5.4
37.43,RightHandAnchor,0.189,0.026,0.292,301.4,203.2,156.4
37.43,Head,0.008,-0.011,0.028,8.7,11.5,359.5
37.49,LeftHandAnchor,-0.085,-0.272,0.321,331.3,9.1,5.4
37.49,RightHandAnchor,0.187,0.030,0.290,300.2,201.6,158.9
37.49,Head,0.008,-0.011,0.028,8.7,11.3,359.6
37.55,LeftHandAnchor,-0.085,-0.272,0.321,331.3,9.0,5.4
37.55,RightHandAnchor,0.185,0.033,0.288,300.6,200.6,159.9
37.55,Head,0.008,-0.011,0.028,8.7,11.1,359.6
37.60,LeftHandAnchor,-0.085,-0.271,0.321,331.3,9.0,5.4
37.60,RightHandAnchor,0.181,0.036,0.284,300.3,199.2,161.1
37.60,Head,0.008,-0.011,0.028,8.9,11.1,359.7
37.66,LeftHandAnchor,-0.085,-0.271,0.321,331.4,9.0,5.4
37.66,RightHandAnchor,0.178,0.040,0.279,299.8,198.9,161.9
37.66,Head,0.007,-0.012,0.028,9.2,11.2,359.7
37.71,LeftHandAnchor,-0.085,-0.272,0.321,331.4,8.9,5.7
37.71,RightHandAnchor,0.177,0.044,0.277,299.9,197.8,162.1
37.71,Head,0.007,-0.012,0.028,9.3,11.2,359.6
37.77,LeftHandAnchor,-0.085,-0.272,0.321,331.3,9.0,5.6
37.77,RightHandAnchor,0.178,0.048,0.277,299.7,197.4,162.6
37.77,Head,0.007,-0.012,0.028,9.3,11.3,359.5
37.82,LeftHandAnchor,-0.085,-0.272,0.321,331.3,9.0,5.7
37.82,RightHandAnchor,0.179,0.053,0.274,298.5,195.4,163.8
37.82,Head,0.007,-0.012,0.027,9.2,11.5,359.5
37.88,LeftHandAnchor,-0.085,-0.271,0.321,331.3,9.0,5.7
37.88,RightHandAnchor,0.179,0.055,0.271,297.2,193.2,164.6
37.88,Head,0.007,-0.012,0.026,9.1,11.8,359.6
37.93,LeftHandAnchor,-0.085,-0.271,0.321,331.2,9.1,5.6
37.93,RightHandAnchor,0.179,0.054,0.269,297.5,192.3,164.5
37.93,Head,0.007,-0.011,0.025,8.8,11.8,359.7
37.99,LeftHandAnchor,-0.085,-0.271,0.321,331.2,9.1,5.6
37.99,RightHandAnchor,0.179,0.051,0.272,297.9,192.8,164.2
37.99,Head,0.006,-0.011,0.024,8.4,11.7,359.7
38.05,LeftHandAnchor,-0.085,-0.272,0.321,331.2,9.1,5.4
38.05,RightHandAnchor,0.183,0.047,0.281,301.3,197.8,162.2
38.05,Head,0.006,-0.010,0.023,8.0,11.6,359.7
38.10,LeftHandAnchor,-0.085,-0.272,0.320,331.3,9.1,5.5
38.10,RightHandAnchor,0.186,0.042,0.289,303.5,199.8,160.5
38.10,Head,0.006,-0.009,0.023,7.7,11.4,359.6
38.16,LeftHandAnchor,-0.084,-0.272,0.320,331.4,9.1,5.6
38.16,RightHandAnchor,0.187,0.041,0.291,304.5,201.5,160.2
38.16,Head,0.006,-0.009,0.023,7.4,11.4,359.5
38.21,LeftHandAnchor,-0.084,-0.272,0.320,331.4,9.0,5.8
38.21,RightHandAnchor,0.188,0.042,0.291,302.0,200.9,159.5
38.21,Head,0.007,-0.009,0.024,7.5,11.4,359.4
38.27,LeftHandAnchor,-0.084,-0.272,0.321,331.4,9.0,5.9
38.27,RightHandAnchor,0.187,0.051,0.287,300.3,199.6,160.4
38.27,Head,0.007,-0.009,0.025,7.7,11.4,359.3
38.32,LeftHandAnchor,-0.085,-0.272,0.321,331.4,9.0,5.9
38.32,RightHandAnchor,0.187,0.068,0.285,300.2,195.2,164.1
38.32,Head,0.007,-0.010,0.026,8.1,11.4,359.2
38.38,LeftHandAnchor,-0.085,-0.272,0.321,331.3,9.0,5.9
38.38,RightHandAnchor,0.187,0.079,0.278,298.5,188.1,169.2
38.38,Head,0.008,-0.010,0.027,8.4,11.3,359.2
38.43,LeftHandAnchor,-0.085,-0.272,0.321,331.3,9.0,6.0
38.43,RightHandAnchor,0.182,0.083,0.257,293.2,172.3,179.7
38.43,Head,0.008,-0.011,0.028,8.5,11.3,359.1
38.49,LeftHandAnchor,-0.085,-0.272,0.321,331.4,9.0,6.0
38.49,RightHandAnchor,0.178,0.091,0.228,289.8,154.2,194.9
38.49,Head,0.008,-0.011,0.028,8.5,11.1,359.2
38.55,LeftHandAnchor,-0.085,-0.272,0.321,331.3,9.0,6.0
38.55,RightHandAnchor,0.174,0.101,0.205,290.3,129.8,219.8
38.55,Head,0.008,-0.011,0.028,8.7,11.0,359.2
38.60,LeftHandAnchor,-0.086,-0.272,0.321,331.3,9.0,5.8
38.60,RightHandAnchor,0.171,0.109,0.186,293.0,111.3,237.4
38.60,Head,0.008,-0.011,0.028,9.0,11.2,359.2
38.66,LeftHandAnchor,-0.086,-0.272,0.322,331.3,9.0,5.8
38.66,RightHandAnchor,0.000,0.000,0.000,0.0,0.0,0.0
38.66,Head,0.008,-0.012,0.028,9.1,11.5,359.2
38.71,LeftHandAnchor,-0.086,-0.273,0.322,331.3,9.1,5.7
38.71,RightHandAnchor,0.000,0.000,0.000,0.0,0.0,0.0
38.71,Head,0.008,-0.012,0.028,9.0,11.6,359.3
38.77,LeftHandAnchor,-0.086,-0.272,0.321,331.1,9.1,5.8
38.77,RightHandAnchor,0.000,0.000,0.000,0.0,0.0,0.0
38.77,Head,0.008,-0.011,0.028,8.9,11.4,359.3
38.82,LeftHandAnchor,-0.086,-0.272,0.321,331.0,9.1,5.8
38.82,RightHandAnchor,0.000,0.000,0.000,0.0,0.0,0.0
38.82,Head,0.007,-0.011,0.028,8.8,11.2,359.4
38.88,LeftHandAnchor,-0.086,-0.272,0.321,331.1,9.1,5.9
38.88,RightHandAnchor,0.000,0.000,0.000,0.0,0.0,0.0
38.88,Head,0.006,-0.011,0.028,8.9,11.1,359.6
38.93,LeftHandAnchor,-0.086,-0.272,0.322,331.1,9.0,5.8
38.93,RightHandAnchor,0.000,0.000,0.000,0.0,0.0,0.0
38.93,Head,0.005,-0.012,0.028,9.1,11.4,359.6
38.99,LeftHandAnchor,-0.087,-0.272,0.322,331.1,9.0,5.9
38.99,RightHandAnchor,0.259,0.031,0.089,340.2,147.5,170.8
38.99,Head,0.004,-0.012,0.028,9.1,11.4,359.9
39.05,LeftHandAnchor,-0.087,-0.272,0.322,330.8,9.0,6.1
39.05,RightHandAnchor,0.285,-0.034,0.040,334.9,134.5,166.8
39.05,Head,0.003,-0.012,0.027,8.8,11.1,0.4
39.10,LeftHandAnchor,-0.087,-0.272,0.322,330.8,9.0,6.1
39.10,RightHandAnchor,0.287,-0.096,0.021,354.2,144.9,163.1
39.10,Head,0.004,-0.010,0.026,7.6,10.7,0.8
39.16,LeftHandAnchor,-0.088,-0.271,0.321,330.7,9.0,6.2
39.16,RightHandAnchor,0.295,-0.152,-0.001,348.6,152.6,160.1
39.16,Head,0.005,-0.006,0.023,5.7,10.5,1.1
39.21,LeftHandAnchor,-0.090,-0.272,0.321,330.2,9.0,7.0
39.21,RightHandAnchor,0.299,-0.197,-0.017,342.5,151.9,163.0
39.21,Head,0.007,-0.001,0.020,2.1,10.5,0.9
39.27,LeftHandAnchor,-0.094,-0.273,0.323,330.3,8.8,7.8
39.27,RightHandAnchor,0.308,-0.245,-0.023,331.3,151.9,183.2
39.27,Head,0.010,0.006,0.016,357.4,10.4,0.8
39.32,LeftHandAnchor,-0.095,-0.274,0.324,331.8,7.6,9.6
39.32,RightHandAnchor,0.307,-0.275,-0.007,320.1,156.3,194.1
39.32,Head,0.012,0.014,0.010,352.3,10.5,0.5
39.38,LeftHandAnchor,-0.094,-0.273,0.323,334.5,6.5,7.2
39.38,RightHandAnchor,0.307,-0.309,0.003,316.6,141.0,210.0
39.38,Head,0.014,0.021,0.001,346.7,10.9,359.9
39.43,LeftHandAnchor,-0.093,-0.273,0.324,335.2,6.6,7.1
39.43,RightHandAnchor,0.302,-0.350,0.010,326.7,120.1,231.7
39.43,Head,0.015,0.028,-0.008,340.8,11.4,359.1
39.49,LeftHandAnchor,-0.091,-0.273,0.324,335.8,7.0,6.7
39.49,RightHandAnchor,0.286,-0.363,0.028,326.8,108.9,249.2
39.49,Head,0.016,0.033,-0.020,334.3,11.8,357.9
39.55,LeftHandAnchor,-0.090,-0.273,0.324,336.5,7.0,6.6
39.55,RightHandAnchor,0.275,-0.385,0.031,322.6,95.2,264.3
39.55,Head,0.017,0.039,-0.032,327.8,12.0,357.0
39.60,LeftHandAnchor,-0.090,-0.271,0.324,336.7,6.8,7.1
39.60,RightHandAnchor,0.285,-0.403,0.022,312.2,68.2,291.5
39.60,Head,0.017,0.041,-0.045,322.8,12.1,356.2
39.66,LeftHandAnchor,-0.089,-0.270,0.323,337.9,6.6,7.5
39.66,RightHandAnchor,0.302,-0.427,0.031,303.3,45.8,325.0
39.66,Head,0.018,0.043,-0.056,318.5,12.2,355.2
39.71,LeftHandAnchor,-0.089,-0.270,0.323,339.1,6.8,7.6
39.71,RightHandAnchor,0.311,-0.440,0.043,305.2,26.6,350.4
39.71,Head,0.018,0.044,-0.065,314.6,12.8,354.4
39.77,LeftHandAnchor,-0.090,-0.266,0.322,339.3,7.0,8.6
39.77,RightHandAnchor,0.310,-0.445,0.047,314.5,19.2,355.9
39.77,Head,0.019,0.045,-0.073,311.3,13.7,353.5
39.82,LeftHandAnchor,-0.096,-0.260,0.313,337.1,6.6,10.7
39.82,RightHandAnchor,0.298,-0.434,0.047,339.7,31.1,341.1
39.82,Head,0.020,0.046,-0.080,308.5,14.8,352.4
39.88,LeftHandAnchor,-0.110,-0.248,0.297,328.4,5.9,16.9
39.88,RightHandAnchor,0.286,-0.412,0.044,352.1,32.3,335.8
39.88,Head,0.020,0.046,-0.084,306.8,15.4,352.1
39.94,LeftHandAnchor,-0.134,-0.216,0.264,324.2,7.2,21.3
39.94,RightHandAnchor,0.285,-0.412,0.046,350.1,27.7,342.6
39.94,Head,0.020,0.046,-0.086,306.0,15.6,352.6
39.99,LeftHandAnchor,-0.141,-0.143,0.192,313.8,7.1,23.2
39.99,RightHandAnchor,0.285,-0.416,0.050,346.3,24.4,348.6
39.99,Head,0.019,0.046,-0.087,306.4,15.1,353.3
40.05,LeftHandAnchor,-0.142,-0.079,0.118,306.0,1.7,36.4
40.05,RightHandAnchor,0.288,-0.418,0.056,344.8,23.5,351.0
40.05,Head,0.019,0.047,-0.086,307.1,13.8,354.5
40.10,LeftHandAnchor,-0.146,-0.064,0.081,281.8,1.0,47.2
40.10,RightHandAnchor,0.291,-0.422,0.061,344.8,23.3,349.7
40.10,Head,0.018,0.046,-0.086,308.3,12.0,356.1
40.16,LeftHandAnchor,-0.151,-0.057,0.065,281.2,173.5,238.5
40.16,RightHandAnchor,0.293,-0.421,0.069,346.7,23.2,347.7
40.16,Head,0.017,0.046,-0.084,309.8,9.6,357.9
40.21,LeftHandAnchor,-0.152,-0.040,0.069,287.2,167.1,252.8
40.21,RightHandAnchor,0.294,-0.421,0.081,348.7,23.5,346.1
40.21,Head,0.015,0.045,-0.082,311.9,6.6,0.1
40.27,LeftHandAnchor,-0.162,0.013,0.056,304.5,199.1,225.9
40.27,RightHandAnchor,0.291,-0.422,0.080,348.7,24.5,345.8
40.27,Head,0.013,0.044,-0.080,314.2,3.4,2.6
40.32,LeftHandAnchor,-0.176,0.024,0.025,296.7,198.5,223.1
40.32,RightHandAnchor,0.291,-0.422,0.079,350.0,25.8,344.1
40.32,Head,0.010,0.042,-0.078,316.8,0.4,5.1
40.38,LeftHandAnchor,-0.185,0.046,0.000,297.6,200.8,220.0
40.38,RightHandAnchor,0.288,-0.420,0.076,351.4,27.9,342.9
40.38,Head,0.009,0.041,-0.076,319.1,358.4,7.1
40.43,LeftHandAnchor,-0.194,0.069,-0.025,298.9,204.4,215.1
40.43,RightHandAnchor,0.286,-0.417,0.074,353.0,29.1,341.0
40.43,Head,0.008,0.041,-0.074,320.2,358.1,8.8
40.49,LeftHandAnchor,-0.778,-0.270,0.398,310.2,335.0,337.6
40.49,RightHandAnchor,0.286,-0.414,0.075,353.0,29.3,339.5
40.49,Head,0.009,0.041,-0.072,320.7,358.2,8.8
40.55,LeftHandAnchor,-0.778,-0.270,0.398,310.2,335.0,337.6
40.55,RightHandAnchor,0.286,-0.413,0.075,353.4,30.1,336.6
40.55,Head,0.010,0.042,-0.070,321.1,358.5,9.0
40.60,LeftHandAnchor,-0.778,-0.270,0.397,310.2,335.0,337.6
40.60,RightHandAnchor,0.287,-0.413,0.075,354.4,29.4,336.7
40.60,Head,0.011,0.044,-0.069,320.7,358.7,7.8
40.66,LeftHandAnchor,-0.778,-0.270,0.397,310.2,335.0,337.6
40.66,RightHandAnchor,0.289,-0.412,0.076,355.3,29.6,335.9
40.66,Head,0.010,0.047,-0.068,319.9,357.5,8.8
40.71,LeftHandAnchor,-0.778,-0.270,0.396,310.2,335.0,337.6
40.71,RightHandAnchor,0.289,-0.413,0.076,355.6,29.0,336.8
40.71,Head,0.010,0.050,-0.069,319.3,357.4,8.4
40.77,LeftHandAnchor,-0.779,-0.270,0.396,310.2,335.0,337.6
40.77,RightHandAnchor,0.290,-0.413,0.076,355.5,29.0,336.8
40.77,Head,0.011,0.051,-0.070,319.3,358.4,7.4
40.82,LeftHandAnchor,-0.779,-0.270,0.395,310.2,335.0,337.6
40.82,RightHandAnchor,0.290,-0.414,0.076,356.1,28.8,338.2
40.82,Head,0.012,0.057,-0.072,318.0,359.1,7.7
40.88,LeftHandAnchor,-0.779,-0.270,0.394,310.2,335.0,337.6
40.88,RightHandAnchor,0.290,-0.413,0.077,356.1,28.7,338.1
40.88,Head,0.012,0.066,-0.076,315.2,358.1,10.6
40.93,LeftHandAnchor,-0.779,-0.270,0.394,310.2,334.9,337.6
40.93,RightHandAnchor,0.291,-0.413,0.077,356.3,28.6,338.2
40.93,Head,0.009,0.074,-0.080,312.4,356.3,13.0
40.99,LeftHandAnchor,-0.779,-0.270,0.393,310.2,334.9,337.6
40.99,RightHandAnchor,0.290,-0.410,0.077,357.0,28.7,338.5
40.99,Head,0.008,0.079,-0.084,310.0,353.7,16.5
41.05,LeftHandAnchor,-0.779,-0.270,0.393,310.2,334.9,337.6
41.05,RightHandAnchor,0.290,-0.406,0.078,358.0,28.7,338.8
41.05,Head,0.008,0.079,-0.087,309.5,352.5,17.0
41.10,LeftHandAnchor,-0.779,-0.271,0.393,310.2,334.9,337.6
41.10,RightHandAnchor,0.289,-0.405,0.078,358.3,29.2,338.5
41.10,Head,0.010,0.078,-0.087,309.8,353.2,15.9
41.16,LeftHandAnchor,-0.779,-0.271,0.393,310.2,334.9,337.6
41.16,RightHandAnchor,0.288,-0.405,0.078,358.4,29.8,339.3
41.16,Head,0.012,0.077,-0.085,310.6,354.3,14.3
41.21,LeftHandAnchor,-0.779,-0.271,0.393,310.2,334.9,337.6
41.21,RightHandAnchor,0.287,-0.404,0.077,358.5,30.3,339.1
41.21,Head,0.013,0.077,-0.082,311.3,353.8,14.3
41.27,LeftHandAnchor,-0.779,-0.271,0.393,310.2,334.9,337.6
41.27,RightHandAnchor,0.288,-0.403,0.077,359.0,29.6,339.8
41.27,Head,0.013,0.077,-0.079,311.6,353.7,13.9
41.32,LeftHandAnchor,-0.779,-0.271,0.393,310.2,334.9,337.6
41.32,RightHandAnchor,0.288,-0.403,0.077,358.7,28.1,340.2
41.32,Head,0.013,0.076,-0.076,312.0,353.2,14.1
41.38,LeftHandAnchor,-0.779,-0.271,0.393,310.2,334.9,337.6
41.38,RightHandAnchor,0.288,-0.402,0.077,358.9,29.9,337.6
41.38,Head,0.013,0.076,-0.072,312.2,352.9,14.5
41.44,LeftHandAnchor,-0.779,-0.271,0.394,310.2,334.9,337.6
41.44,RightHandAnchor,0.287,-0.402,0.077,359.0,30.2,337.5
41.44,Head,0.013,0.076,-0.069,312.4,352.6,15.0
41.49,LeftHandAnchor,-0.779,-0.271,0.394,310.3,334.9,337.6
41.49,RightHandAnchor,0.287,-0.402,0.078,359.0,30.5,337.6
41.49,Head,0.013,0.076,-0.065,312.6,352.3,15.2
41.55,LeftHandAnchor,-0.779,-0.271,0.394,310.3,334.9,337.6
41.55,RightHandAnchor,0.287,-0.401,0.078,359.1,30.6,337.8
41.55,Head,0.013,0.075,-0.061,312.7,352.2,15.5
41.60,LeftHandAnchor,-0.779,-0.271,0.394,310.3,334.9,337.6
41.60,RightHandAnchor,0.287,-0.400,0.078,359.9,31.0,337.6
41.60,Head,0.013,0.075,-0.057,312.9,351.8,16.0
41.66,LeftHandAnchor,-0.779,-0.271,0.394,310.3,334.9,337.6
41.66,RightHandAnchor,0.287,-0.399,0.079,0.7,31.3,338.5
41.66,Head,0.012,0.075,-0.053,313.2,351.3,16.4
41.71,LeftHandAnchor,-0.779,-0.271,0.394,310.2,334.9,337.6
41.71,RightHandAnchor,0.287,-0.399,0.080,1.3,31.5,339.1
41.71,Head,0.012,0.075,-0.050,313.4,350.9,16.7
41.77,LeftHandAnchor,-0.779,-0.271,0.395,310.2,334.9,337.6
41.77,RightHandAnchor,0.287,-0.399,0.081,1.9,31.9,339.1
41.77,Head,0.011,0.075,-0.045,313.8,350.4,17.3
