t,object,x,y,z,pitch,yaw,roll
0.09,LeftHandAnchor,0.000,0.000,0.000,0.0,0.0,0.0
0.09,RightHandAnchor,0.000,0.000,0.000,0.0,0.0,0.0
0.09,Head,0.000,0.000,0.000,0.0,0.0,0.0
0.15,LeftHandAnchor,0.000,0.000,0.000,0.0,0.0,0.0
0.15,RightHandAnchor,0.000,0.000,0.000,0.0,0.0,0.0
0.15,Head,0.000,0.000,0.000,0.0,0.0,0.0
0.20,LeftHandAnchor,0.000,0.000,0.000,0.0,0.0,0.0
0.20,RightHandAnchor,0.000,0.000,0.000,0.0,0.0,0.0
0.20,Head,0.000,0.000,0.000,0.0,0.0,0.0
0.26,LeftHandAnchor,0.000,0.000,0.000,0.0,0.0,0.0
0.26,RightHandAnchor,0.000,0.000,0.000,0.0,0.0,0.0
0.26,Head,0.000,0.000,0.000,0.0,0.0,0.0
0.31,LeftHandAnchor,0.000,0.000,0.000,0.0,0.0,0.0
0.31,RightHandAnchor,0.000,0.000,0.000,0.0,0.0,0.0
0.31,Head,0.000,0.000,0.000,0.0,0.0,0.0
0.37,LeftHandAnchor,0.000,0.000,0.000,0.0,0.0,0.0
0.37,RightHandAnchor,0.000,0.000,0.000,0.0,0.0,0.0
0.37,Head,0.000,0.000,0.000,0.0,0.0,0.0
0.42,LeftHandAnchor,0.000,0.000,0.000,0.0,0.0,0.0
0.42,RightHandAnchor,0.000,0.000,0.000,0.0,0.0,0.0
0.42,Head,0.000,0.000,0.000,0.0,0.0,0.0
0.48,LeftHandAnchor,0.000,0.000,0.000,0.0,0.0,0.0
0.48,RightHandAnchor,0.000,0.000,0.000,0.0,0.0,0.0
0.48,Head,0.000,0.000,0.000,0.0,0.0,0.0
0.53,LeftHandAnchor,0.000,0.000,0.000,0.0,0.0,0.0
0.53,RightHandAnchor,0.000,0.000,0.000,0.0,0.0,0.0
0.53,Head,0.000,0.000,0.000,0.0,0.0,0.0
0.59,LeftHandAnchor,0.000,0.000,0.000,0.0,0.0,0.0
0.59,RightHandAnchor,0.000,0.000,0.000,0.0,0.0,0.0
0.59,Head,0.000,0.000,0.000,0.0,0.0,0.0
0.64,LeftHandAnchor,0.000,0.000,0.000,0.0,0.0,0.0
0.64,RightHandAnchor,0.000,0.000,0.000,0.0,0.0,0.0
0.64,Head,0.000,0.000,0.000,0.0,0.0,0.0
0.70,LeftHandAnchor,0.000,0.000,0.000,0.0,0.0,0.0
0.70,RightHandAnchor,0.000,0.000,0.000,0.0,0.0,0.0
0.70,Head,0.000,0.000,0.000,0.0,0.0,0.0
0.76,LeftHandAnchor,0.000,0.000,0.000,0.0,0.0,0.0
0.76,RightHandAnchor,0.000,0.000,0.000,0.0,0.0,0.0
0.76,Head,0.000,0.000,0.000,0.0,0.0,0.0
0.81,LeftHandAnchor,-0.172,-0.201,-0.007,270.7,24.9,347.4
0.81,RightHandAnchor,0.239,-0.431,0.062,3.6,19.1,331.9
0.81,Head,-0.006,-0.003,0.002,6.3,359.2,2.6
0.87,LeftHandAnchor,-0.169,-0.202,-0.009,271.2,42.2,322.3
0.87,RightHandAnchor,0.239,-0.432,0.062,3.7,19.0,331.9
0.87,Head,-0.006,-0.003,0.002,6.3,359.1,2.6
0.93,LeftHandAnchor,-0.165,-0.205,-0.008,271.6,353.3,8.0
0.93,RightHandAnchor,0.239,-0.431,0.062,3.8,19.0,331.9
0.93,Head,-0.006,-0.003,0.002,6.3,359.0,2.6
0.99,LeftHandAnchor,-0.165,-0.205,-0.008,271.5,315.4,46.5
0.99,RightHandAnchor,0.239,-0.431,0.062,3.7,19.0,331.9
0.99,Head,-0.005,-0.002,0.001,6.2,359.1,2.5
1.04,LeftHandAnchor,-0.164,-0.205,-0.011,273.0,347.5,15.3
1.04,RightHandAnchor,0.239,-0.431,0.062,3.5,19.1,332.0
1.04,Head,-0.005,-0.002,0.001,6.2,359.1,2.4
1.10,LeftHandAnchor,-0.161,-0.207,-0.011,274.3,302.1,64.2
1.10,RightHandAnchor,0.239,-0.432,0.062,3.3,19.0,332.2
1.10,Head,-0.005,-0.002,0.001,6.2,359.2,2.3
1.15,LeftHandAnchor,-0.159,-0.212,-0.016,278.2,304.2,56.4
1.15,RightHandAnchor,0.239,-0.432,0.062,3.4,19.0,332.2
1.15,Head,-0.005,-0.002,0.001,6.2,359.3,2.3
1.21,LeftHandAnchor,-0.241,-0.305,0.139,290.6,213.0,180.2
1.21,RightHandAnchor,0.239,-0.431,0.062,3.4,19.0,332.2
1.21,Head,-0.005,-0.002,0.000,6.2,359.2,2.4
1.27,LeftHandAnchor,-0.209,-0.266,0.084,287.1,200.1,183.8
1.27,RightHandAnchor,0.240,-0.431,0.062,3.3,18.9,332.2
1.27,Head,-0.006,-0.002,0.000,6.2,359.0,2.4
1.32,LeftHandAnchor,-0.205,-0.256,0.073,284.6,175.2,205.2
1.32,RightHandAnchor,0.240,-0.432,0.062,3.2,18.9,332.2
1.32,Head,-0.006,-0.003,0.000,6.2,358.9,2.5
1.38,LeftHandAnchor,-0.206,-0.258,0.071,282.2,186.0,193.4
1.38,RightHandAnchor,0.239,-0.431,0.062,3.0,18.8,332.2
1.38,Head,-0.006,-0.002,0.000,6.2,358.9,2.5
1.43,LeftHandAnchor,-0.206,-0.259,0.070,282.2,182.3,196.7
1.43,RightHandAnchor,0.239,-0.431,0.062,3.0,18.9,332.2
1.43,Head,-0.006,-0.003,0.000,6.2,358.9,2.5
1.49,LeftHandAnchor,-0.205,-0.260,0.067,281.3,180.7,197.0
1.49,RightHandAnchor,0.239,-0.431,0.062,2.9,18.8,332.2
1.49,Head,-0.007,-0.003,0.000,6.2,358.8,2.5
1.54,LeftHandAnchor,-0.206,-0.259,0.067,280.8,179.3,197.8
1.54,RightHandAnchor,0.239,-0.431,0.062,2.7,18.6,332.3
1.54,Head,-0.007,-0.003,-0.001,6.2,358.8,2.5
1.60,LeftHandAnchor,-0.207,-0.259,0.066,279.9,179.0,198.1
1.60,RightHandAnchor,0.239,-0.430,0.062,2.6,18.6,332.3
1.60,Head,-0.007,-0.003,-0.001,6.2,358.8,2.5
1.65,LeftHandAnchor,-0.206,-0.258,0.067,282.3,162.0,212.9
1.65,RightHandAnchor,0.239,-0.430,0.061,2.6,18.6,332.1
1.65,Head,-0.007,-0.002,-0.002,6.2,358.7,2.5
1.71,LeftHandAnchor,-0.205,-0.256,0.065,280.6,160.6,214.8
1.71,RightHandAnchor,0.238,-0.430,0.061,2.5,18.7,332.2
1.71,Head,-0.007,-0.002,-0.003,6.1,358.7,2.5
1.77,LeftHandAnchor,-0.200,-0.249,0.078,277.0,147.5,228.6
1.77,RightHandAnchor,0.238,-0.430,0.061,2.0,18.6,332.4
1.77,Head,-0.008,-0.002,-0.005,6.1,358.4,2.6
1.82,LeftHandAnchor,-0.173,-0.231,0.136,289.7,170.0,204.4
1.82,RightHandAnchor,0.238,-0.429,0.061,1.6,19.2,332.4
1.82,Head,-0.008,-0.002,-0.007,6.1,357.9,2.5
1.88,LeftHandAnchor,-0.166,-0.237,0.141,283.4,161.5,218.9
1.88,RightHandAnchor,0.242,-0.433,0.056,358.6,20.4,332.8
1.88,Head,-0.009,-0.001,-0.009,5.8,357.5,2.5
1.93,LeftHandAnchor,-0.163,-0.237,0.134,281.0,97.3,278.8
1.93,RightHandAnchor,0.248,-0.435,0.031,345.7,19.7,339.0
1.93,Head,-0.009,0.000,-0.011,5.4,357.3,2.5
1.99,LeftHandAnchor,-0.161,-0.234,0.144,287.8,112.9,258.0
1.99,RightHandAnchor,0.255,-0.428,0.021,314.6,4.6,353.2
1.99,Head,-0.008,0.000,-0.014,5.2,357.6,2.3
2.04,LeftHandAnchor,-0.152,-0.241,0.148,283.8,110.4,260.8
2.04,RightHandAnchor,0.251,-0.395,0.040,292.6,341.8,13.1
2.04,Head,-0.007,0.000,-0.017,5.4,358.6,2.2
2.10,LeftHandAnchor,-0.141,-0.243,0.150,280.8,117.5,256.2
2.10,RightHandAnchor,0.240,-0.354,0.072,280.1,314.4,42.1
2.10,Head,-0.007,0.000,-0.022,5.4,359.4,2.1
2.15,LeftHandAnchor,-0.136,-0.242,0.155,280.7,115.7,257.8
2.15,RightHandAnchor,0.218,-0.316,0.091,279.4,316.7,37.3
2.15,Head,-0.006,-0.001,-0.026,5.7,0.2,1.9
2.21,LeftHandAnchor,-0.129,-0.236,0.164,280.6,115.4,258.0
2.21,RightHandAnchor,0.197,-0.283,0.123,283.2,313.0,46.2
2.21,Head,-0.006,-0.002,-0.030,6.5,0.6,1.8
2.27,LeftHandAnchor,-0.126,-0.229,0.168,278.7,27.5,337.3
2.27,RightHandAnchor,0.188,-0.260,0.148,293.2,353.3,359.1
2.27,Head,-0.006,-0.003,-0.034,6.7,0.8,1.7
2.32,LeftHandAnchor,-0.121,-0.221,0.169,279.7,24.0,340.1
2.32,RightHandAnchor,0.179,-0.246,0.168,292.5,353.7,1.2
2.32,Head,-0.007,-0.003,-0.037,6.9,0.8,1.7
2.38,LeftHandAnchor,-0.121,-0.212,0.169,279.5,32.3,334.4
2.38,RightHandAnchor,0.168,-0.235,0.170,297.1,1.4,356.4
2.38,Head,-0.008,-0.003,-0.039,7.0,0.6,1.7
2.43,LeftHandAnchor,-0.123,-0.208,0.170,279.5,32.7,334.1
2.43,RightHandAnchor,0.168,-0.236,0.172,295.9,358.1,356.8
2.43,Head,-0.009,-0.004,-0.041,7.1,0.2,1.8
2.49,LeftHandAnchor,-0.123,-0.208,0.169,280.3,27.8,338.3
2.49,RightHandAnchor,0.164,-0.242,0.171,296.0,358.7,356.1
2.49,Head,-0.009,-0.005,-0.043,7.3,0.1,1.9
2.54,LeftHandAnchor,-0.124,-0.211,0.167,282.6,17.9,347.2
2.54,RightHandAnchor,0.162,-0.248,0.168,295.9,359.7,354.5
2.54,Head,-0.010,-0.005,-0.044,7.3,0.2,1.9
2.60,LeftHandAnchor,-0.127,-0.218,0.166,282.6,19.3,345.9
2.60,RightHandAnchor,0.161,-0.252,0.166,296.3,0.3,353.6
2.60,Head,-0.010,-0.005,-0.046,7.2,0.4,2.0
2.65,LeftHandAnchor,-0.128,-0.221,0.167,283.5,18.0,348.1
2.65,RightHandAnchor,0.161,-0.251,0.166,296.4,0.2,353.7
2.65,Head,-0.011,-0.006,-0.048,7.3,0.5,2.0
2.71,LeftHandAnchor,-0.130,-0.212,0.172,284.0,17.0,348.0
2.71,RightHandAnchor,0.161,-0.233,0.173,294.9,358.3,355.9
2.71,Head,-0.012,-0.007,-0.051,7.9,0.5,2.2
2.77,LeftHandAnchor,-0.130,-0.182,0.178,284.0,13.8,348.6
2.77,RightHandAnchor,0.160,-0.199,0.183,292.0,359.0,355.9
2.77,Head,-0.012,-0.008,-0.053,8.8,0.5,2.2
2.82,LeftHandAnchor,-0.134,-0.146,0.190,280.0,18.2,341.7
2.82,RightHandAnchor,0.158,-0.162,0.183,290.5,0.5,354.5
2.82,Head,-0.012,-0.010,-0.054,9.9,0.5,2.2
2.88,LeftHandAnchor,-0.136,-0.116,0.199,274.8,33.3,325.2
2.88,RightHandAnchor,0.160,-0.126,0.193,284.6,358.2,356.1
2.88,Head,-0.012,-0.012,-0.056,10.8,0.5,1.8
2.93,LeftHandAnchor,-0.136,-0.087,0.194,274.6,83.9,275.8
2.93,RightHandAnchor,0.162,-0.089,0.196,278.9,352.3,3.1
2.93,Head,-0.012,-0.013,-0.057,11.6,0.6,1.6
2.99,LeftHandAnchor,-0.141,-0.057,0.199,276.4,117.4,241.9
2.99,RightHandAnchor,0.163,-0.058,0.199,275.5,343.1,13.6
2.99,Head,-0.012,-0.014,-0.058,12.0,0.8,1.4
3.04,LeftHandAnchor,-0.142,-0.034,0.194,277.3,122.7,236.6
3.04,RightHandAnchor,0.161,-0.034,0.191,272.9,309.3,44.9
3.04,Head,-0.012,-0.015,-0.060,12.2,0.8,1.3
3.10,LeftHandAnchor,-0.139,-0.018,0.191,278.2,127.7,230.3
3.10,RightHandAnchor,0.163,-0.015,0.193,274.3,240.9,115.8
3.10,Head,-0.012,-0.015,-0.061,12.3,0.8,1.2
3.15,LeftHandAnchor,-0.137,-0.002,0.189,278.7,134.8,222.1
3.15,RightHandAnchor,0.162,0.002,0.189,274.3,219.0,139.0
3.15,Head,-0.012,-0.015,-0.062,12.2,0.7,1.2
3.21,LeftHandAnchor,-0.136,0.008,0.188,279.8,143.3,213.6
3.21,RightHandAnchor,0.159,0.014,0.186,274.7,198.3,159.7
3.21,Head,-0.012,-0.015,-0.064,11.9,0.7,1.1
3.27,LeftHandAnchor,-0.137,0.015,0.188,279.5,146.2,209.1
3.27,RightHandAnchor,0.162,0.024,0.184,273.9,178.6,180.6
3.27,Head,-0.011,-0.014,-0.065,11.4,0.6,1.1
3.32,LeftHandAnchor,-0.134,0.021,0.182,279.0,145.8,210.0
3.32,RightHandAnchor,0.161,0.028,0.180,273.3,148.1,208.8
3.32,Head,-0.011,-0.012,-0.066,10.8,0.7,1.0
3.38,LeftHandAnchor,-0.131,0.025,0.179,273.9,126.1,228.8
3.38,RightHandAnchor,0.159,0.037,0.174,273.5,137.5,219.6
3.38,Head,-0.011,-0.010,-0.067,9.6,0.7,0.9
3.43,LeftHandAnchor,-0.128,0.028,0.179,274.0,131.4,223.7
3.43,RightHandAnchor,0.159,0.040,0.173,274.2,144.9,211.8
3.43,Head,-0.010,-0.008,-0.069,8.3,0.5,0.9
3.49,LeftHandAnchor,-0.127,0.033,0.179,277.5,144.5,210.9
3.49,RightHandAnchor,0.158,0.041,0.173,275.0,156.7,199.9
3.49,Head,-0.010,-0.006,-0.070,6.7,0.4,0.8
3.54,LeftHandAnchor,-0.127,0.037,0.182,279.5,145.8,209.2
3.54,RightHandAnchor,0.156,0.043,0.172,277.0,170.4,184.8
3.54,Head,-0.010,-0.004,-0.070,5.7,0.3,0.7
3.60,LeftHandAnchor,-0.128,0.049,0.189,283.9,149.2,205.7
3.60,RightHandAnchor,0.156,0.052,0.174,278.4,176.1,179.3
3.60,Head,-0.010,-0.003,-0.071,5.4,0.1,0.7
3.65,LeftHandAnchor,-0.128,0.063,0.191,285.5,150.4,204.9
3.65,RightHandAnchor,0.156,0.063,0.175,279.8,177.8,177.9
3.65,Head,-0.010,-0.003,-0.071,4.9,0.0,0.5
3.71,LeftHandAnchor,-0.126,0.069,0.187,281.5,147.8,207.4
3.71,RightHandAnchor,0.154,0.065,0.173,279.7,176.5,179.4
3.71,Head,-0.010,-0.002,-0.071,4.5,359.9,0.5
3.77,LeftHandAnchor,-0.123,0.067,0.181,280.3,146.9,207.3
3.77,RightHandAnchor,0.154,0.065,0.173,279.6,176.2,179.7
3.77,Head,-0.010,-0.001,-0.072,4.0,359.8,0.4
3.82,LeftHandAnchor,-0.122,0.064,0.180,280.6,146.8,207.6
3.82,RightHandAnchor,0.154,0.064,0.175,279.8,178.0,178.5
3.82,Head,-0.010,-0.001,-0.073,3.8,359.7,0.4
3.88,LeftHandAnchor,-0.122,0.058,0.182,281.5,147.9,206.4
3.88,RightHandAnchor,0.157,0.059,0.184,281.6,183.4,172.2
3.88,Head,-0.010,-0.001,-0.073,3.6,359.5,0.5
3.93,LeftHandAnchor,-0.123,0.049,0.190,284.2,149.0,205.3
3.93,RightHandAnchor,0.159,0.055,0.192,282.9,188.8,166.9
3.93,Head,-0.010,-0.001,-0.073,3.6,359.3,0.5
3.99,LeftHandAnchor,-0.122,0.044,0.194,284.6,148.4,206.5
3.99,RightHandAnchor,0.159,0.054,0.192,282.7,188.9,166.9
3.99,Head,-0.010,-0.001,-0.073,3.6,359.3,0.4
4.04,LeftHandAnchor,-0.122,0.043,0.195,284.8,148.0,206.9
4.04,RightHandAnchor,0.159,0.053,0.192,281.7,187.5,168.8
4.04,Head,-0.010,-0.001,-0.072,3.8,359.3,0.4
4.10,LeftHandAnchor,-0.122,0.043,0.196,283.8,146.6,208.4
4.10,RightHandAnchor,0.159,0.052,0.192,280.9,187.0,170.5
4.10,Head,-0.010,-0.001,-0.071,4.0,359.4,0.4
4.16,LeftHandAnchor,-0.121,0.042,0.197,282.4,144.1,210.9
4.16,RightHandAnchor,0.159,0.052,0.192,280.5,187.5,170.4
4.16,Head,-0.010,-0.002,-0.070,4.3,359.4,0.5
4.21,LeftHandAnchor,-0.120,0.040,0.196,280.9,141.6,213.2
4.21,RightHandAnchor,0.159,0.051,0.192,280.4,187.7,170.2
4.21,Head,-0.010,-0.002,-0.070,4.6,359.3,0.6
4.27,LeftHandAnchor,-0.120,0.037,0.196,280.8,141.3,213.5
4.27,RightHandAnchor,0.160,0.049,0.193,280.2,188.9,168.9
4.27,Head,-0.010,-0.003,-0.069,4.9,359.2,0.7
4.32,LeftHandAnchor,-0.120,0.035,0.198,280.8,140.7,214.2
4.32,RightHandAnchor,0.160,0.047,0.193,280.1,189.4,168.5
4.32,Head,-0.011,-0.003,-0.068,4.9,359.1,0.8
4.38,LeftHandAnchor,-0.121,0.033,0.199,280.8,139.8,215.2
4.38,RightHandAnchor,0.159,0.046,0.194,279.7,190.3,167.8
4.38,Head,-0.011,-0.003,-0.068,5.0,359.0,1.0
4.43,LeftHandAnchor,-0.122,0.032,0.201,280.8,139.4,215.7
4.43,RightHandAnchor,0.159,0.044,0.196,279.5,190.8,167.1
4.43,Head,-0.012,-0.003,-0.067,5.2,358.9,1.1
4.49,LeftHandAnchor,-0.123,0.030,0.203,280.8,139.1,216.0
4.49,RightHandAnchor,0.159,0.043,0.197,279.4,191.3,166.6
4.49,Head,-0.013,-0.004,-0.066,5.5,358.7,1.2
4.54,LeftHandAnchor,-0.125,0.028,0.204,281.0,138.7,216.4
4.54,RightHandAnchor,0.158,0.041,0.197,278.6,194.2,163.7
4.54,Head,-0.013,-0.004,-0.066,5.6,358.7,1.4
4.60,LeftHandAnchor,-0.125,0.025,0.205,280.7,137.6,217.6
4.60,RightHandAnchor,0.157,0.039,0.198,278.2,195.2,162.6
4.60,Head,-0.014,-0.004,-0.065,5.9,358.7,1.5
4.66,LeftHandAnchor,-0.126,0.024,0.205,279.6,132.0,222.3
4.66,RightHandAnchor,0.157,0.038,0.200,278.1,196.3,161.6
4.66,Head,-0.014,-0.005,-0.065,6.1,358.6,1.6
4.71,LeftHandAnchor,-0.126,0.024,0.205,279.5,131.1,223.3
4.71,RightHandAnchor,0.156,0.038,0.200,277.6,197.3,161.2
4.71,Head,-0.014,-0.005,-0.064,6.1,358.6,1.6
4.77,LeftHandAnchor,-0.127,0.024,0.205,279.5,131.3,223.3
4.77,RightHandAnchor,0.155,0.038,0.199,277.5,197.3,161.1
4.77,Head,-0.014,-0.005,-0.064,6.1,358.7,1.6
4.82,LeftHandAnchor,-0.128,0.025,0.205,279.8,131.8,222.8
4.82,RightHandAnchor,0.155,0.039,0.198,277.5,197.5,160.8
4.82,Head,-0.014,-0.005,-0.064,6.1,358.8,1.5
4.88,LeftHandAnchor,-0.128,0.026,0.204,280.0,132.4,221.6
4.88,RightHandAnchor,0.154,0.039,0.198,277.5,197.7,160.5
4.88,Head,-0.014,-0.005,-0.064,6.1,358.7,1.5
4.93,LeftHandAnchor,-0.129,0.027,0.204,279.9,132.2,220.8
4.93,RightHandAnchor,0.154,0.040,0.198,277.6,197.8,160.3
4.93,Head,-0.014,-0.005,-0.064,6.1,358.8,1.5
4.99,LeftHandAnchor,-0.129,0.028,0.204,279.9,132.3,220.7
4.99,RightHandAnchor,0.154,0.040,0.197,277.7,198.0,159.9
4.99,Head,-0.014,-0.005,-0.064,6.1,358.7,1.6
5.04,LeftHandAnchor,-0.128,0.028,0.203,279.9,133.0,220.1
5.04,RightHandAnchor,0.153,0.041,0.197,277.8,198.2,159.8
5.04,Head,-0.014,-0.005,-0.063,6.2,358.7,1.5
5.10,LeftHandAnchor,-0.128,0.029,0.204,279.9,133.5,219.4
5.10,RightHandAnchor,0.153,0.041,0.197,277.9,199.2,158.8
5.10,Head,-0.014,-0.005,-0.063,6.2,358.8,1.5
5.16,LeftHandAnchor,-0.128,0.029,0.204,279.9,133.7,219.5
5.16,RightHandAnchor,0.153,0.041,0.197,277.9,199.6,158.3
5.16,Head,-0.014,-0.005,-0.063,6.2,358.7,1.5
5.21,LeftHandAnchor,-0.128,0.028,0.204,280.3,134.7,218.7
5.21,RightHandAnchor,0.153,0.040,0.196,278.1,200.6,157.1
5.21,Head,-0.014,-0.005,-0.063,6.1,358.7,1.5
5.27,LeftHandAnchor,-0.128,0.028,0.205,280.6,135.1,218.7
5.27,RightHandAnchor,0.152,0.040,0.197,278.2,201.2,156.4
5.27,Head,-0.014,-0.005,-0.063,6.2,358.7,1.5
5.32,LeftHandAnchor,-0.128,0.027,0.206,280.8,135.0,218.9
5.32,RightHandAnchor,0.152,0.040,0.197,278.3,201.5,156.0
5.32,Head,-0.014,-0.004,-0.063,6.1,358.8,1.6
5.38,LeftHandAnchor,-0.128,0.026,0.206,280.8,134.8,219.2
5.38,RightHandAnchor,0.152,0.039,0.197,278.3,202.2,155.1
5.38,Head,-0.014,-0.004,-0.063,6.1,358.7,1.6
5.43,LeftHandAnchor,-0.128,0.026,0.206,280.8,134.3,219.7
5.43,RightHandAnchor,0.152,0.039,0.198,278.4,202.3,154.9
5.43,Head,-0.014,-0.004,-0.063,6.1,358.7,1.5
5.49,LeftHandAnchor,-0.128,0.024,0.206,280.8,133.7,220.4
5.49,RightHandAnchor,0.152,0.038,0.198,278.4,203.0,154.0
5.49,Head,-0.014,-0.004,-0.063,6.1,358.8,1.4
5.54,LeftHandAnchor,-0.127,0.022,0.207,280.8,133.1,220.9
5.54,RightHandAnchor,0.153,0.035,0.201,278.6,203.8,153.3
5.54,Head,-0.014,-0.004,-0.063,6.1,358.9,1.4
5.60,LeftHandAnchor,-0.127,0.019,0.209,280.3,130.9,223.7
5.60,RightHandAnchor,0.154,0.033,0.203,278.9,205.8,151.9
5.60,Head,-0.014,-0.004,-0.063,6.0,358.9,1.4
5.66,LeftHandAnchor,-0.128,0.018,0.210,279.6,127.1,227.9
5.66,RightHandAnchor,0.155,0.029,0.204,279.1,208.0,149.6
5.66,Head,-0.014,-0.004,-0.063,6.0,358.9,1.5
5.71,LeftHandAnchor,-0.128,0.018,0.210,279.5,126.7,228.4
5.71,RightHandAnchor,0.154,0.029,0.204,278.4,208.6,149.1
5.71,Head,-0.014,-0.004,-0.062,6.0,358.9,1.4
5.77,LeftHandAnchor,-0.128,0.018,0.210,279.5,126.7,228.3
5.77,RightHandAnchor,0.154,0.029,0.204,278.3,208.6,149.2
5.77,Head,-0.013,-0.004,-0.062,6.1,358.9,1.4
5.82,LeftHandAnchor,-0.128,0.019,0.210,279.5,127.5,227.6
5.82,RightHandAnchor,0.153,0.031,0.202,278.3,208.6,149.2
5.82,Head,-0.013,-0.004,-0.062,6.1,358.9,1.3
5.88,LeftHandAnchor,-0.127,0.019,0.209,279.6,129.9,225.7
5.88,RightHandAnchor,0.153,0.031,0.200,278.2,207.6,149.0
5.88,Head,-0.013,-0.004,-0.063,6.2,358.9,1.4
5.93,LeftHandAnchor,-0.128,0.019,0.209,279.6,130.4,225.2
5.93,RightHandAnchor,0.153,0.030,0.200,278.6,207.9,148.1
5.93,Head,-0.013,-0.004,-0.063,6.1,358.8,1.4
5.99,LeftHandAnchor,-0.129,0.014,0.207,279.6,130.7,224.9
5.99,RightHandAnchor,0.155,0.024,0.200,281.4,208.8,145.2
5.99,Head,-0.013,-0.004,-0.064,6.0,358.9,1.4
6.04,LeftHandAnchor,-0.131,-0.001,0.198,280.3,132.5,224.7
6.04,RightHandAnchor,0.157,0.003,0.188,284.6,210.0,139.6
6.04,Head,-0.013,-0.004,-0.063,5.9,358.9,1.4
6.10,LeftHandAnchor,-0.134,-0.025,0.180,281.3,134.7,230.8
6.10,RightHandAnchor,0.155,-0.022,0.177,291.4,196.3,144.1
6.10,Head,-0.013,-0.004,-0.063,5.9,358.8,1.4
6.16,LeftHandAnchor,-0.137,-0.044,0.171,285.8,150.6,220.3
6.16,RightHandAnchor,0.160,-0.042,0.172,294.9,187.6,148.8
6.16,Head,-0.013,-0.004,-0.063,6.0,358.8,1.4
6.21,LeftHandAnchor,-0.135,-0.068,0.159,287.4,172.8,195.9
6.21,RightHandAnchor,0.166,-0.065,0.165,296.1,186.6,154.2
6.21,Head,-0.013,-0.004,-0.062,6.2,359.0,1.0
6.27,LeftHandAnchor,-0.140,-0.096,0.151,292.3,170.2,202.7
6.27,RightHandAnchor,0.158,-0.097,0.157,299.5,191.4,146.7
6.27,Head,-0.012,-0.004,-0.061,5.9,359.1,1.1
6.32,LeftHandAnchor,-0.139,-0.135,0.141,287.7,163.4,211.6
6.32,RightHandAnchor,0.158,-0.133,0.160,298.9,192.6,145.2
6.32,Head,-0.012,-0.004,-0.061,6.0,359.4,0.9
6.38,LeftHandAnchor,-0.137,-0.166,0.135,285.4,153.8,223.4
6.38,RightHandAnchor,0.155,-0.171,0.152,287.6,203.1,137.2
6.38,Head,-0.012,-0.004,-0.060,6.0,359.6,0.7
6.43,LeftHandAnchor,-0.130,-0.187,0.129,276.2,127.3,245.9
6.43,RightHandAnchor,0.153,-0.202,0.147,279.0,242.4,96.3
6.43,Head,-0.012,-0.004,-0.060,6.2,359.6,0.8
6.49,LeftHandAnchor,-0.129,-0.213,0.139,274.1,51.7,316.7
6.49,RightHandAnchor,0.162,-0.229,0.164,281.9,272.0,73.5
6.49,Head,-0.012,-0.004,-0.060,6.2,359.6,0.6
6.54,LeftHandAnchor,-0.133,-0.235,0.166,273.9,113.5,253.6
6.54,RightHandAnchor,0.163,-0.254,0.170,284.5,314.0,35.1
6.54,Head,-0.012,-0.004,-0.060,6.2,359.5,0.5
6.60,LeftHandAnchor,-0.140,-0.261,0.181,275.1,106.7,259.6
6.60,RightHandAnchor,0.165,-0.271,0.176,284.2,313.9,34.2
6.60,Head,-0.012,-0.004,-0.060,6.1,359.5,0.6
6.66,LeftHandAnchor,-0.136,-0.267,0.178,275.5,99.0,263.7
6.66,RightHandAnchor,0.166,-0.277,0.176,284.3,321.3,25.7
6.66,Head,-0.012,-0.004,-0.059,6.0,359.7,0.5
6.71,LeftHandAnchor,-0.142,-0.280,0.182,277.9,114.4,251.7
6.71,RightHandAnchor,0.166,-0.281,0.177,282.7,320.0,26.0
6.71,Head,-0.011,-0.003,-0.059,5.9,359.8,0.5
6.77,LeftHandAnchor,-0.143,-0.284,0.180,277.8,107.7,258.9
6.77,RightHandAnchor,0.166,-0.281,0.176,282.2,314.5,32.0
6.77,Head,-0.011,-0.004,-0.058,6.0,359.9,0.4
6.82,LeftHandAnchor,-0.142,-0.284,0.179,278.0,103.8,262.5
6.82,RightHandAnchor,0.165,-0.281,0.174,281.7,310.0,36.8
6.82,Head,-0.011,-0.004,-0.058,6.3,359.8,0.3
6.88,LeftHandAnchor,-0.140,-0.274,0.176,277.8,101.8,264.7
6.88,RightHandAnchor,0.164,-0.279,0.174,280.4,288.3,58.8
6.88,Head,-0.011,-0.004,-0.058,6.7,359.8,0.3
6.93,LeftHandAnchor,-0.138,-0.255,0.178,278.5,111.8,254.6
6.93,RightHandAnchor,0.161,-0.269,0.176,279.3,276.7,70.9
6.93,Head,-0.010,-0.006,-0.058,7.2,359.8,0.4
6.99,LeftHandAnchor,-0.139,-0.230,0.189,281.5,129.1,237.0
6.99,RightHandAnchor,0.160,-0.248,0.180,279.1,275.0,72.5
6.99,Head,-0.010,-0.007,-0.060,8.1,359.8,0.3
7.04,LeftHandAnchor,-0.138,-0.196,0.196,282.7,134.0,231.2
7.04,RightHandAnchor,0.156,-0.210,0.190,279.3,257.9,89.3
7.04,Head,-0.010,-0.009,-0.061,8.8,359.9,0.3
7.10,LeftHandAnchor,-0.137,-0.165,0.204,282.5,136.3,229.3
7.10,RightHandAnchor,0.153,-0.174,0.201,282.1,232.8,111.1
7.10,Head,-0.010,-0.010,-0.062,9.4,0.2,0.2
7.16,LeftHandAnchor,-0.137,-0.127,0.214,273.5,141.9,223.1
7.16,RightHandAnchor,0.153,-0.139,0.211,281.9,231.6,113.5
7.16,Head,-0.010,-0.011,-0.063,10.1,0.4,0.3
7.21,LeftHandAnchor,-0.136,-0.091,0.215,272.2,154.5,208.2
7.21,RightHandAnchor,0.151,-0.104,0.209,276.3,275.4,76.3
7.21,Head,-0.011,-0.013,-0.063,10.9,0.5,0.4
7.27,LeftHandAnchor,-0.136,-0.060,0.214,276.4,142.0,220.6
7.27,RightHandAnchor,0.149,-0.067,0.217,277.2,243.2,107.6
7.27,Head,-0.011,-0.014,-0.063,11.4,0.3,0.6
7.32,LeftHandAnchor,-0.137,-0.032,0.211,279.4,138.2,224.7
7.32,RightHandAnchor,0.150,-0.034,0.211,280.0,240.6,110.0
7.32,Head,-0.011,-0.015,-0.063,12.0,0.1,0.5
7.38,LeftHandAnchor,-0.137,-0.009,0.200,280.1,134.1,228.6
7.38,RightHandAnchor,0.148,-0.004,0.203,280.6,239.3,111.2
7.38,Head,-0.012,-0.015,-0.062,12.2,0.0,0.6
7.43,LeftHandAnchor,-0.138,0.011,0.195,281.4,136.2,224.0
7.43,RightHandAnchor,0.144,0.019,0.192,280.4,238.0,112.9
7.43,Head,-0.012,-0.015,-0.061,12.3,0.1,0.6
7.49,LeftHandAnchor,-0.139,0.023,0.190,282.1,141.9,217.9
7.49,RightHandAnchor,0.142,0.030,0.182,279.6,234.0,117.6
7.49,Head,-0.012,-0.015,-0.061,12.5,0.1,0.7
7.54,LeftHandAnchor,-0.140,0.032,0.184,280.3,145.7,214.0
7.54,RightHandAnchor,0.137,0.041,0.171,272.1,295.0,60.5
7.54,Head,-0.013,-0.016,-0.060,12.6,360.0,0.8
7.60,LeftHandAnchor,-0.134,0.041,0.171,273.7,158.5,207.9
7.60,RightHandAnchor,0.132,0.049,0.161,271.8,7.1,347.2
7.60,Head,-0.014,-0.016,-0.060,12.6,359.9,0.9
7.66,LeftHandAnchor,-0.124,0.041,0.157,274.5,310.3,50.1
7.66,RightHandAnchor,0.129,0.050,0.154,272.7,25.5,328.5
7.66,Head,-0.014,-0.016,-0.059,12.7,359.8,1.0
7.71,LeftHandAnchor,-0.123,0.044,0.155,276.0,319.9,42.2
7.71,RightHandAnchor,0.129,0.049,0.152,275.2,19.4,334.2
7.71,Head,-0.014,-0.016,-0.059,12.7,359.7,0.9
7.77,LeftHandAnchor,-0.124,0.050,0.155,277.3,314.9,48.5
7.77,RightHandAnchor,0.128,0.048,0.149,280.6,30.7,322.0
7.77,Head,-0.014,-0.015,-0.059,12.5,359.7,0.9
7.82,LeftHandAnchor,-0.125,0.051,0.155,278.6,309.6,57.0
7.82,RightHandAnchor,0.127,0.047,0.147,280.9,29.5,328.0
7.82,Head,-0.013,-0.015,-0.059,12.2,359.8,0.8
7.88,LeftHandAnchor,-0.125,0.051,0.154,278.8,314.3,51.1
7.88,RightHandAnchor,0.126,0.046,0.146,279.9,27.1,329.7
7.88,Head,-0.013,-0.015,-0.059,12.2,359.7,0.6
7.93,LeftHandAnchor,-0.127,0.050,0.153,277.1,324.6,38.2
7.93,RightHandAnchor,0.125,0.042,0.147,278.0,21.8,331.7
7.93,Head,-0.013,-0.014,-0.059,12.1,359.6,0.5
7.99,LeftHandAnchor,-0.127,0.050,0.154,276.4,319.6,42.5
7.99,RightHandAnchor,0.126,0.038,0.153,277.4,18.7,334.7
7.99,Head,-0.013,-0.014,-0.059,12.1,359.5,0.6
8.04,LeftHandAnchor,-0.127,0.050,0.156,274.8,305.9,54.5
8.04,RightHandAnchor,0.126,0.038,0.154,277.4,18.5,334.9
8.04,Head,-0.013,-0.014,-0.059,11.9,359.5,0.6
8.10,LeftHandAnchor,-0.127,0.050,0.157,274.6,305.9,54.2
8.10,RightHandAnchor,0.126,0.039,0.154,277.5,18.7,334.7
8.10,Head,-0.012,-0.013,-0.059,11.8,359.5,0.5
8.16,LeftHandAnchor,-0.127,0.049,0.158,275.5,313.8,47.3
8.16,RightHandAnchor,0.126,0.040,0.154,277.3,19.7,334.1
8.16,Head,-0.012,-0.013,-0.059,11.6,359.6,0.5
8.21,LeftHandAnchor,-0.126,0.048,0.160,275.4,311.1,50.1
8.21,RightHandAnchor,0.128,0.041,0.160,275.3,22.0,332.4
8.21,Head,-0.012,-0.013,-0.059,11.4,359.6,0.5
8.27,LeftHandAnchor,-0.125,0.048,0.163,275.3,311.6,49.5
8.27,RightHandAnchor,0.129,0.041,0.161,273.9,19.6,334.0
8.27,Head,-0.011,-0.013,-0.059,11.3,359.6,0.5
8.32,LeftHandAnchor,-0.124,0.048,0.164,275.3,310.1,51.1
8.32,RightHandAnchor,0.129,0.042,0.161,273.5,20.8,333.6
8.32,Head,-0.011,-0.012,-0.058,11.3,359.6,0.5
8.38,LeftHandAnchor,-0.123,0.049,0.165,275.5,310.5,48.4
8.38,RightHandAnchor,0.129,0.042,0.161,273.4,21.4,333.1
8.38,Head,-0.012,-0.012,-0.058,11.3,359.4,0.6
8.43,LeftHandAnchor,-0.123,0.049,0.166,275.7,311.5,47.4
8.43,RightHandAnchor,0.130,0.042,0.161,273.2,23.5,330.5
8.43,Head,-0.012,-0.013,-0.058,11.3,359.3,0.6
8.49,LeftHandAnchor,-0.123,0.049,0.165,275.8,312.3,46.2
8.49,RightHandAnchor,0.130,0.042,0.161,273.0,21.3,332.9
8.49,Head,-0.012,-0.012,-0.058,11.2,359.3,0.6
8.54,LeftHandAnchor,-0.123,0.049,0.166,276.2,312.4,45.1
8.54,RightHandAnchor,0.130,0.043,0.162,272.8,20.1,334.1
8.54,Head,-0.012,-0.012,-0.058,11.1,359.3,0.6
8.60,LeftHandAnchor,-0.123,0.051,0.166,276.0,312.9,44.5
8.60,RightHandAnchor,0.130,0.043,0.162,272.7,22.1,332.1
8.60,Head,-0.011,-0.012,-0.058,10.9,359.2,0.5
8.66,LeftHandAnchor,-0.123,0.050,0.166,274.7,306.9,51.4
8.66,RightHandAnchor,0.130,0.043,0.162,272.5,22.8,331.3
8.66,Head,-0.011,-0.012,-0.059,10.8,359.2,0.5
8.71,LeftHandAnchor,-0.127,0.058,0.170,274.9,307.7,50.5
8.71,RightHandAnchor,0.129,0.043,0.162,272.4,23.4,330.7
8.71,Head,-0.011,-0.011,-0.058,10.8,359.3,0.4
8.77,LeftHandAnchor,-0.126,0.058,0.170,274.9,308.9,49.2
8.77,RightHandAnchor,0.129,0.043,0.162,272.4,24.3,329.5
8.77,Head,-0.011,-0.011,-0.058,10.8,359.2,0.5
8.82,LeftHandAnchor,-0.124,0.060,0.165,275.6,312.3,45.7
8.82,RightHandAnchor,0.129,0.046,0.163,272.5,23.6,330.0
8.82,Head,-0.011,-0.011,-0.058,10.9,359.1,0.5
8.88,LeftHandAnchor,-0.123,0.062,0.160,275.9,312.3,45.9
8.88,RightHandAnchor,0.129,0.050,0.162,273.2,14.7,337.3
8.88,Head,-0.011,-0.012,-0.057,11.0,359.1,0.5
8.93,LeftHandAnchor,-0.120,0.068,0.155,276.3,315.1,43.3
8.93,RightHandAnchor,0.128,0.067,0.160,274.3,18.6,333.0
8.93,Head,-0.012,-0.012,-0.056,11.2,359.1,0.5
8.99,LeftHandAnchor,-0.117,0.069,0.153,279.7,309.7,48.9
8.99,RightHandAnchor,0.128,0.077,0.158,279.7,28.3,328.2
8.99,Head,-0.012,-0.012,-0.055,11.2,359.0,0.6
9.04,LeftHandAnchor,0.000,0.000,0.000,0.0,0.0,0.0
9.04,RightHandAnchor,0.126,0.079,0.154,282.0,30.3,326.7
9.04,Head,-0.012,-0.012,-0.055,11.4,358.9,0.7
9.10,LeftHandAnchor,0.000,0.000,0.000,0.0,0.0,0.0
9.10,RightHandAnchor,0.123,0.079,0.147,280.8,37.4,315.1
9.10,Head,-0.013,-0.012,-0.054,11.6,358.8,0.8
9.16,LeftHandAnchor,-0.097,0.100,0.145,291.8,277.2,57.8
9.16,RightHandAnchor,0.119,0.078,0.140,280.3,37.7,315.4
9.16,Head,-0.013,-0.013,-0.054,11.6,358.9,0.8
9.21,LeftHandAnchor,0.000,0.000,0.000,0.0,0.0,0.0
9.21,RightHandAnchor,0.108,0.079,0.142,279.2,63.8,290.3
9.21,Head,-0.013,-0.012,-0.055,11.4,359.0,0.8
9.27,LeftHandAnchor,-0.096,0.067,0.117,284.6,300.3,48.6
9.27,RightHandAnchor,0.138,0.082,0.180,275.6,181.5,192.7
9.27,Head,-0.013,-0.012,-0.055,11.1,359.0,0.9
9.32,LeftHandAnchor,-0.193,0.114,0.223,290.4,126.0,220.0
9.32,RightHandAnchor,0.134,0.050,0.170,281.0,138.8,213.1
9.32,Head,-0.014,-0.011,-0.055,10.7,358.9,0.9
9.38,LeftHandAnchor,-0.139,0.069,0.173,280.6,138.1,220.9
9.38,RightHandAnchor,0.131,0.045,0.164,285.1,116.3,233.7
9.38,Head,-0.014,-0.011,-0.054,10.4,358.8,0.9
9.43,LeftHandAnchor,-0.138,0.054,0.166,279.6,140.6,218.9
9.43,RightHandAnchor,0.132,0.036,0.163,287.0,108.1,240.7
9.43,Head,-0.014,-0.011,-0.053,10.6,358.8,1.0
9.49,LeftHandAnchor,-0.138,0.053,0.168,283.1,150.2,207.9
9.49,RightHandAnchor,0.132,0.038,0.165,285.4,109.7,240.2
9.49,Head,-0.015,-0.011,-0.051,10.9,358.8,1.1
9.54,LeftHandAnchor,-0.137,0.058,0.170,283.1,157.9,198.7
9.54,RightHandAnchor,0.133,0.051,0.169,283.1,96.1,252.3
9.54,Head,-0.015,-0.011,-0.049,11.2,358.9,1.1
9.60,LeftHandAnchor,-0.139,0.076,0.172,283.8,157.7,198.2
9.60,RightHandAnchor,0.134,0.061,0.166,282.9,61.0,289.3
9.60,Head,-0.016,-0.012,-0.048,11.4,359.0,1.2
9.66,LeftHandAnchor,-0.144,0.098,0.177,283.0,159.2,195.8
9.66,RightHandAnchor,0.131,0.067,0.163,282.5,52.2,303.7
9.66,Head,-0.016,-0.012,-0.047,11.6,359.0,1.3
9.71,LeftHandAnchor,-0.145,0.111,0.185,283.4,160.3,195.5
9.71,RightHandAnchor,0.124,0.082,0.160,281.2,51.1,310.1
9.71,Head,-0.017,-0.012,-0.047,11.9,358.9,1.3
9.77,LeftHandAnchor,-0.147,0.122,0.184,282.6,160.1,195.6
9.77,RightHandAnchor,0.122,0.092,0.155,279.9,45.0,321.4
9.77,Head,-0.017,-0.013,-0.046,12.0,358.9,1.4
9.82,LeftHandAnchor,-0.149,0.134,0.185,281.0,159.8,195.5
9.82,RightHandAnchor,0.119,0.097,0.151,283.5,42.5,318.1
9.82,Head,-0.017,-0.013,-0.045,12.3,359.0,1.4
9.88,LeftHandAnchor,-0.151,0.147,0.186,279.7,159.9,195.1
9.88,RightHandAnchor,0.094,0.094,0.137,291.5,53.1,304.2
9.88,Head,-0.018,-0.014,-0.044,12.6,358.9,1.5
9.93,LeftHandAnchor,0.000,0.000,0.000,0.0,0.0,0.0
9.93,RightHandAnchor,0.000,0.000,0.000,0.0,0.0,0.0
9.93,Head,-0.018,-0.015,-0.043,13.2,358.7,1.5
9.99,LeftHandAnchor,0.000,0.000,0.000,0.0,0.0,0.0
9.99,RightHandAnchor,0.000,0.000,0.000,0.0,0.0,0.0
9.99,Head,-0.018,-0.016,-0.041,13.7,358.6,1.5
10.04,LeftHandAnchor,0.000,0.000,0.000,0.0,0.0,0.0
10.04,RightHandAnchor,0.000,0.000,0.000,0.0,0.0,0.0
10.04,Head,-0.018,-0.016,-0.040,14.2,358.6,1.5
10.10,LeftHandAnchor,0.000,0.000,0.000,0.0,0.0,0.0
10.10,RightHandAnchor,0.000,0.000,0.000,0.0,0.0,0.0
10.10,Head,-0.018,-0.017,-0.039,14.6,358.8,1.5
10.16,LeftHandAnchor,0.000,0.000,0.000,0.0,0.0,0.0
10.16,RightHandAnchor,0.000,0.000,0.000,0.0,0.0,0.0
10.16,Head,-0.018,-0.018,-0.038,14.9,359.0,1.5
10.21,LeftHandAnchor,0.000,0.000,0.000,0.0,0.0,0.0
10.21,RightHandAnchor,0.000,0.000,0.000,0.0,0.0,0.0
10.21,Head,-0.018,-0.018,-0.038,15.1,359.0,1.5
10.27,LeftHandAnchor,0.000,0.000,0.000,0.0,0.0,0.0
10.27,RightHandAnchor,0.000,0.000,0.000,0.0,0.0,0.0
10.27,Head,-0.017,-0.018,-0.038,15.1,359.1,1.4
10.32,LeftHandAnchor,0.000,0.000,0.000,0.0,0.0,0.0
10.32,RightHandAnchor,0.000,0.000,0.000,0.0,0.0,0.0
10.32,Head,-0.018,-0.018,-0.038,15.1,359.0,1.4
10.38,LeftHandAnchor,0.000,0.000,0.000,0.0,0.0,0.0
10.38,RightHandAnchor,0.000,0.000,0.000,0.0,0.0,0.0
10.38,Head,-0.018,-0.018,-0.038,15.1,359.0,1.4
10.43,LeftHandAnchor,0.000,0.000,0.000,0.0,0.0,0.0
10.43,RightHandAnchor,0.000,0.000,0.000,0.0,0.0,0.0
10.43,Head,-0.018,-0.018,-0.038,15.1,359.0,1.5
10.49,LeftHandAnchor,0.000,0.000,0.000,0.0,0.0,0.0
10.49,RightHandAnchor,0.000,0.000,0.000,0.0,0.0,0.0
10.49,Head,-0.018,-0.018,-0.038,15.1,358.9,1.6
10.54,LeftHandAnchor,0.000,0.000,0.000,0.0,0.0,0.0
10.54,RightHandAnchor,0.000,0.000,0.000,0.0,0.0,0.0
10.54,Head,-0.018,-0.018,-0.038,15.1,358.9,1.5
10.60,LeftHandAnchor,0.000,0.000,0.000,0.0,0.0,0.0
10.60,RightHandAnchor,0.000,0.000,0.000,0.0,0.0,0.0
10.60,Head,-0.019,-0.018,-0.038,15.1,358.9,1.6
10.66,LeftHandAnchor,0.000,0.000,0.000,0.0,0.0,0.0
10.66,RightHandAnchor,0.000,0.000,0.000,0.0,0.0,0.0
10.66,Head,-0.019,-0.018,-0.038,15.1,358.8,1.6
10.71,LeftHandAnchor,0.000,0.000,0.000,0.0,0.0,0.0
10.71,RightHandAnchor,0.000,0.000,0.000,0.0,0.0,0.0
10.71,Head,-0.019,-0.018,-0.039,15.0,358.8,1.6
10.77,LeftHandAnchor,0.000,0.000,0.000,0.0,0.0,0.0
10.77,RightHandAnchor,0.000,0.000,0.000,0.0,0.0,0.0
10.77,Head,-0.019,-0.018,-0.039,15.0,358.9,1.6
10.82,LeftHandAnchor,0.000,0.000,0.000,0.0,0.0,0.0
10.82,RightHandAnchor,0.000,0.000,0.000,0.0,0.0,0.0
10.82,Head,-0.019,-0.018,-0.039,14.9,359.0,1.7
10.88,LeftHandAnchor,0.000,0.000,0.000,0.0,0.0,0.0
10.88,RightHandAnchor,0.000,0.000,0.000,0.0,0.0,0.0
10.88,Head,-0.019,-0.018,-0.040,14.8,359.0,1.8
10.93,LeftHandAnchor,0.000,0.000,0.000,0.0,0.0,0.0
10.93,RightHandAnchor,0.000,0.000,0.000,0.0,0.0,0.0
10.93,Head,-0.020,-0.018,-0.040,14.7,358.9,1.7
10.99,LeftHandAnchor,0.000,0.000,0.000,0.0,0.0,0.0
10.99,RightHandAnchor,0.000,0.000,0.000,0.0,0.0,0.0
10.99,Head,-0.020,-0.017,-0.041,14.5,358.8,1.8
11.04,LeftHandAnchor,0.000,0.000,0.000,0.0,0.0,0.0
11.04,RightHandAnchor,0.000,0.000,0.000,0.0,0.0,0.0
11.04,Head,-0.020,-0.016,-0.041,14.1,358.7,2.0
11.10,LeftHandAnchor,0.000,0.000,0.000,0.0,0.0,0.0
11.10,RightHandAnchor,0.000,0.000,0.000,0.0,0.0,0.0
11.10,Head,-0.021,-0.016,-0.042,13.6,358.5,2.1
11.16,LeftHandAnchor,0.000,0.000,0.000,0.0,0.0,0.0
11.16,RightHandAnchor,0.000,0.000,0.000,0.0,0.0,0.0
11.16,Head,-0.021,-0.014,-0.042,12.8,358.6,1.9
11.21,LeftHandAnchor,0.000,0.000,0.000,0.0,0.0,0.0
11.21,RightHandAnchor,0.000,0.000,0.000,0.0,0.0,0.0
11.21,Head,-0.020,-0.013,-0.042,12.3,358.7,2.0
11.27,LeftHandAnchor,0.000,0.000,0.000,0.0,0.0,0.0
11.27,RightHandAnchor,0.000,0.000,0.000,0.0,0.0,0.0
11.27,Head,-0.019,-0.012,-0.043,12.1,358.8,2.0
11.32,LeftHandAnchor,0.000,0.000,0.000,0.0,0.0,0.0
11.32,RightHandAnchor,0.228,0.057,0.081,320.4,170.3,174.6
11.32,Head,-0.018,-0.011,-0.042,11.3,359.0,1.5
11.38,LeftHandAnchor,0.000,0.000,0.000,0.0,0.0,0.0
11.38,RightHandAnchor,0.249,-0.004,0.069,334.8,178.5,171.4
11.38,Head,-0.017,-0.009,-0.041,10.4,359.0,1.3
11.44,LeftHandAnchor,0.000,0.000,0.000,0.0,0.0,0.0
11.44,RightHandAnchor,0.270,-0.042,0.072,334.4,181.0,180.0
11.44,Head,-0.015,-0.007,-0.039,9.6,359.2,1.5
11.50,LeftHandAnchor,-0.246,-0.084,0.019,311.5,190.0,179.8
11.50,RightHandAnchor,0.253,-0.105,0.073,324.0,194.6,157.6
11.50,Head,-0.013,-0.006,-0.037,9.1,0.2,0.4
11.56,LeftHandAnchor,-0.281,-0.134,0.019,316.0,162.6,185.9
11.56,RightHandAnchor,0.250,-0.163,0.084,316.1,189.5,157.9
11.56,Head,-0.012,-0.004,-0.033,7.5,0.6,0.3
11.61,LeftHandAnchor,-0.260,-0.204,0.032,311.5,156.8,188.6
11.61,RightHandAnchor,0.250,-0.223,0.096,311.3,188.7,166.1
11.61,Head,-0.012,-0.002,-0.030,6.4,0.8,359.7
11.67,LeftHandAnchor,-0.241,-0.261,0.051,304.0,175.4,170.1
11.67,RightHandAnchor,0.238,-0.279,0.092,297.5,190.7,167.9
11.67,Head,-0.011,-0.001,-0.029,6.0,0.9,359.4
11.72,LeftHandAnchor,-0.235,-0.312,0.067,298.7,159.1,188.0
11.72,RightHandAnchor,0.245,-0.337,0.092,286.5,194.2,166.9
11.72,Head,-0.011,0.001,-0.027,4.9,1.1,359.5
11.78,LeftHandAnchor,-0.218,-0.378,0.071,283.1,180.5,174.7
11.78,RightHandAnchor,0.222,-0.351,0.084,276.2,184.2,168.1
11.78,Head,-0.010,0.002,-0.028,4.2,1.1,0.0
11.84,LeftHandAnchor,-0.198,-0.405,0.060,271.4,317.8,38.1
11.84,RightHandAnchor,0.199,-0.372,0.073,276.7,10.9,341.6
11.84,Head,-0.009,0.003,-0.030,3.4,1.3,360.0
11.89,LeftHandAnchor,-0.172,-0.414,0.065,284.9,27.0,331.4
11.89,RightHandAnchor,0.165,-0.392,0.072,290.3,5.4,349.8
11.89,Head,-0.008,0.004,-0.033,2.9,1.6,0.1
11.95,LeftHandAnchor,-0.133,-0.414,0.101,283.5,17.0,351.3
11.95,RightHandAnchor,0.150,-0.403,0.096,297.2,3.0,352.7
11.95,Head,-0.008,0.004,-0.037,2.5,1.4,0.0
12.00,LeftHandAnchor,-0.106,-0.389,0.106,294.7,9.1,1.7
12.00,RightHandAnchor,0.137,-0.405,0.117,301.9,2.1,350.3
12.00,Head,-0.009,0.003,-0.041,3.3,0.8,360.0
12.06,LeftHandAnchor,-0.093,-0.356,0.114,310.6,7.7,358.5
12.06,RightHandAnchor,0.126,-0.369,0.139,299.4,348.9,0.1
12.06,Head,-0.010,0.000,-0.045,4.6,0.1,0.1
12.11,LeftHandAnchor,-0.090,-0.328,0.146,313.0,7.7,356.3
12.11,RightHandAnchor,0.118,-0.343,0.159,301.2,349.6,359.9
12.11,Head,-0.011,-0.001,-0.048,5.8,359.8,0.5
12.17,LeftHandAnchor,-0.091,-0.306,0.179,312.6,7.7,354.6
12.17,RightHandAnchor,0.117,-0.317,0.180,298.9,345.6,4.4
12.17,Head,-0.012,-0.003,-0.051,6.9,359.8,0.9
12.22,LeftHandAnchor,-0.098,-0.287,0.193,305.1,7.9,356.0
12.22,RightHandAnchor,0.120,-0.299,0.192,296.6,341.7,6.3
12.22,Head,-0.012,-0.005,-0.052,7.5,359.6,1.0
12.28,LeftHandAnchor,-0.097,-0.266,0.190,302.5,5.0,1.0
12.28,RightHandAnchor,0.122,-0.283,0.189,296.7,341.0,7.3
12.28,Head,-0.013,-0.006,-0.054,8.2,359.4,1.0
12.34,LeftHandAnchor,-0.097,-0.260,0.189,302.1,2.7,4.4
12.34,RightHandAnchor,0.126,-0.283,0.195,298.0,342.2,7.3
12.34,Head,-0.014,-0.006,-0.055,8.3,359.3,1.1
12.39,LeftHandAnchor,-0.099,-0.261,0.191,298.5,1.5,4.2
12.39,RightHandAnchor,0.127,-0.282,0.195,298.4,345.7,4.8
12.39,Head,-0.014,-0.007,-0.056,8.4,359.4,1.0
12.45,LeftHandAnchor,-0.103,-0.260,0.190,292.7,2.4,1.6
12.45,RightHandAnchor,0.130,-0.274,0.189,297.6,345.2,5.0
12.45,Head,-0.014,-0.008,-0.057,8.9,359.6,1.1
12.50,LeftHandAnchor,-0.108,-0.258,0.193,290.6,2.4,1.2
12.50,RightHandAnchor,0.131,-0.266,0.186,294.9,346.2,2.3
12.50,Head,-0.014,-0.009,-0.058,9.5,359.8,1.1
12.56,LeftHandAnchor,-0.112,-0.251,0.198,284.0,7.6,354.4
12.56,RightHandAnchor,0.128,-0.255,0.182,291.5,343.6,3.4
12.56,Head,-0.014,-0.009,-0.059,9.5,359.9,1.0
12.61,LeftHandAnchor,-0.113,-0.239,0.197,283.9,3.6,357.1
12.61,RightHandAnchor,0.125,-0.247,0.182,286.7,340.3,8.8
12.61,Head,-0.014,-0.009,-0.060,9.5,0.0,0.9
12.67,LeftHandAnchor,-0.113,-0.226,0.194,284.5,358.2,1.7
12.67,RightHandAnchor,0.125,-0.238,0.185,284.1,337.7,12.2
12.67,Head,-0.014,-0.009,-0.060,9.4,359.9,0.9
12.72,LeftHandAnchor,-0.114,-0.213,0.190,284.7,357.5,1.7
12.72,RightHandAnchor,0.124,-0.224,0.185,284.2,344.7,6.8
12.72,Head,-0.014,-0.010,-0.061,9.7,359.7,1.0
12.78,LeftHandAnchor,-0.115,-0.196,0.189,283.6,357.5,1.3
12.78,RightHandAnchor,0.124,-0.210,0.185,284.0,345.8,5.6
12.78,Head,-0.015,-0.010,-0.061,9.9,359.6,1.0
12.84,LeftHandAnchor,-0.115,-0.176,0.188,282.4,356.8,2.2
12.84,RightHandAnchor,0.124,-0.192,0.185,281.7,343.6,8.8
12.84,Head,-0.015,-0.011,-0.061,10.2,359.5,1.2
12.89,LeftHandAnchor,-0.119,-0.156,0.193,278.7,358.3,358.7
12.89,RightHandAnchor,0.121,-0.170,0.184,279.8,342.7,9.1
12.89,Head,-0.015,-0.011,-0.062,10.5,359.4,1.2
12.95,LeftHandAnchor,-0.121,-0.142,0.197,275.0,13.0,345.0
12.95,RightHandAnchor,0.122,-0.151,0.184,278.8,340.4,11.2
12.95,Head,-0.015,-0.012,-0.062,10.8,359.3,1.1
13.00,LeftHandAnchor,-0.122,-0.122,0.199,273.0,62.3,296.2
13.00,RightHandAnchor,0.124,-0.130,0.185,277.5,330.0,21.5
13.00,Head,-0.016,-0.013,-0.062,11.0,359.2,1.1
13.06,LeftHandAnchor,-0.120,-0.105,0.200,273.6,89.5,269.7
13.06,RightHandAnchor,0.124,-0.109,0.191,276.4,309.1,44.1
13.06,Head,-0.016,-0.013,-0.063,11.1,359.2,1.0
13.11,LeftHandAnchor,-0.123,-0.083,0.209,275.5,112.0,247.4
13.11,RightHandAnchor,0.125,-0.090,0.199,275.7,294.2,59.0
13.11,Head,-0.016,-0.013,-0.063,11.0,359.2,1.0
13.17,LeftHandAnchor,-0.124,-0.064,0.214,276.1,114.9,243.4
13.17,RightHandAnchor,0.128,-0.068,0.204,275.6,290.3,63.0
13.17,Head,-0.016,-0.013,-0.063,10.9,359.1,0.8
13.22,LeftHandAnchor,-0.123,-0.046,0.214,276.1,116.8,240.7
13.22,RightHandAnchor,0.128,-0.050,0.206,275.5,290.8,62.8
13.22,Head,-0.016,-0.012,-0.063,10.8,359.0,0.8
13.28,LeftHandAnchor,-0.125,-0.028,0.212,276.2,117.3,240.3
13.28,RightHandAnchor,0.129,-0.034,0.209,275.0,275.5,78.7
13.28,Head,-0.015,-0.012,-0.063,10.8,359.0,0.6
13.34,LeftHandAnchor,-0.125,-0.011,0.212,276.3,120.1,236.1
13.34,RightHandAnchor,0.129,-0.017,0.205,274.9,273.3,81.0
13.34,Head,-0.015,-0.012,-0.063,10.7,359.1,0.6
13.39,LeftHandAnchor,-0.124,0.008,0.207,275.6,123.2,229.4
13.39,RightHandAnchor,0.130,0.004,0.207,274.0,264.6,91.4
13.39,Head,-0.015,-0.012,-0.063,10.5,359.1,0.5
13.45,LeftHandAnchor,-0.129,0.027,0.205,276.7,129.9,222.6
13.45,RightHandAnchor,0.131,0.021,0.205,275.6,225.2,131.0
13.45,Head,-0.015,-0.012,-0.062,10.5,359.1,0.5
13.50,LeftHandAnchor,-0.134,0.046,0.203,280.6,140.9,211.8
13.50,RightHandAnchor,0.131,0.041,0.199,277.8,214.5,141.2
13.50,Head,-0.014,-0.012,-0.061,10.8,359.2,0.3
13.56,LeftHandAnchor,-0.132,0.060,0.190,278.7,142.2,210.6
13.56,RightHandAnchor,0.128,0.057,0.188,272.6,193.3,164.0
13.56,Head,-0.014,-0.012,-0.060,11.0,359.4,0.2
13.61,LeftHandAnchor,-0.129,0.074,0.174,272.2,143.7,214.4
13.61,RightHandAnchor,0.127,0.075,0.176,272.1,105.1,251.7
13.61,Head,-0.014,-0.012,-0.060,11.2,359.5,0.2
13.67,LeftHandAnchor,-0.127,0.083,0.163,275.2,335.8,22.5
13.67,RightHandAnchor,0.128,0.086,0.171,275.7,64.4,291.8
13.67,Head,-0.014,-0.013,-0.059,11.3,359.6,0.2
13.72,LeftHandAnchor,-0.125,0.088,0.154,282.8,330.8,24.8
13.72,RightHandAnchor,0.128,0.092,0.163,281.4,48.6,307.0
13.72,Head,-0.014,-0.013,-0.059,11.4,359.6,0.3
13.78,LeftHandAnchor,-0.124,0.088,0.152,282.4,322.5,34.6
13.78,RightHandAnchor,0.127,0.099,0.147,282.9,48.2,301.6
13.78,Head,-0.014,-0.013,-0.058,11.5,359.7,0.4
13.84,LeftHandAnchor,0.000,0.000,0.000,0.0,0.0,0.0
13.84,RightHandAnchor,0.125,0.107,0.144,283.3,52.1,295.8
13.84,Head,-0.014,-0.013,-0.058,11.7,359.8,0.5
13.89,LeftHandAnchor,0.000,0.000,0.000,0.0,0.0,0.0
13.89,RightHandAnchor,0.124,0.115,0.147,285.5,54.6,293.9
13.89,Head,-0.013,-0.013,-0.058,11.8,359.9,0.6
13.95,LeftHandAnchor,0.000,0.000,0.000,0.0,0.0,0.0
13.95,RightHandAnchor,0.126,0.116,0.148,286.7,56.3,294.8
13.95,Head,-0.013,-0.014,-0.058,12.0,359.8,0.5
14.00,LeftHandAnchor,0.000,0.000,0.000,0.0,0.0,0.0
14.00,RightHandAnchor,0.000,0.000,0.000,0.0,0.0,0.0
14.00,Head,-0.013,-0.014,-0.058,12.1,359.7,0.4
14.06,LeftHandAnchor,0.000,0.000,0.000,0.0,0.0,0.0
14.06,RightHandAnchor,0.131,0.124,0.152,295.2,51.1,285.7
14.06,Head,-0.014,-0.014,-0.058,12.1,359.6,0.4
14.11,LeftHandAnchor,0.000,0.000,0.000,0.0,0.0,0.0
14.11,RightHandAnchor,0.135,0.135,0.148,298.4,48.5,290.1
14.11,Head,-0.014,-0.014,-0.058,12.0,359.7,0.5
14.17,LeftHandAnchor,0.000,0.000,0.000,0.0,0.0,0.0
14.17,RightHandAnchor,0.138,0.141,0.145,300.8,46.9,292.8
14.17,Head,-0.014,-0.014,-0.059,11.9,359.6,0.5
14.22,LeftHandAnchor,0.000,0.000,0.000,0.0,0.0,0.0
14.22,RightHandAnchor,0.000,0.000,0.000,0.0,0.0,0.0
14.22,Head,-0.013,-0.014,-0.059,11.8,359.7,0.5
14.28,LeftHandAnchor,0.000,0.000,0.000,0.0,0.0,0.0
14.28,RightHandAnchor,0.126,0.113,0.150,291.8,47.2,284.2
14.28,Head,-0.013,-0.013,-0.058,11.8,359.8,0.5
14.34,LeftHandAnchor,0.000,0.000,0.000,0.0,0.0,0.0
14.34,RightHandAnchor,0.119,0.108,0.141,286.4,39.4,288.3
14.34,Head,-0.013,-0.013,-0.058,11.8,359.8,0.5
14.39,LeftHandAnchor,0.000,0.000,0.000,0.0,0.0,0.0
14.39,RightHandAnchor,0.112,0.102,0.131,280.3,21.3,301.7
14.39,Head,-0.013,-0.014,-0.058,11.9,359.7,0.5
14.45,LeftHandAnchor,0.000,0.000,0.000,0.0,0.0,0.0
14.45,RightHandAnchor,0.107,0.098,0.124,277.0,351.7,328.0
14.45,Head,-0.014,-0.014,-0.057,12.0,359.6,0.5
14.50,LeftHandAnchor,0.000,0.000,0.000,0.0,0.0,0.0
14.50,RightHandAnchor,0.000,0.000,0.000,0.0,0.0,0.0
14.50,Head,-0.014,-0.014,-0.056,12.2,359.5,0.6
14.56,LeftHandAnchor,0.000,0.000,0.000,0.0,0.0,0.0
14.56,RightHandAnchor,0.000,0.000,0.000,0.0,0.0,0.0
14.56,Head,-0.014,-0.014,-0.055,12.4,359.5,0.6
14.61,LeftHandAnchor,0.000,0.000,0.000,0.0,0.0,0.0
14.61,RightHandAnchor,0.000,0.000,0.000,0.0,0.0,0.0
14.61,Head,-0.014,-0.015,-0.055,12.7,359.5,0.6
14.67,LeftHandAnchor,0.000,0.000,0.000,0.0,0.0,0.0
14.67,RightHandAnchor,0.000,0.000,0.000,0.0,0.0,0.0
14.67,Head,-0.014,-0.015,-0.054,12.8,359.4,0.7
14.73,LeftHandAnchor,0.000,0.000,0.000,0.0,0.0,0.0
14.73,RightHandAnchor,0.000,0.000,0.000,0.0,0.0,0.0
14.73,Head,-0.015,-0.015,-0.053,12.9,359.4,0.7
14.78,LeftHandAnchor,0.000,0.000,0.000,0.0,0.0,0.0
14.78,RightHandAnchor,0.000,0.000,0.000,0.0,0.0,0.0
14.78,Head,-0.015,-0.016,-0.052,13.2,359.3,0.8
14.84,LeftHandAnchor,0.000,0.000,0.000,0.0,0.0,0.0
14.84,RightHandAnchor,0.000,0.000,0.000,0.0,0.0,0.0
14.84,Head,-0.015,-0.016,-0.052,13.4,359.4,0.8
14.89,LeftHandAnchor,0.000,0.000,0.000,0.0,0.0,0.0
14.89,RightHandAnchor,0.000,0.000,0.000,0.0,0.0,0.0
14.89,Head,-0.015,-0.016,-0.052,13.5,359.5,0.9
14.95,LeftHandAnchor,0.000,0.000,0.000,0.0,0.0,0.0
14.95,RightHandAnchor,0.000,0.000,0.000,0.0,0.0,0.0
14.95,Head,-0.016,-0.017,-0.052,13.5,359.5,1.0
15.00,LeftHandAnchor,0.000,0.000,0.000,0.0,0.0,0.0
15.00,RightHandAnchor,0.000,0.000,0.000,0.0,0.0,0.0
15.00,Head,-0.016,-0.017,-0.053,13.5,359.5,1.1
15.06,LeftHandAnchor,0.000,0.000,0.000,0.0,0.0,0.0
15.06,RightHandAnchor,0.000,0.000,0.000,0.0,0.0,0.0
15.06,Head,-0.016,-0.016,-0.053,13.4,359.4,1.1
15.11,LeftHandAnchor,0.000,0.000,0.000,0.0,0.0,0.0
15.11,RightHandAnchor,0.000,0.000,0.000,0.0,0.0,0.0
15.11,Head,-0.017,-0.016,-0.054,13.2,359.3,1.2
15.17,LeftHandAnchor,0.000,0.000,0.000,0.0,0.0,0.0
15.17,RightHandAnchor,0.000,0.000,0.000,0.0,0.0,0.0
15.17,Head,-0.017,-0.016,-0.054,13.1,359.3,1.2
15.23,LeftHandAnchor,0.000,0.000,0.000,0.0,0.0,0.0
15.23,RightHandAnchor,0.000,0.000,0.000,0.0,0.0,0.0
15.23,Head,-0.017,-0.016,-0.055,13.1,359.3,1.3
15.28,LeftHandAnchor,0.000,0.000,0.000,0.0,0.0,0.0
15.28,RightHandAnchor,0.000,0.000,0.000,0.0,0.0,0.0
15.28,Head,-0.017,-0.016,-0.054,13.1,359.3,1.3
15.34,LeftHandAnchor,0.000,0.000,0.000,0.0,0.0,0.0
15.34,RightHandAnchor,0.000,0.000,0.000,0.0,0.0,0.0
15.34,Head,-0.017,-0.016,-0.055,13.1,359.3,1.3
15.39,LeftHandAnchor,0.000,0.000,0.000,0.0,0.0,0.0
15.39,RightHandAnchor,0.000,0.000,0.000,0.0,0.0,0.0
15.39,Head,-0.017,-0.016,-0.055,13.1,359.3,1.3
15.45,LeftHandAnchor,0.000,0.000,0.000,0.0,0.0,0.0
15.45,RightHandAnchor,0.000,0.000,0.000,0.0,0.0,0.0
15.45,Head,-0.018,-0.016,-0.055,13.0,359.2,1.4
15.50,LeftHandAnchor,0.000,0.000,0.000,0.0,0.0,0.0
15.50,RightHandAnchor,0.000,0.000,0.000,0.0,0.0,0.0
15.50,Head,-0.018,-0.015,-0.055,12.6,359.2,1.4
15.56,LeftHandAnchor,0.000,0.000,0.000,0.0,0.0,0.0
15.56,RightHandAnchor,0.000,0.000,0.000,0.0,0.0,0.0
15.56,Head,-0.018,-0.014,-0.054,12.1,359.4,1.3
15.61,LeftHandAnchor,0.000,0.000,0.000,0.0,0.0,0.0
15.61,RightHandAnchor,0.000,0.000,0.000,0.0,0.0,0.0
15.61,Head,-0.017,-0.013,-0.053,11.8,359.5,1.3
15.67,LeftHandAnchor,0.000,0.000,0.000,0.0,0.0,0.0
15.67,RightHandAnchor,0.000,0.000,0.000,0.0,0.0,0.0
15.67,Head,-0.017,-0.012,-0.052,11.5,359.7,1.2
15.73,LeftHandAnchor,0.000,0.000,0.000,0.0,0.0,0.0
15.73,RightHandAnchor,0.000,0.000,0.000,0.0,0.0,0.0
15.73,Head,-0.017,-0.011,-0.051,11.0,359.8,0.9
15.78,LeftHandAnchor,0.000,0.000,0.000,0.0,0.0,0.0
15.78,RightHandAnchor,0.000,0.000,0.000,0.0,0.0,0.0
15.78,Head,-0.016,-0.011,-0.049,10.8,0.1,0.9
15.84,LeftHandAnchor,0.000,0.000,0.000,0.0,0.0,0.0
15.84,RightHandAnchor,0.254,0.072,0.095,318.1,156.7,180.7
15.84,Head,-0.016,-0.010,-0.047,10.3,0.6,0.7
15.89,LeftHandAnchor,-0.280,0.049,0.014,311.8,185.3,187.5
15.89,RightHandAnchor,0.264,0.013,0.065,332.4,134.7,185.9
15.89,Head,-0.016,-0.009,-0.044,10.0,0.9,0.4
15.95,LeftHandAnchor,-0.302,-0.017,-0.001,324.3,188.0,188.3
15.95,RightHandAnchor,0.296,-0.035,0.047,326.1,133.5,181.6
15.95,Head,-0.016,-0.009,-0.041,9.7,0.6,0.6
16.00,LeftHandAnchor,-0.305,-0.069,-0.019,327.0,192.5,175.1
16.00,RightHandAnchor,0.326,-0.075,0.041,322.1,138.0,171.2
16.00,Head,-0.015,-0.007,-0.037,9.6,0.7,1.1
16.06,LeftHandAnchor,-0.328,-0.111,-0.038,324.4,188.2,169.8
16.06,RightHandAnchor,0.318,-0.111,0.044,323.6,135.9,171.6
16.06,Head,-0.015,-0.007,-0.035,9.2,1.4,0.6
16.11,LeftHandAnchor,-0.329,-0.145,-0.044,324.1,186.2,167.0
16.11,RightHandAnchor,0.301,-0.149,0.043,320.9,135.4,179.4
16.11,Head,-0.014,-0.004,-0.031,8.0,1.8,1.0
16.17,LeftHandAnchor,-0.317,-0.177,-0.038,323.5,183.9,165.6
16.17,RightHandAnchor,0.305,-0.192,0.043,314.1,137.3,187.6
16.17,Head,-0.013,-0.004,-0.029,8.0,2.6,0.7
16.22,LeftHandAnchor,-0.275,-0.204,-0.016,318.1,183.8,163.8
16.22,RightHandAnchor,0.283,-0.237,0.054,305.2,131.6,196.3
16.22,Head,-0.013,-0.003,-0.027,7.2,2.9,1.0
16.28,LeftHandAnchor,-0.256,-0.231,0.004,310.4,183.1,167.0
16.28,RightHandAnchor,0.257,-0.273,0.054,300.7,125.8,212.5
16.28,Head,-0.012,-0.001,-0.026,6.5,3.0,1.1
16.34,LeftHandAnchor,-0.234,-0.247,0.028,301.3,181.4,174.8
16.34,RightHandAnchor,0.233,-0.289,0.058,292.8,127.3,219.0
16.34,Head,-0.011,-0.001,-0.026,6.2,3.0,0.5
16.39,LeftHandAnchor,-0.225,-0.276,0.043,289.2,189.1,171.3
16.39,RightHandAnchor,0.217,-0.292,0.068,287.6,177.3,174.1
16.39,Head,-0.010,-0.002,-0.027,6.5,3.2,359.5
16.45,LeftHandAnchor,-0.208,-0.289,0.057,279.2,185.9,173.4
16.45,RightHandAnchor,0.207,-0.296,0.079,280.0,177.8,182.7
16.45,Head,-0.008,-0.002,-0.027,7.1,3.5,358.2
16.50,LeftHandAnchor,-0.193,-0.315,0.071,272.0,90.9,266.5
16.50,RightHandAnchor,0.179,-0.296,0.087,273.6,349.5,15.7
16.50,Head,-0.007,-0.003,-0.028,7.6,3.9,357.3
16.56,LeftHandAnchor,-0.177,-0.348,0.080,278.5,328.4,33.0
16.56,RightHandAnchor,0.167,-0.321,0.097,277.2,14.7,345.9
16.56,Head,-0.006,-0.004,-0.028,8.1,4.1,357.5
16.61,LeftHandAnchor,-0.162,-0.370,0.086,286.2,331.3,31.9
16.61,RightHandAnchor,0.158,-0.345,0.103,278.3,12.4,346.1
16.61,Head,-0.006,-0.004,-0.028,8.2,3.9,358.0
16.67,LeftHandAnchor,-0.147,-0.375,0.090,286.0,330.2,34.5
16.67,RightHandAnchor,0.147,-0.358,0.105,278.0,13.5,344.9
16.67,Head,-0.007,-0.003,-0.028,7.8,3.5,358.4
16.72,LeftHandAnchor,-0.142,-0.382,0.092,283.0,337.8,30.5
16.72,RightHandAnchor,0.146,-0.372,0.100,280.9,10.5,344.0
16.72,Head,-0.007,-0.003,-0.029,7.9,3.1,358.8
16.78,LeftHandAnchor,-0.127,-0.380,0.111,275.6,24.2,346.9
16.78,RightHandAnchor,0.133,-0.383,0.102,285.0,5.1,347.7
16.78,Head,-0.008,-0.004,-0.031,8.3,2.6,359.2
16.84,LeftHandAnchor,-0.117,-0.394,0.117,286.1,43.2,324.3
16.84,RightHandAnchor,0.127,-0.377,0.103,295.3,355.2,359.3
16.84,Head,-0.008,-0.005,-0.034,8.9,2.0,359.6
16.89,LeftHandAnchor,-0.108,-0.387,0.117,295.2,4.3,356.4
16.89,RightHandAnchor,0.119,-0.363,0.116,294.4,350.8,4.1
16.89,Head,-0.009,-0.006,-0.037,9.3,1.6,359.9
16.95,LeftHandAnchor,-0.098,-0.354,0.133,294.5,8.8,354.9
16.95,RightHandAnchor,0.114,-0.348,0.130,291.2,349.0,4.8
16.95,Head,-0.009,-0.006,-0.039,9.3,1.2,359.9
17.00,LeftHandAnchor,-0.095,-0.346,0.142,292.2,10.3,354.1
17.00,RightHandAnchor,0.113,-0.339,0.137,286.9,345.2,8.0
17.00,Head,-0.010,-0.005,-0.040,8.8,1.3,359.8
17.06,LeftHandAnchor,-0.094,-0.341,0.142,291.7,8.8,355.7
17.06,RightHandAnchor,0.115,-0.336,0.137,286.8,344.3,8.0
17.06,Head,-0.010,-0.005,-0.041,8.6,1.5,359.9
17.11,LeftHandAnchor,-0.094,-0.342,0.142,290.3,8.7,356.2
17.11,RightHandAnchor,0.117,-0.336,0.133,288.1,347.5,3.7
17.11,Head,-0.010,-0.005,-0.041,8.4,1.7,359.9
17.17,LeftHandAnchor,-0.097,-0.348,0.136,290.4,6.8,357.9
17.17,RightHandAnchor,0.119,-0.340,0.128,289.2,349.3,1.2
17.17,Head,-0.010,-0.005,-0.040,8.4,1.8,359.8
17.22,LeftHandAnchor,-0.102,-0.358,0.125,294.3,3.7,0.7
17.22,RightHandAnchor,0.121,-0.348,0.122,289.6,350.3,0.9
17.22,Head,-0.010,-0.005,-0.039,8.5,1.7,359.7
17.28,LeftHandAnchor,-0.106,-0.362,0.122,296.1,4.2,0.7
17.28,RightHandAnchor,0.122,-0.354,0.118,290.1,350.9,0.6
17.28,Head,-0.010,-0.005,-0.039,8.7,1.5,359.7
17.34,LeftHandAnchor,-0.109,-0.363,0.121,296.8,5.4,0.4
17.34,RightHandAnchor,0.122,-0.356,0.118,289.9,350.9,0.8
17.34,Head,-0.010,-0.006,-0.038,8.9,1.3,359.7
17.39,LeftHandAnchor,-0.109,-0.362,0.121,296.2,6.7,359.4
17.39,RightHandAnchor,0.122,-0.357,0.118,289.6,350.5,0.9
17.39,Head,-0.010,-0.006,-0.038,8.9,1.2,359.8
17.45,LeftHandAnchor,-0.108,-0.362,0.121,295.3,8.7,358.5
17.45,RightHandAnchor,0.122,-0.357,0.118,289.6,350.4,1.0
17.45,Head,-0.010,-0.006,-0.038,9.0,1.1,359.9
17.50,LeftHandAnchor,-0.108,-0.361,0.121,294.9,9.4,358.3
17.50,RightHandAnchor,0.121,-0.358,0.118,289.5,350.2,1.2
17.50,Head,-0.010,-0.006,-0.038,9.2,1.0,0.1
17.56,LeftHandAnchor,-0.107,-0.358,0.123,294.6,9.8,358.0
17.56,RightHandAnchor,0.121,-0.358,0.118,289.4,349.8,1.2
17.56,Head,-0.010,-0.007,-0.038,9.5,0.9,0.2
17.61,LeftHandAnchor,-0.107,-0.356,0.123,294.5,10.0,357.8
17.61,RightHandAnchor,0.120,-0.357,0.119,289.4,349.4,1.5
17.61,Head,-0.010,-0.007,-0.037,9.6,0.7,0.2
17.67,LeftHandAnchor,-0.107,-0.354,0.124,293.9,10.5,357.3
17.67,RightHandAnchor,0.121,-0.356,0.119,289.0,348.7,2.1
17.67,Head,-0.010,-0.007,-0.037,9.7,0.6,0.1
17.72,LeftHandAnchor,-0.107,-0.351,0.126,293.0,10.7,356.9
17.72,RightHandAnchor,0.121,-0.355,0.119,288.9,348.5,2.3
17.72,Head,-0.010,-0.007,-0.037,9.7,0.7,0.1
17.78,LeftHandAnchor,-0.107,-0.350,0.126,292.8,10.8,356.5
17.78,RightHandAnchor,0.121,-0.355,0.119,289.0,348.3,2.4
17.78,Head,-0.010,-0.007,-0.038,9.7,0.8,0.0
17.84,LeftHandAnchor,-0.107,-0.349,0.126,292.7,10.7,356.5
17.84,RightHandAnchor,0.121,-0.354,0.119,289.2,348.2,2.5
17.84,Head,-0.010,-0.007,-0.038,9.7,0.8,0.1
17.89,LeftHandAnchor,-0.107,-0.350,0.125,292.8,10.5,356.6
17.89,RightHandAnchor,0.121,-0.354,0.119,289.5,347.9,2.5
17.89,Head,-0.010,-0.007,-0.038,9.7,0.9,0.0
17.95,LeftHandAnchor,-0.106,-0.352,0.124,293.3,9.9,357.1
17.95,RightHandAnchor,0.121,-0.355,0.119,289.7,347.9,2.6
17.95,Head,-0.010,-0.008,-0.038,9.8,0.9,0.1
18.00,LeftHandAnchor,-0.106,-0.355,0.123,293.7,9.5,357.5
18.00,RightHandAnchor,0.120,-0.354,0.120,289.7,347.9,2.6
18.00,Head,-0.011,-0.008,-0.039,9.8,0.9,0.1
18.06,LeftHandAnchor,-0.106,-0.354,0.123,293.6,9.7,357.3
18.06,RightHandAnchor,0.120,-0.354,0.120,289.7,347.7,2.6
18.06,Head,-0.011,-0.008,-0.040,9.8,1.0,0.1
18.11,LeftHandAnchor,-0.108,-0.348,0.126,292.2,10.9,355.8
18.11,RightHandAnchor,0.121,-0.349,0.122,289.9,347.5,2.8
18.11,Head,-0.012,-0.008,-0.041,9.9,1.0,0.1
18.17,LeftHandAnchor,-0.110,-0.339,0.135,290.6,11.8,354.3
18.17,RightHandAnchor,0.122,-0.334,0.128,290.0,347.4,3.1
18.17,Head,-0.012,-0.009,-0.043,10.0,1.0,0.2
18.22,LeftHandAnchor,-0.113,-0.315,0.147,288.2,16.1,349.3
18.22,RightHandAnchor,0.125,-0.309,0.140,288.0,339.6,9.5
18.22,Head,-0.012,-0.009,-0.045,10.1,1.1,0.3
18.28,LeftHandAnchor,-0.117,-0.287,0.161,284.9,21.0,344.7
18.28,RightHandAnchor,0.123,-0.279,0.155,281.2,312.5,36.8
18.28,Head,-0.013,-0.008,-0.047,10.0,1.1,0.4
18.34,LeftHandAnchor,-0.119,-0.261,0.168,283.1,22.9,344.0
18.34,RightHandAnchor,0.120,-0.248,0.165,278.6,282.3,66.7
18.34,Head,-0.013,-0.009,-0.048,9.8,1.1,0.4
18.39,LeftHandAnchor,-0.119,-0.234,0.172,282.1,23.3,343.3
18.39,RightHandAnchor,0.125,-0.227,0.177,278.3,265.9,82.4
18.39,Head,-0.014,-0.008,-0.050,9.7,1.1,0.3
18.45,LeftHandAnchor,-0.120,-0.210,0.179,277.0,51.2,315.6
18.45,RightHandAnchor,0.125,-0.201,0.179,277.8,254.3,93.6
18.45,Head,-0.014,-0.008,-0.052,9.6,1.2,0.3
18.50,LeftHandAnchor,-0.119,-0.186,0.187,273.8,78.5,289.7
18.50,RightHandAnchor,0.124,-0.179,0.184,276.4,243.6,103.2
18.50,Head,-0.014,-0.008,-0.053,9.4,1.2,0.4
18.56,LeftHandAnchor,-0.120,-0.164,0.183,273.6,71.4,296.7
18.56,RightHandAnchor,0.129,-0.157,0.186,278.1,232.6,113.7
18.56,Head,-0.015,-0.008,-0.054,9.3,1.2,0.5
18.61,LeftHandAnchor,-0.122,-0.145,0.183,272.8,100.1,265.9
18.61,RightHandAnchor,0.132,-0.141,0.191,280.6,216.3,132.0
18.61,Head,-0.015,-0.008,-0.055,9.2,1.1,0.5
18.67,LeftHandAnchor,-0.123,-0.125,0.188,274.8,145.9,218.6
18.67,RightHandAnchor,0.133,-0.127,0.190,281.2,213.2,136.3
18.67,Head,-0.015,-0.008,-0.056,9.3,1.2,0.3
18.72,LeftHandAnchor,-0.124,-0.111,0.191,277.1,153.6,209.1
18.72,RightHandAnchor,0.132,-0.111,0.191,281.4,209.8,139.7
18.72,Head,-0.015,-0.009,-0.057,9.4,1.2,0.2
18.78,LeftHandAnchor,-0.127,-0.100,0.193,278.8,155.2,208.3
18.78,RightHandAnchor,0.134,-0.098,0.192,281.7,208.1,141.3
18.78,Head,-0.015,-0.009,-0.058,9.6,1.3,360.0
18.84,LeftHandAnchor,-0.128,-0.087,0.195,279.6,153.7,209.7
18.84,RightHandAnchor,0.135,-0.086,0.192,281.9,208.5,140.9
18.84,Head,-0.014,-0.010,-0.058,9.9,1.4,359.8
18.89,LeftHandAnchor,-0.131,-0.070,0.199,280.7,152.3,211.2
18.89,RightHandAnchor,0.138,-0.073,0.196,284.4,209.2,139.1
18.89,Head,-0.014,-0.010,-0.059,10.2,1.5,359.8
18.95,LeftHandAnchor,-0.133,-0.058,0.199,280.7,151.5,211.9
18.95,RightHandAnchor,0.138,-0.058,0.199,286.3,207.8,139.7
18.95,Head,-0.014,-0.011,-0.060,10.4,1.5,359.7
19.00,LeftHandAnchor,-0.135,-0.042,0.199,281.7,151.4,212.0
19.00,RightHandAnchor,0.138,-0.044,0.198,286.2,208.3,139.5
19.00,Head,-0.014,-0.011,-0.060,10.6,1.5,359.7
19.06,LeftHandAnchor,-0.135,-0.026,0.197,282.7,153.5,209.7
19.06,RightHandAnchor,0.137,-0.028,0.195,285.1,209.8,138.6
19.06,Head,-0.014,-0.012,-0.061,10.7,1.5,359.7
19.11,LeftHandAnchor,-0.136,-0.015,0.195,283.3,153.3,209.3
19.11,RightHandAnchor,0.135,-0.013,0.195,286.8,207.8,140.9
19.11,Head,-0.014,-0.012,-0.062,10.7,1.6,359.8
19.17,LeftHandAnchor,-0.137,-0.004,0.195,285.0,153.3,208.7
19.17,RightHandAnchor,0.133,0.000,0.192,288.7,205.7,142.8
19.17,Head,-0.014,-0.012,-0.063,10.6,1.5,359.7
19.22,LeftHandAnchor,-0.139,0.008,0.200,286.3,155.2,206.3
19.22,RightHandAnchor,0.136,0.012,0.194,288.4,205.4,143.9
19.22,Head,-0.014,-0.012,-0.064,10.4,1.5,359.7
19.28,LeftHandAnchor,-0.140,0.014,0.196,287.0,155.4,205.8
19.28,RightHandAnchor,0.137,0.018,0.192,286.5,202.2,148.6
19.28,Head,-0.014,-0.011,-0.065,10.1,1.6,359.8
19.34,LeftHandAnchor,-0.139,0.021,0.191,286.2,155.9,204.8
19.34,RightHandAnchor,0.135,0.027,0.187,285.0,197.5,153.9
19.34,Head,-0.014,-0.011,-0.065,9.9,1.6,359.8
19.39,LeftHandAnchor,-0.139,0.030,0.191,285.4,158.8,198.8
19.39,RightHandAnchor,0.134,0.032,0.184,285.0,195.4,156.6
19.39,Head,-0.014,-0.010,-0.065,9.7,1.5,359.9
19.45,LeftHandAnchor,-0.136,0.040,0.182,281.8,166.6,193.3
19.45,RightHandAnchor,0.134,0.042,0.183,285.6,192.9,159.3
19.45,Head,-0.015,-0.010,-0.065,9.6,1.5,359.9
19.50,LeftHandAnchor,-0.134,0.047,0.172,275.1,182.8,176.9
19.50,RightHandAnchor,0.135,0.047,0.182,285.8,192.0,160.5
19.50,Head,-0.015,-0.010,-0.065,9.4,1.5,360.0
19.56,LeftHandAnchor,-0.134,0.054,0.169,275.5,183.7,177.8
19.56,RightHandAnchor,0.136,0.052,0.181,288.2,195.2,156.5
19.56,Head,-0.015,-0.010,-0.065,9.4,1.5,0.1
19.61,LeftHandAnchor,-0.137,0.059,0.168,277.0,177.2,188.2
19.61,RightHandAnchor,0.135,0.060,0.181,287.1,193.0,158.5
19.61,Head,-0.015,-0.009,-0.065,9.3,1.4,0.0
19.67,LeftHandAnchor,-0.137,0.060,0.166,277.0,179.6,185.5
19.67,RightHandAnchor,0.133,0.063,0.179,283.7,185.0,164.9
19.67,Head,-0.015,-0.009,-0.065,9.3,1.4,0.1
19.72,LeftHandAnchor,-0.139,0.062,0.165,276.5,184.1,180.3
19.72,RightHandAnchor,0.133,0.062,0.176,283.5,185.0,165.0
19.72,Head,-0.015,-0.009,-0.065,9.2,1.3,0.1
19.78,LeftHandAnchor,-0.140,0.064,0.164,276.1,196.0,167.9
19.78,RightHandAnchor,0.133,0.061,0.175,283.3,184.2,165.8
19.78,Head,-0.016,-0.010,-0.066,9.3,1.1,0.1
19.84,LeftHandAnchor,-0.139,0.064,0.164,276.6,194.5,166.7
19.84,RightHandAnchor,0.133,0.061,0.176,283.4,183.8,166.3
19.84,Head,-0.016,-0.010,-0.066,9.2,1.0,0.1
19.89,LeftHandAnchor,-0.139,0.063,0.164,276.5,202.6,154.6
19.89,RightHandAnchor,0.133,0.059,0.179,284.1,184.7,166.2
19.89,Head,-0.016,-0.009,-0.067,9.0,1.1,0.2
19.95,LeftHandAnchor,-0.138,0.062,0.164,276.8,204.7,154.9
19.95,RightHandAnchor,0.134,0.058,0.181,285.4,186.2,165.7
19.95,Head,-0.016,-0.009,-0.067,8.8,1.1,0.3
20.00,LeftHandAnchor,-0.138,0.062,0.164,277.7,205.6,154.5
20.00,RightHandAnchor,0.133,0.058,0.182,286.2,187.0,165.4
20.00,Head,-0.016,-0.009,-0.067,8.8,1.0,0.2
20.06,LeftHandAnchor,-0.138,0.062,0.164,277.6,206.5,153.2
20.06,RightHandAnchor,0.133,0.058,0.182,286.9,186.5,166.2
20.06,Head,-0.016,-0.009,-0.066,8.8,1.0,0.2
20.11,LeftHandAnchor,-0.138,0.062,0.164,278.0,206.9,153.4
20.11,RightHandAnchor,0.133,0.058,0.182,287.1,186.2,166.4
20.11,Head,-0.016,-0.009,-0.066,8.9,0.9,0.2
20.17,LeftHandAnchor,-0.139,0.061,0.164,278.1,206.8,153.4
20.17,RightHandAnchor,0.133,0.057,0.183,287.6,186.3,166.1
20.17,Head,-0.017,-0.009,-0.066,8.9,0.8,0.3
20.22,LeftHandAnchor,-0.140,0.058,0.164,278.7,204.1,158.3
20.22,RightHandAnchor,0.133,0.056,0.183,288.3,186.0,166.0
20.22,Head,-0.017,-0.009,-0.065,8.9,0.9,0.3
20.28,LeftHandAnchor,-0.141,0.058,0.164,279.0,206.2,156.5
20.28,RightHandAnchor,0.133,0.056,0.183,288.6,185.9,166.2
20.28,Head,-0.017,-0.009,-0.065,8.9,0.9,0.4
20.34,LeftHandAnchor,-0.140,0.060,0.166,280.0,208.2,152.7
20.34,RightHandAnchor,0.132,0.057,0.183,289.1,185.5,166.6
20.34,Head,-0.017,-0.009,-0.065,9.1,0.7,0.4
20.39,LeftHandAnchor,-0.142,0.064,0.167,280.8,210.1,150.1
20.39,RightHandAnchor,0.131,0.058,0.182,288.2,181.2,170.5
20.39,Head,-0.018,-0.009,-0.064,9.1,0.7,0.4
20.45,LeftHandAnchor,-0.143,0.065,0.168,281.1,210.0,149.9
20.45,RightHandAnchor,0.131,0.059,0.181,287.0,178.2,173.9
20.45,Head,-0.018,-0.009,-0.064,9.2,0.7,0.5
20.50,LeftHandAnchor,-0.143,0.065,0.168,281.0,212.8,147.0
20.50,RightHandAnchor,0.131,0.059,0.179,286.4,175.3,176.6
20.50,Head,-0.018,-0.009,-0.064,9.2,0.6,0.5
20.56,LeftHandAnchor,-0.147,0.069,0.171,281.2,213.4,146.8
20.56,RightHandAnchor,0.130,0.059,0.177,285.8,166.7,185.7
20.56,Head,-0.018,-0.009,-0.064,9.0,0.6,0.6
20.61,LeftHandAnchor,-0.147,0.069,0.171,281.1,217.0,142.4
20.61,RightHandAnchor,0.129,0.058,0.174,287.0,159.2,192.0
20.61,Head,-0.018,-0.009,-0.064,9.0,0.7,0.6
20.67,LeftHandAnchor,-0.150,0.068,0.171,282.0,212.2,148.5
20.67,RightHandAnchor,0.128,0.057,0.169,287.8,154.6,196.0
20.67,Head,-0.018,-0.009,-0.064,8.9,0.6,0.6
20.72,LeftHandAnchor,-0.154,0.069,0.172,283.9,211.0,150.1
20.72,RightHandAnchor,0.128,0.055,0.167,288.6,155.6,195.6
20.72,Head,-0.018,-0.009,-0.064,8.9,0.5,0.6
20.78,LeftHandAnchor,-0.156,0.069,0.169,284.6,210.7,150.3
20.78,RightHandAnchor,0.129,0.053,0.166,293.2,166.9,188.7
20.78,Head,-0.018,-0.008,-0.064,8.5,0.4,0.6
20.84,LeftHandAnchor,-0.162,0.067,0.164,293.6,210.7,140.4
20.84,RightHandAnchor,0.131,0.053,0.165,301.9,172.3,182.9
20.84,Head,-0.018,-0.007,-0.064,8.0,0.4,0.6
20.89,LeftHandAnchor,-0.168,0.066,0.162,292.0,216.1,136.0
20.89,RightHandAnchor,0.139,0.055,0.162,312.2,183.7,174.8
20.89,Head,-0.018,-0.006,-0.064,7.3,0.3,0.5
20.95,LeftHandAnchor,-0.175,0.066,0.162,292.6,218.2,133.5
20.95,RightHandAnchor,0.138,0.054,0.163,299.4,136.6,217.0
20.95,Head,-0.018,-0.005,-0.064,6.9,0.2,0.5
21.00,LeftHandAnchor,0.000,0.000,0.000,0.0,0.0,0.0
21.00,RightHandAnchor,0.135,0.034,0.137,312.5,180.4,173.3
21.00,Head,-0.018,-0.005,-0.064,6.9,0.3,0.6
21.06,LeftHandAnchor,-0.146,0.035,0.138,306.8,201.7,160.8
21.06,RightHandAnchor,0.121,0.037,0.121,330.5,178.1,176.8
21.06,Head,-0.018,-0.005,-0.064,7.0,0.3,0.5
21.11,LeftHandAnchor,-0.148,0.048,0.144,303.0,186.8,182.1
21.11,RightHandAnchor,0.138,0.031,0.155,301.6,174.1,193.3
21.11,Head,-0.018,-0.005,-0.064,7.1,0.4,0.6
21.17,LeftHandAnchor,-0.143,0.040,0.134,318.4,172.5,181.3
21.17,RightHandAnchor,0.132,0.038,0.153,296.0,159.1,194.7
21.17,Head,-0.019,-0.005,-0.064,7.0,0.3,0.6
21.22,LeftHandAnchor,-0.146,0.043,0.136,315.4,177.6,179.6
21.22,RightHandAnchor,0.127,0.040,0.141,322.0,185.6,181.3
21.22,Head,-0.019,-0.005,-0.063,7.2,0.2,0.6
21.28,LeftHandAnchor,-0.151,0.038,0.142,324.0,170.0,187.9
21.28,RightHandAnchor,0.130,0.042,0.153,326.3,188.5,176.1
21.28,Head,-0.019,-0.006,-0.062,7.3,0.1,0.6
21.34,LeftHandAnchor,0.000,0.000,0.000,0.0,0.0,0.0
21.34,RightHandAnchor,0.132,0.043,0.154,324.3,188.5,171.6
21.34,Head,-0.018,-0.006,-0.062,7.4,360.0,0.6
21.39,LeftHandAnchor,0.000,0.000,0.000,0.0,0.0,0.0
21.39,RightHandAnchor,0.131,0.044,0.153,317.7,187.8,171.1
21.39,Head,-0.018,-0.006,-0.061,7.7,359.9,0.5
21.45,LeftHandAnchor,-0.148,0.053,0.127,286.0,218.6,159.6
21.45,RightHandAnchor,0.130,0.045,0.152,315.0,187.4,171.5
21.45,Head,-0.018,-0.007,-0.060,7.9,359.9,0.4
21.50,LeftHandAnchor,0.000,0.000,0.000,0.0,0.0,0.0
21.50,RightHandAnchor,0.135,0.058,0.155,314.5,187.9,171.7
21.50,Head,-0.018,-0.007,-0.060,8.0,360.0,0.4
21.56,LeftHandAnchor,0.000,0.000,0.000,0.0,0.0,0.0
21.56,RightHandAnchor,0.137,0.072,0.156,310.7,190.9,171.2
21.56,Head,-0.018,-0.007,-0.059,8.1,0.0,0.4
21.61,LeftHandAnchor,0.000,0.000,0.000,0.0,0.0,0.0
21.61,RightHandAnchor,0.138,0.081,0.150,305.4,193.6,175.1
21.61,Head,-0.018,-0.007,-0.058,8.3,0.1,0.4
21.67,LeftHandAnchor,0.000,0.000,0.000,0.0,0.0,0.0
21.67,RightHandAnchor,0.146,0.090,0.163,320.1,199.6,169.6
21.67,Head,-0.018,-0.007,-0.058,8.5,0.1,0.5
21.72,LeftHandAnchor,0.000,0.000,0.000,0.0,0.0,0.0
21.72,RightHandAnchor,0.147,0.099,0.158,313.7,201.8,172.4
21.72,Head,-0.018,-0.007,-0.057,8.7,0.1,0.5
21.78,LeftHandAnchor,0.000,0.000,0.000,0.0,0.0,0.0
21.78,RightHandAnchor,0.000,0.000,0.000,0.0,0.0,0.0
21.78,Head,-0.018,-0.008,-0.057,8.8,0.1,0.5
21.84,LeftHandAnchor,0.000,0.000,0.000,0.0,0.0,0.0
21.84,RightHandAnchor,0.000,0.000,0.000,0.0,0.0,0.0
21.84,Head,-0.018,-0.008,-0.057,8.9,0.1,0.6
21.89,LeftHandAnchor,0.000,0.000,0.000,0.0,0.0,0.0
21.89,RightHandAnchor,0.000,0.000,0.000,0.0,0.0,0.0
21.89,Head,-0.018,-0.008,-0.057,8.9,0.2,0.7
21.95,LeftHandAnchor,0.000,0.000,0.000,0.0,0.0,0.0
21.95,RightHandAnchor,0.000,0.000,0.000,0.0,0.0,0.0
21.95,Head,-0.018,-0.008,-0.057,9.0,0.2,0.7
22.00,LeftHandAnchor,0.000,0.000,0.000,0.0,0.0,0.0
22.00,RightHandAnchor,0.000,0.000,0.000,0.0,0.0,0.0
22.00,Head,-0.018,-0.008,-0.057,9.0,0.1,0.7
22.06,LeftHandAnchor,0.000,0.000,0.000,0.0,0.0,0.0
22.06,RightHandAnchor,0.000,0.000,0.000,0.0,0.0,0.0
22.06,Head,-0.018,-0.008,-0.056,9.0,359.9,0.8
22.11,LeftHandAnchor,0.000,0.000,0.000,0.0,0.0,0.0
22.11,RightHandAnchor,0.000,0.000,0.000,0.0,0.0,0.0
22.11,Head,-0.018,-0.008,-0.056,9.1,359.9,0.7
22.17,LeftHandAnchor,0.000,0.000,0.000,0.0,0.0,0.0
22.17,RightHandAnchor,0.000,0.000,0.000,0.0,0.0,0.0
22.17,Head,-0.018,-0.008,-0.056,9.2,359.9,0.7
22.23,LeftHandAnchor,0.000,0.000,0.000,0.0,0.0,0.0
22.23,RightHandAnchor,0.000,0.000,0.000,0.0,0.0,0.0
22.23,Head,-0.018,-0.008,-0.055,9.3,359.9,0.7
22.28,LeftHandAnchor,0.000,0.000,0.000,0.0,0.0,0.0
22.28,RightHandAnchor,0.000,0.000,0.000,0.0,0.0,0.0
22.28,Head,-0.018,-0.008,-0.055,9.4,359.9,0.7
22.34,LeftHandAnchor,0.000,0.000,0.000,0.0,0.0,0.0
22.34,RightHandAnchor,0.000,0.000,0.000,0.0,0.0,0.0
22.34,Head,-0.019,-0.009,-0.055,9.4,359.9,0.8
22.39,LeftHandAnchor,0.000,0.000,0.000,0.0,0.0,0.0
22.39,RightHandAnchor,0.000,0.000,0.000,0.0,0.0,0.0
22.39,Head,-0.019,-0.009,-0.055,9.4,359.9,0.8
22.45,LeftHandAnchor,0.000,0.000,0.000,0.0,0.0,0.0
22.45,RightHandAnchor,0.000,0.000,0.000,0.0,0.0,0.0
22.45,Head,-0.019,-0.008,-0.055,9.4,359.9,0.9
22.50,LeftHandAnchor,0.000,0.000,0.000,0.0,0.0,0.0
22.50,RightHandAnchor,0.000,0.000,0.000,0.0,0.0,0.0
22.50,Head,-0.019,-0.008,-0.056,9.4,360.0,0.9
22.56,LeftHandAnchor,0.000,0.000,0.000,0.0,0.0,0.0
22.56,RightHandAnchor,0.000,0.000,0.000,0.0,0.0,0.0
22.56,Head,-0.019,-0.009,-0.055,9.4,359.9,0.9
22.61,LeftHandAnchor,0.000,0.000,0.000,0.0,0.0,0.0
22.61,RightHandAnchor,0.000,0.000,0.000,0.0,0.0,0.0
22.61,Head,-0.019,-0.009,-0.055,9.5,359.9,0.8
22.67,LeftHandAnchor,0.000,0.000,0.000,0.0,0.0,0.0
22.67,RightHandAnchor,0.000,0.000,0.000,0.0,0.0,0.0
22.67,Head,-0.019,-0.009,-0.055,9.5,359.9,0.9
22.73,LeftHandAnchor,0.000,0.000,0.000,0.0,0.0,0.0
22.73,RightHandAnchor,0.000,0.000,0.000,0.0,0.0,0.0
22.73,Head,-0.019,-0.009,-0.054,9.6,359.8,0.8
22.78,LeftHandAnchor,0.000,0.000,0.000,0.0,0.0,0.0
22.78,RightHandAnchor,0.000,0.000,0.000,0.0,0.0,0.0
22.78,Head,-0.018,-0.009,-0.054,9.6,359.8,0.8
22.84,LeftHandAnchor,0.000,0.000,0.000,0.0,0.0,0.0
22.84,RightHandAnchor,0.000,0.000,0.000,0.0,0.0,0.0
22.84,Head,-0.018,-0.009,-0.054,9.6,359.8,0.8
22.89,LeftHandAnchor,0.000,0.000,0.000,0.0,0.0,0.0
22.89,RightHandAnchor,0.000,0.000,0.000,0.0,0.0,0.0
22.89,Head,-0.018,-0.009,-0.054,9.7,359.8,0.7
22.95,LeftHandAnchor,0.000,0.000,0.000,0.0,0.0,0.0
22.95,RightHandAnchor,0.000,0.000,0.000,0.0,0.0,0.0
22.95,Head,-0.018,-0.009,-0.054,9.7,359.9,0.7
23.00,LeftHandAnchor,0.000,0.000,0.000,0.0,0.0,0.0
23.00,RightHandAnchor,0.000,0.000,0.000,0.0,0.0,0.0
23.00,Head,-0.018,-0.009,-0.054,9.7,359.9,0.7
23.06,LeftHandAnchor,0.000,0.000,0.000,0.0,0.0,0.0
23.06,RightHandAnchor,0.000,0.000,0.000,0.0,0.0,0.0
23.06,Head,-0.018,-0.009,-0.055,9.7,359.9,0.7
23.11,LeftHandAnchor,0.000,0.000,0.000,0.0,0.0,0.0
23.11,RightHandAnchor,0.000,0.000,0.000,0.0,0.0,0.0
23.11,Head,-0.018,-0.009,-0.055,9.5,359.8,0.7
23.17,LeftHandAnchor,0.000,0.000,0.000,0.0,0.0,0.0
23.17,RightHandAnchor,0.000,0.000,0.000,0.0,0.0,0.0
23.17,Head,-0.018,-0.008,-0.057,9.3,359.9,0.7
23.23,LeftHandAnchor,0.000,0.000,0.000,0.0,0.0,0.0
23.23,RightHandAnchor,0.000,0.000,0.000,0.0,0.0,0.0
23.23,Head,-0.018,-0.008,-0.058,8.9,359.9,0.7
23.28,LeftHandAnchor,0.000,0.000,0.000,0.0,0.0,0.0
23.28,RightHandAnchor,0.152,0.081,0.173,306.1,200.5,171.3
23.28,Head,-0.018,-0.007,-0.059,8.5,359.8,0.8
23.34,LeftHandAnchor,0.000,0.000,0.000,0.0,0.0,0.0
23.34,RightHandAnchor,0.133,0.062,0.169,314.8,184.4,174.9
23.34,Head,-0.018,-0.006,-0.060,7.9,359.9,0.8
23.40,LeftHandAnchor,-0.151,0.063,0.158,294.8,178.7,186.0
23.40,RightHandAnchor,0.134,0.043,0.185,305.2,175.7,175.9
23.40,Head,-0.018,-0.005,-0.060,7.6,359.9,0.8
23.46,LeftHandAnchor,-0.154,0.069,0.178,317.2,161.3,189.8
23.46,RightHandAnchor,0.136,0.043,0.184,291.6,173.7,178.4
23.46,Head,-0.018,-0.005,-0.061,7.3,359.8,0.8
23.52,LeftHandAnchor,-0.144,0.063,0.174,308.7,170.0,195.0
23.52,RightHandAnchor,0.139,0.044,0.186,294.3,178.3,171.7
23.52,Head,-0.018,-0.004,-0.061,7.0,359.7,0.8
23.57,LeftHandAnchor,-0.139,0.053,0.185,317.7,170.4,198.1
23.57,RightHandAnchor,0.143,0.044,0.195,301.5,181.7,167.3
23.57,Head,-0.018,-0.004,-0.061,7.0,359.7,0.8
23.63,LeftHandAnchor,-0.140,0.048,0.191,318.6,169.8,199.8
23.63,RightHandAnchor,0.144,0.045,0.199,303.3,184.2,165.5
23.63,Head,-0.018,-0.004,-0.061,7.0,359.7,0.8
23.68,LeftHandAnchor,-0.142,0.048,0.195,316.2,169.0,200.1
23.68,RightHandAnchor,0.144,0.045,0.200,303.4,184.8,165.4
23.68,Head,-0.018,-0.004,-0.061,7.0,359.7,0.7
23.74,LeftHandAnchor,-0.144,0.048,0.196,312.7,168.6,200.1
23.74,RightHandAnchor,0.144,0.046,0.199,303.6,184.8,165.6
23.74,Head,-0.017,-0.004,-0.060,7.1,359.8,0.7
23.79,LeftHandAnchor,-0.144,0.050,0.188,309.1,169.1,200.2
23.79,RightHandAnchor,0.143,0.048,0.194,303.4,185.0,164.5
23.79,Head,-0.018,-0.005,-0.060,7.2,359.8,0.7
23.85,LeftHandAnchor,-0.144,0.051,0.186,309.4,170.2,199.3
23.85,RightHandAnchor,0.142,0.051,0.190,302.2,184.6,164.8
23.85,Head,-0.018,-0.005,-0.060,7.3,359.7,0.7
23.91,LeftHandAnchor,-0.145,0.054,0.182,312.1,169.9,197.2
23.91,RightHandAnchor,0.141,0.053,0.187,302.2,184.2,165.0
23.91,Head,-0.018,-0.005,-0.059,7.3,359.7,0.8
23.96,LeftHandAnchor,-0.146,0.057,0.178,312.3,170.4,194.8
23.96,RightHandAnchor,0.138,0.056,0.182,302.3,183.9,165.4
23.96,Head,-0.018,-0.005,-0.059,7.5,359.7,0.8
24.02,LeftHandAnchor,-0.148,0.060,0.172,312.2,168.7,193.7
24.02,RightHandAnchor,0.136,0.058,0.178,301.7,186.8,169.9
24.02,Head,-0.019,-0.006,-0.058,7.9,359.6,0.8
24.07,LeftHandAnchor,-0.146,0.067,0.162,323.9,157.4,209.0
24.07,RightHandAnchor,0.133,0.064,0.172,306.3,184.8,178.2
24.07,Head,-0.019,-0.006,-0.058,8.2,359.6,0.9
24.13,LeftHandAnchor,-0.151,0.073,0.151,321.3,156.6,203.9
24.13,RightHandAnchor,0.133,0.068,0.169,309.9,188.3,173.8
24.13,Head,-0.019,-0.007,-0.057,8.4,359.7,0.9
24.18,LeftHandAnchor,-0.153,0.075,0.148,321.9,149.1,200.7
24.18,RightHandAnchor,0.135,0.069,0.165,310.1,193.5,168.0
24.18,Head,-0.020,-0.007,-0.057,8.7,359.6,1.0
24.24,LeftHandAnchor,-0.165,0.065,0.166,334.0,146.2,200.8
24.24,RightHandAnchor,0.137,0.069,0.163,306.0,191.8,168.4
24.24,Head,-0.020,-0.008,-0.056,9.0,359.5,1.0
24.29,LeftHandAnchor,-0.164,0.067,0.160,332.0,143.4,199.4
24.29,RightHandAnchor,0.140,0.076,0.163,298.7,200.9,173.3
24.29,Head,-0.021,-0.008,-0.056,9.2,359.5,1.1
24.35,LeftHandAnchor,0.000,0.000,0.000,0.0,0.0,0.0
24.35,RightHandAnchor,0.146,0.090,0.162,298.9,205.5,169.1
24.35,Head,-0.021,-0.008,-0.056,9.3,359.5,1.3
24.40,LeftHandAnchor,0.000,0.000,0.000,0.0,0.0,0.0
24.40,RightHandAnchor,0.144,0.100,0.156,292.4,204.6,174.3
24.40,Head,-0.021,-0.008,-0.056,9.3,359.5,1.2
24.46,LeftHandAnchor,0.000,0.000,0.000,0.0,0.0,0.0
24.46,RightHandAnchor,0.138,0.105,0.147,282.5,199.6,179.0
24.46,Head,-0.020,-0.008,-0.056,9.3,359.7,1.2
24.52,LeftHandAnchor,0.000,0.000,0.000,0.0,0.0,0.0
24.52,RightHandAnchor,0.138,0.108,0.146,278.5,170.2,203.1
24.52,Head,-0.020,-0.008,-0.056,9.2,359.7,1.2
24.57,LeftHandAnchor,0.000,0.000,0.000,0.0,0.0,0.0
24.57,RightHandAnchor,0.136,0.114,0.142,277.4,108.1,263.6
24.57,Head,-0.020,-0.008,-0.056,9.2,359.7,1.2
24.63,LeftHandAnchor,0.000,0.000,0.000,0.0,0.0,0.0
24.63,RightHandAnchor,0.000,0.000,0.000,0.0,0.0,0.0
24.63,Head,-0.021,-0.008,-0.055,9.3,359.7,1.2
24.68,LeftHandAnchor,0.000,0.000,0.000,0.0,0.0,0.0
24.68,RightHandAnchor,0.128,0.089,0.143,275.3,167.5,215.3
24.68,Head,-0.021,-0.009,-0.055,9.5,359.7,1.2
24.74,LeftHandAnchor,0.000,0.000,0.000,0.0,0.0,0.0
24.74,RightHandAnchor,0.000,0.000,0.000,0.0,0.0,0.0
24.74,Head,-0.021,-0.009,-0.055,9.5,359.7,1.2
24.79,LeftHandAnchor,0.000,0.000,0.000,0.0,0.0,0.0
24.79,RightHandAnchor,0.128,0.089,0.143,275.3,167.5,215.3
24.79,Head,-0.021,-0.008,-0.056,9.4,359.7,1.2
24.85,LeftHandAnchor,0.000,0.000,0.000,0.0,0.0,0.0
24.85,RightHandAnchor,0.130,0.086,0.144,279.1,188.8,180.4
24.85,Head,-0.020,-0.008,-0.056,9.3,359.8,1.2
24.91,LeftHandAnchor,0.000,0.000,0.000,0.0,0.0,0.0
24.91,RightHandAnchor,0.125,0.083,0.141,280.7,186.9,171.2
24.91,Head,-0.020,-0.008,-0.057,9.2,359.9,1.1
24.96,LeftHandAnchor,0.000,0.000,0.000,0.0,0.0,0.0
24.96,RightHandAnchor,0.150,0.087,0.187,290.8,190.6,184.8
24.96,Head,-0.020,-0.008,-0.058,8.9,359.8,1.2
25.02,LeftHandAnchor,0.000,0.000,0.000,0.0,0.0,0.0
25.02,RightHandAnchor,0.146,0.055,0.177,298.8,188.8,176.9
25.02,Head,-0.020,-0.007,-0.059,8.2,359.7,1.2
25.07,LeftHandAnchor,-0.159,0.056,0.158,295.9,181.7,173.2
25.07,RightHandAnchor,0.142,0.055,0.179,302.1,182.3,177.2
25.07,Head,-0.020,-0.005,-0.059,7.6,359.6,1.2
25.13,LeftHandAnchor,-0.158,0.051,0.173,292.2,203.1,156.8
25.13,RightHandAnchor,0.137,0.053,0.179,304.9,182.7,175.9
25.13,Head,-0.019,-0.004,-0.060,6.8,359.8,1.2
25.18,LeftHandAnchor,-0.149,0.036,0.178,291.4,196.9,169.1
25.18,RightHandAnchor,0.136,0.050,0.184,298.0,178.3,177.5
25.18,Head,-0.018,-0.002,-0.060,5.9,0.1,1.2
25.24,LeftHandAnchor,-0.135,0.023,0.168,294.3,177.2,193.4
25.24,RightHandAnchor,0.141,0.049,0.189,292.8,177.9,173.8
25.24,Head,-0.017,-0.001,-0.061,4.9,0.7,1.1
25.29,LeftHandAnchor,-0.144,0.032,0.186,301.6,170.8,199.3
25.29,RightHandAnchor,0.137,0.047,0.192,306.2,185.2,167.0
25.29,Head,-0.016,0.000,-0.061,4.3,1.2,1.0
25.35,LeftHandAnchor,-0.149,0.038,0.199,304.7,170.4,197.8
25.35,RightHandAnchor,0.136,0.047,0.193,307.5,186.1,166.9
25.35,Head,-0.015,0.000,-0.061,4.3,1.6,0.8
25.41,LeftHandAnchor,-0.149,0.041,0.198,305.1,171.3,196.0
25.41,RightHandAnchor,0.137,0.048,0.194,312.4,190.1,163.4
25.41,Head,-0.014,0.000,-0.061,4.3,1.7,0.6
25.46,LeftHandAnchor,-0.148,0.041,0.192,304.3,172.6,196.3
25.46,RightHandAnchor,0.137,0.049,0.193,311.2,188.7,164.7
25.46,Head,-0.013,0.000,-0.061,4.3,1.7,0.4
25.52,LeftHandAnchor,-0.148,0.041,0.189,303.2,173.9,196.6
25.52,RightHandAnchor,0.138,0.051,0.191,310.6,188.3,164.3
25.52,Head,-0.013,0.000,-0.061,4.4,1.5,0.3
25.57,LeftHandAnchor,-0.148,0.042,0.186,301.7,174.2,196.5
25.57,RightHandAnchor,0.138,0.051,0.190,308.6,187.5,164.8
25.57,Head,-0.012,0.000,-0.061,4.4,1.3,0.2
25.63,LeftHandAnchor,-0.147,0.043,0.182,299.6,176.5,192.9
25.63,RightHandAnchor,0.138,0.052,0.189,308.4,187.3,164.9
25.63,Head,-0.012,0.000,-0.061,4.6,1.1,0.2
25.68,LeftHandAnchor,-0.149,0.045,0.178,298.4,177.2,192.0
25.68,RightHandAnchor,0.139,0.052,0.188,307.8,187.0,165.0
25.68,Head,-0.012,-0.001,-0.061,4.7,1.0,0.1
25.74,LeftHandAnchor,-0.149,0.045,0.178,297.2,178.3,190.0
25.74,RightHandAnchor,0.139,0.052,0.187,307.7,186.8,165.4
25.74,Head,-0.012,-0.001,-0.062,4.9,0.9,0.1
25.79,LeftHandAnchor,-0.149,0.044,0.175,297.1,178.4,190.0
25.79,RightHandAnchor,0.139,0.051,0.186,307.5,185.9,166.5
25.79,Head,-0.013,-0.001,-0.061,4.9,0.8,0.2
25.85,LeftHandAnchor,-0.155,0.042,0.169,297.2,178.0,190.4
25.85,RightHandAnchor,0.145,0.049,0.184,310.2,187.4,161.1
25.85,Head,-0.013,-0.001,-0.059,5.0,0.7,0.3
25.90,LeftHandAnchor,-0.171,0.040,0.149,303.6,184.6,187.3
25.90,RightHandAnchor,0.158,0.039,0.165,324.4,184.3,156.4
25.90,Head,-0.013,-0.002,-0.057,5.5,0.7,0.3
25.96,LeftHandAnchor,-0.201,0.041,0.130,309.8,187.4,184.5
25.96,RightHandAnchor,0.179,0.028,0.144,307.7,159.8,172.0
25.96,Head,-0.013,-0.003,-0.054,6.4,0.6,0.3
26.02,LeftHandAnchor,-0.216,0.040,0.111,312.1,189.4,182.9
26.02,RightHandAnchor,0.196,0.022,0.142,319.7,139.1,191.5
26.02,Head,-0.013,-0.004,-0.050,7.2,0.5,0.3
26.07,LeftHandAnchor,-0.229,0.039,0.093,315.3,193.6,179.3
26.07,RightHandAnchor,0.215,0.058,0.079,331.4,153.4,153.5
26.07,Head,-0.013,-0.006,-0.046,8.4,0.7,0.2
26.13,LeftHandAnchor,0.000,0.000,0.000,0.0,0.0,0.0
26.13,RightHandAnchor,0.219,0.028,0.092,332.5,139.1,173.6
26.13,Head,-0.012,-0.007,-0.041,9.4,0.9,0.3
26.18,LeftHandAnchor,-0.283,-0.010,0.033,338.5,199.4,190.2
26.18,RightHandAnchor,0.255,-0.034,0.047,329.1,144.8,161.3
26.18,Head,-0.012,-0.009,-0.036,10.4,1.4,0.3
26.24,LeftHandAnchor,-0.288,-0.051,0.000,354.1,196.8,193.4
26.24,RightHandAnchor,0.282,-0.064,0.004,330.1,132.7,162.3
26.24,Head,-0.011,-0.010,-0.029,11.3,1.6,0.2
26.29,LeftHandAnchor,-0.341,-0.102,-0.042,350.5,197.1,193.0
26.29,RightHandAnchor,0.318,-0.097,-0.027,334.7,133.4,153.0
26.29,Head,-0.011,-0.011,-0.022,11.8,1.7,359.9
26.35,LeftHandAnchor,-0.368,-0.153,-0.070,343.2,198.6,197.7
26.35,RightHandAnchor,0.353,-0.141,-0.057,330.9,132.9,147.1
26.35,Head,-0.010,-0.012,-0.015,12.6,2.2,360.0
26.41,LeftHandAnchor,-0.376,-0.196,-0.075,334.0,180.9,197.1
26.41,RightHandAnchor,0.369,-0.171,-0.080,332.0,132.8,152.7
26.41,Head,-0.009,-0.013,-0.009,13.3,2.9,359.7
26.46,LeftHandAnchor,-0.355,-0.198,-0.103,345.7,207.9,180.4
26.46,RightHandAnchor,0.374,-0.198,-0.097,335.3,127.5,163.2
26.46,Head,-0.009,-0.013,-0.003,13.5,3.2,359.9
26.52,LeftHandAnchor,-0.354,-0.207,-0.108,348.3,213.9,182.6
26.52,RightHandAnchor,0.376,-0.220,-0.105,337.0,124.4,169.7
26.52,Head,-0.008,-0.014,0.001,13.8,3.5,0.2
26.57,LeftHandAnchor,-0.350,-0.231,-0.108,334.9,215.1,183.4
26.57,RightHandAnchor,0.368,-0.241,-0.106,337.5,120.1,184.3
26.57,Head,-0.007,-0.014,0.004,14.0,3.8,0.4
26.63,LeftHandAnchor,-0.345,-0.244,-0.103,329.9,215.2,178.1
26.63,RightHandAnchor,0.351,-0.252,-0.092,339.9,122.5,190.3
26.63,Head,-0.006,-0.013,0.006,13.8,4.3,0.4
26.68,LeftHandAnchor,-0.323,-0.255,-0.078,327.0,222.4,167.0
26.68,RightHandAnchor,0.329,-0.274,-0.067,333.3,125.6,205.5
26.68,Head,-0.005,-0.013,0.007,13.3,4.5,0.7
26.74,LeftHandAnchor,-0.286,-0.265,-0.030,324.0,232.0,153.3
26.74,RightHandAnchor,0.305,-0.304,-0.042,315.4,131.9,219.0
26.74,Head,-0.004,-0.012,0.007,13.2,4.5,0.7
26.79,LeftHandAnchor,-0.285,-0.321,-0.002,302.1,211.0,147.4
26.79,RightHandAnchor,0.283,-0.354,0.002,295.4,133.2,232.6
26.79,Head,-0.004,-0.012,0.004,13.5,4.5,0.5
26.85,LeftHandAnchor,-0.250,-0.355,0.023,278.5,202.2,143.8
26.85,RightHandAnchor,0.244,-0.388,0.030,276.7,109.3,262.7
26.85,Head,-0.004,-0.011,0.003,13.1,4.3,0.5
26.91,LeftHandAnchor,-0.227,-0.399,0.032,282.2,53.8,284.4
26.91,RightHandAnchor,0.214,-0.434,0.018,289.9,19.4,355.4
26.91,Head,-0.004,-0.011,0.001,12.7,3.7,0.4
26.96,LeftHandAnchor,-0.214,-0.455,0.039,286.0,20.7,327.6
26.96,RightHandAnchor,0.205,-0.453,0.034,297.4,335.8,38.6
26.96,Head,-0.004,-0.010,0.000,12.2,3.4,360.0
27.02,LeftHandAnchor,-0.183,-0.478,0.059,280.4,27.5,327.1
27.02,RightHandAnchor,0.185,-0.452,0.051,292.5,341.3,25.5
27.02,Head,-0.003,-0.009,-0.002,11.6,3.7,359.6
27.07,LeftHandAnchor,-0.175,-0.491,0.051,286.1,14.9,345.3
27.07,RightHandAnchor,0.174,-0.453,0.044,292.1,351.5,11.4
27.07,Head,-0.003,-0.008,-0.003,11.1,4.1,359.6
27.13,LeftHandAnchor,-0.136,-0.461,0.028,298.9,359.3,355.7
27.13,RightHandAnchor,0.170,-0.421,0.041,293.7,347.9,11.0
27.13,Head,-0.003,-0.007,-0.005,10.7,4.2,0.2
27.18,LeftHandAnchor,-0.130,-0.458,0.024,303.9,359.9,353.5
27.18,RightHandAnchor,0.167,-0.414,0.045,293.5,348.4,7.5
27.18,Head,-0.004,-0.008,-0.006,10.9,3.9,0.7
27.24,LeftHandAnchor,-0.136,-0.457,0.029,302.0,2.9,350.6
27.24,RightHandAnchor,0.168,-0.409,0.046,293.8,346.0,7.5
27.24,Head,-0.004,-0.008,-0.007,11.1,3.1,0.7
27.29,LeftHandAnchor,-0.148,-0.461,0.041,296.6,17.2,348.8
27.29,RightHandAnchor,0.170,-0.410,0.046,294.3,345.5,8.0
27.29,Head,-0.005,-0.008,-0.007,11.0,2.5,0.7
27.35,LeftHandAnchor,-0.150,-0.461,0.040,297.7,17.3,349.8
27.35,RightHandAnchor,0.173,-0.411,0.044,294.4,345.3,8.2
27.35,Head,-0.005,-0.007,-0.008,10.8,2.5,0.7
27.40,LeftHandAnchor,-0.152,-0.456,0.038,299.6,18.6,347.1
27.40,RightHandAnchor,0.175,-0.413,0.041,294.7,344.1,9.3
27.40,Head,-0.004,-0.007,-0.008,10.6,2.7,0.6
27.46,LeftHandAnchor,-0.155,-0.454,0.040,299.0,20.8,346.7
27.46,RightHandAnchor,0.174,-0.416,0.037,295.4,341.5,11.2
27.46,Head,-0.003,-0.007,-0.008,10.5,3.1,0.5
27.52,LeftHandAnchor,-0.157,-0.452,0.045,296.2,23.7,345.8
27.52,RightHandAnchor,0.171,-0.419,0.036,296.3,338.7,11.8
27.52,Head,-0.002,-0.007,-0.009,10.5,3.4,0.1
27.57,LeftHandAnchor,-0.155,-0.452,0.047,295.7,23.0,345.0
27.57,RightHandAnchor,0.163,-0.421,0.041,295.7,337.6,12.3
27.57,Head,-0.002,-0.008,-0.009,10.8,3.7,359.3
27.63,LeftHandAnchor,-0.133,-0.447,0.053,291.8,10.1,358.5
27.63,RightHandAnchor,0.155,-0.419,0.046,295.0,335.7,15.0
27.63,Head,-0.001,-0.009,-0.010,11.5,3.9,359.0
27.68,LeftHandAnchor,-0.162,-0.406,-0.008,316.9,20.4,9.6
27.68,RightHandAnchor,0.150,-0.406,0.055,294.2,333.3,17.9
27.68,Head,-0.002,-0.010,-0.012,12.2,4.0,359.1
27.74,LeftHandAnchor,-0.046,-0.544,0.094,295.3,344.5,22.8
27.74,RightHandAnchor,0.139,-0.398,0.073,284.3,332.1,12.1
27.74,Head,-0.003,-0.011,-0.013,12.7,3.9,359.5
27.79,LeftHandAnchor,-0.163,-0.289,0.030,323.1,18.4,344.0
27.79,RightHandAnchor,0.133,-0.380,0.084,283.7,332.0,13.3
27.79,Head,-0.004,-0.012,-0.016,13.1,3.6,359.9
27.85,LeftHandAnchor,-0.097,-0.349,0.104,277.6,359.1,1.0
27.85,RightHandAnchor,0.131,-0.375,0.093,282.6,330.4,15.1
27.85,Head,-0.006,-0.012,-0.019,13.5,3.2,0.1
27.90,LeftHandAnchor,-0.102,-0.367,0.145,272.4,338.6,19.2
27.90,RightHandAnchor,0.134,-0.368,0.102,283.7,327.5,18.0
27.90,Head,-0.007,-0.012,-0.022,13.4,2.9,0.4
27.96,LeftHandAnchor,-0.108,-0.333,0.142,276.2,63.2,316.2
27.96,RightHandAnchor,0.132,-0.352,0.118,282.4,324.9,20.6
27.96,Head,-0.008,-0.012,-0.025,13.1,2.7,0.7
28.02,LeftHandAnchor,-0.107,-0.321,0.152,276.0,87.5,289.1
28.02,RightHandAnchor,0.131,-0.332,0.136,279.3,294.5,51.6
28.02,Head,-0.008,-0.012,-0.028,13.0,2.6,0.7
28.07,LeftHandAnchor,-0.110,-0.307,0.162,276.6,98.9,271.2
28.07,RightHandAnchor,0.134,-0.317,0.144,278.9,288.2,58.5
28.07,Head,-0.009,-0.012,-0.031,12.8,2.5,0.7
28.13,LeftHandAnchor,-0.109,-0.287,0.169,277.5,107.7,261.3
28.13,RightHandAnchor,0.135,-0.294,0.151,279.0,300.8,47.6
28.13,Head,-0.009,-0.012,-0.035,12.5,2.4,0.6
28.18,LeftHandAnchor,-0.107,-0.275,0.174,276.0,102.9,264.5
28.18,RightHandAnchor,0.132,-0.273,0.162,277.9,294.0,54.9
28.18,Head,-0.009,-0.011,-0.038,12.0,2.4,0.6
28.24,LeftHandAnchor,-0.109,-0.261,0.179,274.3,97.1,270.6
28.24,RightHandAnchor,0.131,-0.257,0.172,276.9,271.2,79.6
28.24,Head,-0.009,-0.011,-0.041,11.9,2.4,0.4
28.29,LeftHandAnchor,-0.111,-0.236,0.184,276.1,116.4,253.2
28.29,RightHandAnchor,0.133,-0.241,0.179,276.7,253.7,97.6
28.29,Head,-0.009,-0.011,-0.044,11.7,2.5,0.2
28.35,LeftHandAnchor,-0.113,-0.216,0.189,277.4,128.0,241.1
28.35,RightHandAnchor,0.131,-0.222,0.186,277.3,238.1,112.5
28.35,Head,-0.009,-0.011,-0.047,11.4,2.6,0.1
28.40,LeftHandAnchor,-0.114,-0.192,0.191,277.3,138.6,229.6
28.40,RightHandAnchor,0.130,-0.206,0.189,277.4,224.6,126.3
28.40,Head,-0.009,-0.011,-0.049,11.3,2.6,0.2
28.46,LeftHandAnchor,-0.119,-0.172,0.202,280.9,156.2,209.5
28.46,RightHandAnchor,0.131,-0.185,0.187,277.4,219.3,130.6
28.46,Head,-0.009,-0.011,-0.051,11.2,2.6,0.2
28.52,LeftHandAnchor,-0.123,-0.150,0.202,281.7,161.0,204.5
28.52,RightHandAnchor,0.133,-0.164,0.193,279.4,207.0,143.5
28.52,Head,-0.010,-0.011,-0.053,11.2,2.6,0.2
28.57,LeftHandAnchor,-0.125,-0.131,0.203,282.0,167.8,198.9
28.57,RightHandAnchor,0.138,-0.147,0.200,280.4,204.3,146.3
28.57,Head,-0.010,-0.011,-0.054,11.1,2.4,0.2
28.63,LeftHandAnchor,-0.127,-0.118,0.205,282.4,167.7,198.6
28.63,RightHandAnchor,0.135,-0.131,0.200,281.8,200.4,151.0
28.63,Head,-0.011,-0.011,-0.056,11.0,2.2,0.3
28.68,LeftHandAnchor,-0.128,-0.107,0.208,282.7,166.5,199.9
28.68,RightHandAnchor,0.136,-0.116,0.207,286.3,194.0,157.9
28.68,Head,-0.011,-0.011,-0.056,10.8,2.1,0.4
28.74,LeftHandAnchor,-0.129,-0.096,0.212,286.0,165.4,200.7
28.74,RightHandAnchor,0.138,-0.105,0.207,286.5,194.8,157.1
28.74,Head,-0.011,-0.011,-0.057,10.8,2.1,0.4
28.79,LeftHandAnchor,-0.130,-0.084,0.210,287.8,164.3,201.3
28.79,RightHandAnchor,0.141,-0.093,0.212,287.7,197.0,154.8
28.79,Head,-0.011,-0.011,-0.058,10.8,2.1,0.4
28.85,LeftHandAnchor,-0.129,-0.073,0.208,288.7,163.8,201.8
28.85,RightHandAnchor,0.140,-0.084,0.215,288.6,198.3,154.1
28.85,Head,-0.012,-0.011,-0.058,10.7,2.0,0.5
28.91,LeftHandAnchor,-0.128,-0.068,0.208,288.4,163.6,201.4
28.91,RightHandAnchor,0.138,-0.080,0.216,289.5,199.5,152.7
28.91,Head,-0.012,-0.011,-0.058,10.6,1.8,0.6
28.96,LeftHandAnchor,-0.127,-0.067,0.209,288.0,163.8,200.4
28.96,RightHandAnchor,0.136,-0.076,0.214,289.5,201.3,150.7
28.96,Head,-0.012,-0.011,-0.058,10.5,1.8,0.6
29.02,LeftHandAnchor,-0.128,-0.065,0.209,287.9,164.1,199.8
29.02,RightHandAnchor,0.133,-0.068,0.216,290.4,202.2,150.0
29.02,Head,-0.012,-0.010,-0.058,10.4,2.0,0.6
29.07,LeftHandAnchor,-0.129,-0.062,0.210,287.9,164.1,199.9
29.07,RightHandAnchor,0.131,-0.063,0.216,290.8,202.5,149.9
29.07,Head,-0.012,-0.010,-0.058,10.4,1.9,0.6
29.13,LeftHandAnchor,-0.130,-0.057,0.212,288.0,164.0,200.1
29.13,RightHandAnchor,0.129,-0.059,0.215,291.0,202.6,149.7
29.13,Head,-0.012,-0.010,-0.058,10.3,1.8,0.5
29.18,LeftHandAnchor,-0.133,-0.051,0.216,288.6,164.4,199.2
29.18,RightHandAnchor,0.127,-0.056,0.215,291.3,202.3,149.8
29.18,Head,-0.012,-0.010,-0.058,10.3,1.7,0.4
29.24,LeftHandAnchor,-0.133,-0.049,0.213,288.6,164.5,199.2
29.24,RightHandAnchor,0.126,-0.050,0.215,291.8,201.5,150.7
29.24,Head,-0.012,-0.010,-0.058,10.3,1.7,0.5
29.29,LeftHandAnchor,-0.134,-0.044,0.212,289.0,164.4,199.4
29.29,RightHandAnchor,0.126,-0.043,0.215,293.7,199.3,152.6
29.29,Head,-0.013,-0.010,-0.057,10.2,1.6,0.5
29.35,LeftHandAnchor,-0.136,-0.032,0.212,291.5,163.8,200.0
29.35,RightHandAnchor,0.126,-0.033,0.215,295.4,197.8,154.2
29.35,Head,-0.013,-0.010,-0.057,10.1,1.5,0.5
29.40,LeftHandAnchor,-0.141,-0.016,0.216,295.2,163.0,198.2
29.40,RightHandAnchor,0.126,-0.021,0.214,296.2,196.9,155.5
29.40,Head,-0.013,-0.009,-0.057,10.0,1.5,0.5
29.46,LeftHandAnchor,-0.141,-0.004,0.212,295.6,164.3,196.7
29.46,RightHandAnchor,0.127,-0.009,0.212,298.4,195.6,156.6
29.46,Head,-0.013,-0.009,-0.057,9.9,1.5,0.5
29.52,LeftHandAnchor,-0.138,0.003,0.202,293.4,168.4,194.0
29.52,RightHandAnchor,0.129,0.005,0.211,298.3,194.4,158.9
29.52,Head,-0.012,-0.009,-0.058,9.6,1.5,0.6
29.57,LeftHandAnchor,-0.138,0.011,0.200,293.7,167.8,193.1
29.57,RightHandAnchor,0.130,0.015,0.212,298.6,191.6,164.6
29.57,Head,-0.012,-0.008,-0.058,9.4,1.4,0.5
29.63,LeftHandAnchor,-0.140,0.020,0.200,294.4,167.0,194.5
29.63,RightHandAnchor,0.128,0.020,0.206,297.2,190.4,166.5
29.63,Head,-0.012,-0.008,-0.058,9.2,1.3,0.6
29.68,LeftHandAnchor,-0.142,0.030,0.196,292.7,168.3,194.5
29.68,RightHandAnchor,0.128,0.027,0.203,296.1,189.0,167.8
29.68,Head,-0.012,-0.007,-0.058,9.0,1.2,0.6
29.74,LeftHandAnchor,-0.143,0.037,0.188,291.4,165.8,197.7
29.74,RightHandAnchor,0.124,0.032,0.196,293.8,185.5,170.3
29.74,Head,-0.012,-0.007,-0.059,8.9,1.1,0.5
29.79,LeftHandAnchor,-0.141,0.044,0.177,288.6,168.1,195.2
29.79,RightHandAnchor,0.123,0.039,0.192,293.8,185.7,170.1
29.79,Head,-0.012,-0.007,-0.058,8.9,1.0,0.5
29.85,LeftHandAnchor,-0.139,0.051,0.169,285.9,173.0,189.0
29.85,RightHandAnchor,0.126,0.043,0.191,293.8,186.8,168.6
29.85,Head,-0.012,-0.007,-0.058,8.9,1.0,0.5
29.91,LeftHandAnchor,-0.138,0.054,0.166,285.8,182.7,180.4
29.91,RightHandAnchor,0.126,0.046,0.187,292.5,185.3,168.5
29.91,Head,-0.011,-0.007,-0.057,9.0,1.0,0.4
29.96,LeftHandAnchor,-0.140,0.061,0.163,285.5,187.2,178.2
29.96,RightHandAnchor,0.125,0.054,0.175,288.0,180.7,173.0
29.96,Head,-0.011,-0.007,-0.057,9.1,0.9,0.4
30.02,LeftHandAnchor,-0.143,0.073,0.154,285.4,187.2,175.1
30.02,RightHandAnchor,0.122,0.060,0.165,286.6,177.5,175.7
30.02,Head,-0.011,-0.007,-0.056,9.1,0.9,0.3
30.07,LeftHandAnchor,-0.144,0.080,0.145,282.5,194.4,165.6
30.07,RightHandAnchor,0.119,0.070,0.157,284.6,173.6,183.2
30.07,Head,-0.011,-0.007,-0.056,9.2,0.8,0.4
30.13,LeftHandAnchor,-0.145,0.082,0.148,281.1,196.6,163.1
30.13,RightHandAnchor,0.119,0.072,0.156,283.2,161.6,195.4
30.13,Head,-0.011,-0.008,-0.055,9.3,0.6,0.4
30.18,LeftHandAnchor,-0.147,0.085,0.146,280.3,198.7,160.3
30.18,RightHandAnchor,0.119,0.074,0.151,283.4,154.2,197.3
30.18,Head,-0.011,-0.008,-0.054,9.4,0.6,0.4
30.24,LeftHandAnchor,-0.151,0.089,0.139,276.7,207.8,150.4
30.24,RightHandAnchor,0.118,0.073,0.145,283.8,151.6,195.2
30.24,Head,-0.011,-0.008,-0.054,9.5,0.6,0.4
30.29,LeftHandAnchor,0.000,0.000,0.000,0.0,0.0,0.0
30.29,RightHandAnchor,0.118,0.074,0.135,281.7,141.7,203.1
30.29,Head,-0.011,-0.008,-0.054,9.6,0.6,0.4
30.35,LeftHandAnchor,0.000,0.000,0.000,0.0,0.0,0.0
30.35,RightHandAnchor,0.000,0.000,0.000,0.0,0.0,0.0
30.35,Head,-0.011,-0.008,-0.053,9.7,0.5,0.4
30.41,LeftHandAnchor,0.000,0.000,0.000,0.0,0.0,0.0
30.41,RightHandAnchor,0.000,0.000,0.000,0.0,0.0,0.0
30.41,Head,-0.011,-0.008,-0.053,9.9,0.5,0.4
30.46,LeftHandAnchor,0.000,0.000,0.000,0.0,0.0,0.0
30.46,RightHandAnchor,0.000,0.000,0.000,0.0,0.0,0.0
30.46,Head,-0.010,-0.008,-0.053,9.9,0.6,0.3
30.52,LeftHandAnchor,0.000,0.000,0.000,0.0,0.0,0.0
30.52,RightHandAnchor,0.000,0.000,0.000,0.0,0.0,0.0
30.52,Head,-0.010,-0.009,-0.053,9.9,0.7,0.4
30.57,LeftHandAnchor,0.000,0.000,0.000,0.0,0.0,0.0
30.57,RightHandAnchor,0.000,0.000,0.000,0.0,0.0,0.0
30.57,Head,-0.010,-0.009,-0.053,10.0,0.8,0.3
30.63,LeftHandAnchor,0.000,0.000,0.000,0.0,0.0,0.0
30.63,RightHandAnchor,0.000,0.000,0.000,0.0,0.0,0.0
30.63,Head,-0.009,-0.009,-0.052,10.0,0.8,0.3
30.68,LeftHandAnchor,0.000,0.000,0.000,0.0,0.0,0.0
30.68,RightHandAnchor,0.000,0.000,0.000,0.0,0.0,0.0
30.68,Head,-0.009,-0.009,-0.052,10.1,0.7,0.3
30.74,LeftHandAnchor,0.000,0.000,0.000,0.0,0.0,0.0
30.74,RightHandAnchor,0.000,0.000,0.000,0.0,0.0,0.0
30.74,Head,-0.010,-0.009,-0.052,10.2,0.7,0.3
30.79,LeftHandAnchor,0.000,0.000,0.000,0.0,0.0,0.0
30.79,RightHandAnchor,0.000,0.000,0.000,0.0,0.0,0.0
30.79,Head,-0.010,-0.009,-0.052,10.4,0.6,0.3
30.85,LeftHandAnchor,0.000,0.000,0.000,0.0,0.0,0.0
30.85,RightHandAnchor,0.000,0.000,0.000,0.0,0.0,0.0
30.85,Head,-0.010,-0.010,-0.052,10.4,0.6,0.4
30.91,LeftHandAnchor,0.000,0.000,0.000,0.0,0.0,0.0
30.91,RightHandAnchor,0.000,0.000,0.000,0.0,0.0,0.0
30.91,Head,-0.010,-0.010,-0.052,10.4,0.6,0.5
30.96,LeftHandAnchor,0.000,0.000,0.000,0.0,0.0,0.0
30.96,RightHandAnchor,0.000,0.000,0.000,0.0,0.0,0.0
30.96,Head,-0.010,-0.010,-0.052,10.4,0.6,0.6
31.02,LeftHandAnchor,0.000,0.000,0.000,0.0,0.0,0.0
31.02,RightHandAnchor,0.000,0.000,0.000,0.0,0.0,0.0
31.02,Head,-0.010,-0.010,-0.052,10.6,0.7,0.5
31.07,LeftHandAnchor,0.000,0.000,0.000,0.0,0.0,0.0
31.07,RightHandAnchor,0.000,0.000,0.000,0.0,0.0,0.0
31.07,Head,-0.010,-0.010,-0.052,10.7,0.7,0.6
31.13,LeftHandAnchor,0.000,0.000,0.000,0.0,0.0,0.0
31.13,RightHandAnchor,0.000,0.000,0.000,0.0,0.0,0.0
31.13,Head,-0.011,-0.011,-0.051,10.9,0.6,0.5
31.18,LeftHandAnchor,0.000,0.000,0.000,0.0,0.0,0.0
31.18,RightHandAnchor,0.000,0.000,0.000,0.0,0.0,0.0
31.18,Head,-0.011,-0.011,-0.051,11.0,0.6,0.5
31.24,LeftHandAnchor,0.000,0.000,0.000,0.0,0.0,0.0
31.24,RightHandAnchor,0.000,0.000,0.000,0.0,0.0,0.0
31.24,Head,-0.011,-0.011,-0.051,11.0,0.9,0.6
31.29,LeftHandAnchor,0.000,0.000,0.000,0.0,0.0,0.0
31.29,RightHandAnchor,0.000,0.000,0.000,0.0,0.0,0.0
31.29,Head,-0.011,-0.011,-0.051,11.0,1.2,0.6
31.35,LeftHandAnchor,0.000,0.000,0.000,0.0,0.0,0.0
31.35,RightHandAnchor,0.000,0.000,0.000,0.0,0.0,0.0
31.35,Head,-0.011,-0.011,-0.050,10.9,1.5,0.6
31.41,LeftHandAnchor,0.000,0.000,0.000,0.0,0.0,0.0
31.41,RightHandAnchor,0.000,0.000,0.000,0.0,0.0,0.0
31.41,Head,-0.011,-0.010,-0.049,10.8,1.7,0.7
31.46,LeftHandAnchor,0.000,0.000,0.000,0.0,0.0,0.0
31.46,RightHandAnchor,0.000,0.000,0.000,0.0,0.0,0.0
31.46,Head,-0.011,-0.010,-0.048,10.9,1.8,0.8
31.52,LeftHandAnchor,0.000,0.000,0.000,0.0,0.0,0.0
31.52,RightHandAnchor,0.258,0.072,0.043,330.5,157.2,178.3
31.52,Head,-0.011,-0.010,-0.047,10.9,1.9,0.7
31.57,LeftHandAnchor,-0.315,0.082,-0.005,327.2,183.5,196.3
31.57,RightHandAnchor,0.310,-0.003,0.025,325.3,163.5,174.3
31.57,Head,-0.009,-0.009,-0.044,10.3,2.1,0.9
31.63,LeftHandAnchor,-0.294,-0.030,-0.046,331.2,217.8,174.9
31.63,RightHandAnchor,0.350,-0.045,-0.007,328.1,144.3,189.5
31.63,Head,-0.008,-0.008,-0.042,9.8,2.7,0.4
31.68,LeftHandAnchor,-0.340,-0.100,-0.066,334.9,223.7,171.1
31.68,RightHandAnchor,0.379,-0.126,-0.004,322.7,139.8,193.9
31.68,Head,-0.007,-0.006,-0.039,9.2,3.0,0.8
31.74,LeftHandAnchor,-0.375,-0.162,-0.085,332.6,219.8,158.0
31.74,RightHandAnchor,0.377,-0.195,0.017,326.2,129.4,210.9
31.74,Head,-0.006,-0.006,-0.036,8.6,3.2,0.5
31.79,LeftHandAnchor,-0.393,-0.219,-0.086,335.1,217.2,151.8
31.79,RightHandAnchor,0.365,-0.294,0.044,311.5,113.6,235.1
31.79,Head,-0.006,-0.004,-0.033,8.0,3.0,0.4
31.85,LeftHandAnchor,-0.426,-0.285,-0.101,329.7,223.5,135.6
31.85,RightHandAnchor,0.322,-0.371,0.044,314.0,84.3,265.0
31.85,Head,-0.006,-0.003,-0.030,7.5,2.6,0.7
31.90,LeftHandAnchor,-0.406,-0.326,-0.094,336.7,231.6,122.9
31.90,RightHandAnchor,0.315,-0.437,0.038,315.1,67.2,287.2
31.90,Head,-0.005,-0.003,-0.028,7.5,2.1,1.1
31.96,LeftHandAnchor,-0.423,-0.376,-0.098,342.6,235.2,108.2
31.96,RightHandAnchor,0.297,-0.465,0.041,323.9,59.6,299.2
31.96,Head,-0.004,-0.003,-0.026,7.6,1.2,1.4
32.02,LeftHandAnchor,-0.458,-0.438,-0.109,343.7,240.1,87.8
32.02,RightHandAnchor,0.267,-0.455,0.037,331.1,47.5,313.5
32.02,Head,-0.004,-0.003,-0.025,7.8,0.7,0.9
32.07,LeftHandAnchor,-0.454,-0.462,-0.108,344.7,246.1,74.4
32.07,RightHandAnchor,0.239,-0.420,0.041,344.9,39.8,324.4
32.07,Head,-0.004,-0.004,-0.025,8.6,1.0,0.4
32.13,LeftHandAnchor,-0.441,-0.449,-0.109,345.2,252.5,72.1
32.13,RightHandAnchor,0.251,-0.410,0.048,348.6,35.1,334.0
32.13,Head,-0.004,-0.005,-0.026,9.4,0.9,0.9
32.18,LeftHandAnchor,-0.415,-0.409,-0.090,348.4,261.7,72.2
32.18,RightHandAnchor,0.261,-0.399,0.041,346.9,38.0,332.0
32.18,Head,-0.005,-0.006,-0.027,10.0,0.5,0.8
32.24,LeftHandAnchor,-0.389,-0.383,-0.076,347.0,269.1,74.2
32.24,RightHandAnchor,0.267,-0.399,0.032,346.9,36.6,334.3
32.24,Head,-0.006,-0.006,-0.029,10.1,0.4,1.2
32.29,LeftHandAnchor,-0.391,-0.380,-0.070,345.2,264.5,76.1
32.29,RightHandAnchor,0.271,-0.411,0.031,352.3,30.0,336.6
32.29,Head,-0.006,-0.006,-0.030,9.5,0.5,1.8
32.35,LeftHandAnchor,-0.407,-0.389,-0.073,346.9,260.7,80.0
32.35,RightHandAnchor,0.276,-0.416,0.041,3.5,21.6,343.6
32.35,Head,-0.005,-0.006,-0.031,9.6,0.6,2.1
32.40,LeftHandAnchor,-0.419,-0.403,-0.076,350.5,256.0,80.5
32.40,RightHandAnchor,0.277,-0.415,0.065,2.7,14.0,343.6
32.40,Head,-0.004,-0.006,-0.033,9.7,0.6,1.5
32.46,LeftHandAnchor,-0.431,-0.420,-0.088,2.0,254.6,80.3
32.46,RightHandAnchor,0.263,-0.422,0.079,0.1,13.6,342.8
32.46,Head,-0.005,-0.006,-0.034,9.8,0.6,1.2
32.52,LeftHandAnchor,-0.423,-0.421,-0.094,2.4,254.7,81.1
32.52,RightHandAnchor,0.260,-0.425,0.091,0.8,13.8,341.7
32.52,Head,-0.005,-0.006,-0.035,9.7,0.2,1.5
32.57,LeftHandAnchor,-0.423,-0.423,-0.101,0.5,254.2,81.9
32.57,RightHandAnchor,0.262,-0.426,0.095,2.9,12.7,340.0
32.57,Head,-0.006,-0.006,-0.034,9.6,359.5,1.7
32.63,LeftHandAnchor,-0.421,-0.428,-0.111,359.6,252.8,83.4
32.63,RightHandAnchor,0.261,-0.427,0.095,3.3,11.4,340.1
32.63,Head,-0.007,-0.006,-0.034,9.6,359.0,1.6
32.68,LeftHandAnchor,-0.420,-0.432,-0.123,359.4,252.4,84.0
32.68,RightHandAnchor,0.259,-0.430,0.094,5.0,9.8,341.8
32.68,Head,-0.007,-0.005,-0.033,9.3,359.2,1.5
32.74,LeftHandAnchor,-0.428,-0.448,-0.138,3.4,248.5,81.7
32.74,RightHandAnchor,0.252,-0.435,0.086,3.0,9.2,342.5
32.74,Head,-0.007,-0.005,-0.032,9.0,359.4,1.3
32.79,LeftHandAnchor,-0.434,-0.472,-0.146,3.1,246.0,80.8
32.79,RightHandAnchor,0.245,-0.444,0.064,354.3,8.8,339.4
32.79,Head,-0.008,-0.005,-0.031,9.1,359.6,1.1
32.85,LeftHandAnchor,-0.432,-0.483,-0.148,3.3,244.6,79.6
32.85,RightHandAnchor,0.243,-0.443,0.062,352.2,10.2,339.6
32.85,Head,-0.008,-0.005,-0.031,9.3,0.0,0.9
32.91,LeftHandAnchor,-0.428,-0.492,-0.146,358.5,244.4,78.9
32.91,RightHandAnchor,0.244,-0.440,0.067,353.5,11.8,341.2
32.91,Head,-0.009,-0.005,-0.031,9.3,0.1,1.0
32.96,LeftHandAnchor,-0.424,-0.495,-0.145,0.8,244.9,78.3
32.96,RightHandAnchor,0.246,-0.438,0.070,355.1,13.3,340.4
32.96,Head,-0.009,-0.005,-0.032,9.3,359.7,1.2
33.02,LeftHandAnchor,-0.428,-0.487,-0.140,4.9,243.8,76.8
33.02,RightHandAnchor,0.246,-0.437,0.071,356.4,15.4,338.6
33.02,Head,-0.009,-0.005,-0.032,9.2,359.5,1.1
33.07,LeftHandAnchor,-0.431,-0.480,-0.138,6.5,243.6,76.4
33.07,RightHandAnchor,0.246,-0.436,0.071,356.8,16.9,338.0
33.07,Head,-0.009,-0.005,-0.032,9.0,359.6,1.1
33.13,LeftHandAnchor,-0.431,-0.478,-0.137,7.0,243.5,76.4
33.13,RightHandAnchor,0.247,-0.433,0.070,356.8,18.1,337.4
33.13,Head,-0.008,-0.004,-0.033,8.7,359.8,1.1
33.18,LeftHandAnchor,-0.430,-0.476,-0.136,7.7,243.6,76.9
33.18,RightHandAnchor,0.247,-0.431,0.068,356.6,20.5,336.2
33.18,Head,-0.007,-0.004,-0.034,8.5,360.0,0.9
33.24,LeftHandAnchor,-0.429,-0.476,-0.136,7.7,243.4,77.1
33.24,RightHandAnchor,0.247,-0.430,0.068,356.6,22.2,336.3
33.24,Head,-0.006,-0.003,-0.034,8.2,0.3,0.8
33.29,LeftHandAnchor,-0.428,-0.474,-0.134,7.9,243.5,77.0
33.29,RightHandAnchor,0.247,-0.430,0.068,356.6,22.2,336.5
33.29,Head,-0.005,-0.003,-0.035,7.8,0.5,0.8
33.35,LeftHandAnchor,-0.428,-0.473,-0.133,8.1,243.4,76.9
33.35,RightHandAnchor,0.247,-0.430,0.068,357.0,21.2,338.5
33.35,Head,-0.005,-0.003,-0.036,7.7,0.6,0.6
33.41,LeftHandAnchor,-0.428,-0.472,-0.133,8.3,243.7,77.4
33.41,RightHandAnchor,0.247,-0.431,0.069,357.4,18.7,341.1
33.41,Head,-0.004,-0.003,-0.036,7.4,0.5,0.5
33.46,LeftHandAnchor,-0.426,-0.470,-0.132,4.1,243.9,79.4
33.46,RightHandAnchor,0.248,-0.432,0.071,357.7,18.1,340.9
33.46,Head,-0.005,-0.003,-0.037,7.6,0.3,0.4
33.52,LeftHandAnchor,-0.410,-0.442,-0.109,340.5,244.6,85.1
33.52,RightHandAnchor,0.249,-0.434,0.073,357.4,17.8,340.5
33.52,Head,-0.007,-0.004,-0.038,7.7,0.3,0.7
33.57,LeftHandAnchor,-0.365,-0.360,-0.082,328.2,239.0,95.9
33.57,RightHandAnchor,0.249,-0.435,0.073,357.3,17.8,340.5
33.57,Head,-0.009,-0.004,-0.039,8.0,359.9,1.8
33.63,LeftHandAnchor,-0.324,-0.248,-0.070,321.0,239.9,116.8
33.63,RightHandAnchor,0.249,-0.435,0.073,357.2,17.8,340.3
33.63,Head,-0.011,-0.004,-0.040,8.0,359.2,2.5
33.68,LeftHandAnchor,-0.295,-0.170,-0.071,310.2,232.6,138.4
33.68,RightHandAnchor,0.249,-0.435,0.073,357.0,17.9,340.0
33.68,Head,-0.012,-0.005,-0.041,8.2,358.8,3.0
33.74,LeftHandAnchor,-0.272,-0.121,-0.086,295.0,211.7,169.9
33.74,RightHandAnchor,0.249,-0.434,0.072,356.8,18.0,339.7
33.74,Head,-0.014,-0.005,-0.042,8.3,358.2,3.5
33.79,LeftHandAnchor,-0.248,-0.096,-0.083,281.8,158.3,235.4
33.79,RightHandAnchor,0.249,-0.434,0.072,356.8,18.1,339.6
33.79,Head,-0.016,-0.005,-0.043,8.4,357.3,4.0
33.85,LeftHandAnchor,-0.218,-0.074,-0.076,292.3,89.0,292.4
33.85,RightHandAnchor,0.249,-0.434,0.072,356.9,18.2,339.5
33.85,Head,-0.017,-0.005,-0.043,8.5,356.3,4.3
33.91,LeftHandAnchor,-0.214,-0.076,-0.078,296.0,68.6,299.7
33.91,RightHandAnchor,0.248,-0.434,0.071,356.9,18.8,338.9
33.91,Head,-0.018,-0.006,-0.044,8.8,355.5,4.5
33.96,LeftHandAnchor,-0.230,-0.050,-0.093,307.3,65.4,308.7
33.96,RightHandAnchor,0.248,-0.433,0.071,357.5,20.0,337.8
33.96,Head,-0.019,-0.006,-0.045,8.8,355.1,4.4
34.02,LeftHandAnchor,-0.224,-0.051,-0.108,302.9,56.1,319.0
34.02,RightHandAnchor,0.247,-0.431,0.071,358.0,20.5,337.9
34.02,Head,-0.018,-0.005,-0.046,8.4,354.7,4.4
34.07,LeftHandAnchor,-0.215,-0.063,-0.118,308.8,50.3,325.9
34.07,RightHandAnchor,0.246,-0.430,0.070,358.5,20.8,337.5
34.07,Head,-0.018,-0.005,-0.047,8.0,354.6,4.4
34.13,LeftHandAnchor,-0.211,-0.061,-0.122,298.7,66.2,316.5
34.13,RightHandAnchor,0.246,-0.429,0.070,358.7,21.0,336.9
34.13,Head,-0.018,-0.004,-0.048,7.8,353.6,4.6
34.18,LeftHandAnchor,-0.186,-0.063,-0.128,291.9,48.7,335.0
34.18,RightHandAnchor,0.246,-0.428,0.069,359.1,21.4,336.2
34.18,Head,-0.018,-0.004,-0.049,7.5,353.1,4.4
34.24,LeftHandAnchor,0.000,0.000,0.000,0.0,0.0,0.0
34.24,RightHandAnchor,0.245,-0.428,0.069,359.5,21.5,335.8
34.24,Head,-0.018,-0.004,-0.050,7.3,352.6,4.0
34.29,LeftHandAnchor,0.000,0.000,0.000,0.0,0.0,0.0
34.29,RightHandAnchor,0.245,-0.427,0.069,359.9,21.6,335.4
34.29,Head,-0.017,-0.002,-0.049,6.5,352.8,3.7
34.35,LeftHandAnchor,-0.190,-0.054,-0.148,289.3,60.8,279.7
34.35,RightHandAnchor,0.245,-0.427,0.069,360.0,21.6,335.3
34.35,Head,-0.016,-0.002,-0.050,6.2,352.7,3.8
34.40,LeftHandAnchor,-0.180,-0.041,-0.163,287.5,70.5,255.1
34.40,RightHandAnchor,0.245,-0.427,0.068,0.0,21.6,335.1
34.40,Head,-0.017,-0.001,-0.050,6.1,352.4,3.5
34.46,LeftHandAnchor,0.000,0.000,0.000,0.0,0.0,0.0
34.46,RightHandAnchor,0.245,-0.426,0.068,360.0,21.6,335.1
34.46,Head,-0.016,-0.002,-0.050,6.3,352.2,3.5
34.52,LeftHandAnchor,0.000,0.000,0.000,0.0,0.0,0.0
34.52,RightHandAnchor,0.245,-0.426,0.068,359.9,21.6,334.6
34.52,Head,-0.016,-0.003,-0.050,6.8,352.0,3.6
34.57,LeftHandAnchor,0.000,0.000,0.000,0.0,0.0,0.0
34.57,RightHandAnchor,0.245,-0.426,0.068,359.8,21.4,334.3
34.57,Head,-0.016,-0.003,-0.050,7.0,352.0,3.7
34.63,LeftHandAnchor,0.000,0.000,0.000,0.0,0.0,0.0
34.63,RightHandAnchor,0.245,-0.426,0.068,359.7,21.4,334.3
34.63,Head,-0.016,-0.003,-0.049,7.0,352.0,3.8
34.68,LeftHandAnchor,0.000,0.000,0.000,0.0,0.0,0.0
34.68,RightHandAnchor,0.245,-0.426,0.067,359.7,21.4,334.3
34.68,Head,-0.016,-0.003,-0.049,6.9,352.1,3.4
34.74,LeftHandAnchor,0.000,0.000,0.000,0.0,0.0,0.0
34.74,RightHandAnchor,0.245,-0.426,0.067,359.8,21.4,334.3
34.74,Head,-0.015,-0.003,-0.048,6.8,352.2,3.2
34.79,LeftHandAnchor,0.000,0.000,0.000,0.0,0.0,0.0
34.79,RightHandAnchor,0.244,-0.425,0.068,359.9,21.4,334.3
34.79,Head,-0.015,-0.003,-0.048,6.8,352.2,3.2
34.85,LeftHandAnchor,0.000,0.000,0.000,0.0,0.0,0.0
34.85,RightHandAnchor,0.245,-0.425,0.068,360.0,21.2,334.3
34.85,Head,-0.014,-0.003,-0.048,6.7,352.2,3.0
34.90,LeftHandAnchor,0.000,0.000,0.000,0.0,0.0,0.0
34.90,RightHandAnchor,0.245,-0.425,0.068,0.1,21.3,334.5
34.90,Head,-0.014,-0.002,-0.047,6.6,352.4,3.1
34.96,LeftHandAnchor,0.000,0.000,0.000,0.0,0.0,0.0
34.96,RightHandAnchor,0.244,-0.425,0.068,0.1,21.3,334.5
34.96,Head,-0.013,-0.002,-0.047,6.3,352.6,2.9
35.02,LeftHandAnchor,0.000,0.000,0.000,0.0,0.0,0.0
35.02,RightHandAnchor,0.244,-0.425,0.068,0.2,21.2,334.5
35.02,Head,-0.013,-0.001,-0.046,5.6,352.7,2.7
35.07,LeftHandAnchor,0.000,0.000,0.000,0.0,0.0,0.0
35.07,RightHandAnchor,0.244,-0.424,0.068,0.2,21.2,334.4
35.07,Head,-0.013,0.002,-0.044,4.2,352.9,2.3
35.13,LeftHandAnchor,0.000,0.000,0.000,0.0,0.0,0.0
35.13,RightHandAnchor,0.244,-0.424,0.068,0.3,21.1,334.7
35.13,Head,-0.012,0.005,-0.041,2.9,353.2,1.7
35.18,LeftHandAnchor,0.000,0.000,0.000,0.0,0.0,0.0
35.18,RightHandAnchor,0.244,-0.424,0.068,0.4,21.0,335.1
35.18,Head,-0.012,0.009,-0.040,1.1,353.9,1.0
35.24,LeftHandAnchor,0.000,0.000,0.000,0.0,0.0,0.0
35.24,RightHandAnchor,0.245,-0.424,0.068,0.5,20.6,335.5
35.24,Head,-0.011,0.014,-0.037,358.7,355.1,0.3
35.29,LeftHandAnchor,0.000,0.000,0.000,0.0,0.0,0.0
35.29,RightHandAnchor,0.245,-0.424,0.068,0.5,20.6,335.5
35.29,Head,-0.010,0.025,-0.033,354.9,355.8,0.6
35.35,LeftHandAnchor,0.000,0.000,0.000,0.0,0.0,0.0
35.35,RightHandAnchor,0.244,-0.424,0.068,0.4,20.7,335.5
35.35,Head,-0.011,0.035,-0.032,352.0,356.3,0.2
35.41,LeftHandAnchor,0.000,0.000,0.000,0.0,0.0,0.0
35.41,RightHandAnchor,0.244,-0.424,0.067,0.4,20.7,335.4
35.41,Head,-0.011,0.042,-0.034,348.7,356.5,359.8
35.46,LeftHandAnchor,0.000,0.000,0.000,0.0,0.0,0.0
35.46,RightHandAnchor,0.243,-0.424,0.067,0.4,21.1,335.3
35.46,Head,-0.011,0.051,-0.036,345.9,356.8,359.3
35.51,LeftHandAnchor,0.000,0.000,0.000,0.0,0.0,0.0
35.51,RightHandAnchor,0.243,-0.425,0.067,0.4,21.5,335.3
35.51,Head,-0.009,0.052,-0.035,344.9,355.7,359.4
35.56,LeftHandAnchor,0.000,0.000,0.000,0.0,0.0,0.0
35.56,RightHandAnchor,0.243,-0.425,0.067,0.4,21.5,335.3
35.56,Head,-0.009,0.052,-0.035,344.9,355.7,359.4
35.61,LeftHandAnchor,0.000,0.000,0.000,0.0,0.0,0.0
35.61,RightHandAnchor,0.243,-0.425,0.067,0.4,21.5,335.3
35.61,Head,-0.009,0.052,-0.035,344.9,355.7,359.4
35.66,LeftHandAnchor,0.000,0.000,0.000,0.0,0.0,0.0
35.66,RightHandAnchor,0.243,-0.425,0.067,0.4,21.5,335.3
35.66,Head,-0.009,0.052,-0.035,344.9,355.7,359.4
35.71,LeftHandAnchor,0.000,0.000,0.000,0.0,0.0,0.0
35.71,RightHandAnchor,0.243,-0.425,0.067,0.4,21.5,335.3
35.71,Head,-0.009,0.052,-0.035,344.9,355.7,359.4
35.76,LeftHandAnchor,0.000,0.000,0.000,0.0,0.0,0.0
35.76,RightHandAnchor,0.243,-0.425,0.067,0.4,21.5,335.3
35.76,Head,-0.009,0.052,-0.035,344.9,355.7,359.4
35.82,LeftHandAnchor,0.000,0.000,0.000,0.0,0.0,0.0
35.82,RightHandAnchor,0.243,-0.425,0.067,0.4,21.5,335.3
35.82,Head,-0.009,0.052,-0.035,344.9,355.7,359.4
35.87,LeftHandAnchor,0.000,0.000,0.000,0.0,0.0,0.0
35.87,RightHandAnchor,0.243,-0.425,0.067,0.4,21.5,335.3
35.87,Head,-0.009,0.052,-0.035,344.9,355.7,359.4
35.92,LeftHandAnchor,0.000,0.000,0.000,0.0,0.0,0.0
35.92,RightHandAnchor,0.243,-0.425,0.067,0.4,21.5,335.3
35.92,Head,-0.009,0.052,-0.035,344.9,355.7,359.4
35.97,LeftHandAnchor,0.000,0.000,0.000,0.0,0.0,0.0
35.97,RightHandAnchor,0.243,-0.425,0.067,0.4,21.5,335.3
35.97,Head,-0.009,0.052,-0.035,344.9,355.7,359.4
36.02,LeftHandAnchor,0.000,0.000,0.000,0.0,0.0,0.0
36.02,RightHandAnchor,0.243,-0.425,0.067,0.4,21.5,335.3
36.02,Head,-0.009,0.052,-0.035,344.9,355.7,359.4
36.07,LeftHandAnchor,0.000,0.000,0.000,0.0,0.0,0.0
36.07,RightHandAnchor,0.243,-0.425,0.067,0.4,21.5,335.3
36.07,Head,-0.009,0.052,-0.035,344.9,355.7,359.4
36.12,LeftHandAnchor,0.000,0.000,0.000,0.0,0.0,0.0
36.12,RightHandAnchor,0.243,-0.425,0.067,0.4,21.5,335.3
36.12,Head,-0.009,0.052,-0.035,344.9,355.7,359.4
36.17,LeftHandAnchor,0.000,0.000,0.000,0.0,0.0,0.0
36.17,RightHandAnchor,0.243,-0.425,0.067,0.4,21.5,335.3
36.17,Head,-0.009,0.052,-0.035,344.9,355.7,359.4
36.22,LeftHandAnchor,0.000,0.000,0.000,0.0,0.0,0.0
36.22,RightHandAnchor,0.243,-0.425,0.067,0.4,21.5,335.3
36.22,Head,-0.009,0.052,-0.035,344.9,355.7,359.4
36.27,LeftHandAnchor,0.000,0.000,0.000,0.0,0.0,0.0
36.27,RightHandAnchor,0.243,-0.425,0.067,0.4,21.5,335.3
36.27,Head,-0.009,0.052,-0.035,344.9,355.7,359.4
36.32,LeftHandAnchor,0.000,0.000,0.000,0.0,0.0,0.0
36.32,RightHandAnchor,0.243,-0.425,0.067,0.4,21.5,335.3
36.32,Head,-0.009,0.052,-0.035,344.9,355.7,359.4
36.37,LeftHandAnchor,0.000,0.000,0.000,0.0,0.0,0.0
36.37,RightHandAnchor,0.243,-0.425,0.067,0.4,21.5,335.3
36.37,Head,-0.009,0.052,-0.035,344.9,355.7,359.4
36.42,LeftHandAnchor,0.000,0.000,0.000,0.0,0.0,0.0
36.42,RightHandAnchor,0.243,-0.425,0.067,0.4,21.5,335.3
36.42,Head,-0.009,0.052,-0.035,344.9,355.7,359.4
36.47,LeftHandAnchor,0.000,0.000,0.000,0.0,0.0,0.0
36.47,RightHandAnchor,0.243,-0.425,0.067,0.4,21.5,335.3
36.47,Head,-0.009,0.052,-0.035,344.9,355.7,359.4
36.53,LeftHandAnchor,0.000,0.000,0.000,0.0,0.0,0.0
36.53,RightHandAnchor,0.243,-0.425,0.067,0.4,21.5,335.3
36.53,Head,-0.009,0.052,-0.035,344.9,355.7,359.4
36.58,LeftHandAnchor,0.000,0.000,0.000,0.0,0.0,0.0
36.58,RightHandAnchor,0.243,-0.425,0.067,0.4,21.5,335.3
36.58,Head,-0.009,0.052,-0.035,344.9,355.7,359.4
