t,object,x,y,z,pitch,yaw,roll
0.08,LeftHandAnchor,0.000,0.000,0.000,0.0,0.0,0.0
0.08,RightHandAnchor,0.000,0.000,0.000,0.0,0.0,0.0
0.08,Head,0.000,0.000,0.000,0.0,0.0,0.0
0.15,LeftHandAnchor,0.000,0.000,0.000,0.0,0.0,0.0
0.15,RightHandAnchor,0.000,0.000,0.000,0.0,0.0,0.0
0.15,Head,0.000,0.000,0.000,0.0,0.0,0.0
0.20,LeftHandAnchor,0.000,0.000,0.000,0.0,0.0,0.0
0.20,RightHandAnchor,0.000,0.000,0.000,0.0,0.0,0.0
0.20,Head,0.000,0.000,0.000,0.0,0.0,0.0
0.26,LeftHandAnchor,0.000,0.000,0.000,0.0,0.0,0.0
0.26,RightHandAnchor,0.000,0.000,0.000,0.0,0.0,0.0
0.26,Head,0.000,0.000,0.000,0.0,0.0,0.0
0.31,LeftHandAnchor,0.000,0.000,0.000,0.0,0.0,0.0
0.31,RightHandAnchor,0.000,0.000,0.000,0.0,0.0,0.0
0.31,Head,0.000,0.000,0.000,0.0,0.0,0.0
0.37,LeftHandAnchor,0.000,0.000,0.000,0.0,0.0,0.0
0.37,RightHandAnchor,0.000,0.000,0.000,0.0,0.0,0.0
0.37,Head,0.000,0.000,0.000,0.0,0.0,0.0
0.42,LeftHandAnchor,0.000,0.000,0.000,0.0,0.0,0.0
0.42,RightHandAnchor,0.000,0.000,0.000,0.0,0.0,0.0
0.42,Head,0.000,0.000,0.000,0.0,0.0,0.0
0.48,LeftHandAnchor,0.000,0.000,0.000,0.0,0.0,0.0
0.48,RightHandAnchor,0.000,0.000,0.000,0.0,0.0,0.0
0.48,Head,0.000,0.000,0.000,0.0,0.0,0.0
0.54,LeftHandAnchor,0.000,0.000,0.000,0.0,0.0,0.0
0.54,RightHandAnchor,0.000,0.000,0.000,0.0,0.0,0.0
0.54,Head,0.000,0.000,0.000,0.0,0.0,0.0
0.59,LeftHandAnchor,0.000,0.000,0.000,0.0,0.0,0.0
0.59,RightHandAnchor,0.000,0.000,0.000,0.0,0.0,0.0
0.59,Head,0.000,0.000,0.000,0.0,0.0,0.0
0.65,LeftHandAnchor,0.000,0.000,0.000,0.0,0.0,0.0
0.65,RightHandAnchor,0.000,0.000,0.000,0.0,0.0,0.0
0.65,Head,0.000,0.000,0.000,0.0,0.0,0.0
0.70,LeftHandAnchor,0.000,0.000,0.000,0.0,0.0,0.0
0.70,RightHandAnchor,0.000,0.000,0.000,0.0,0.0,0.0
0.70,Head,0.000,0.000,0.000,0.0,0.0,0.0
0.76,LeftHandAnchor,0.000,0.000,0.000,0.0,0.0,0.0
0.76,RightHandAnchor,0.000,0.000,0.000,0.0,0.0,0.0
0.76,Head,0.000,0.000,0.000,0.0,0.0,0.0
0.81,LeftHandAnchor,0.000,0.000,0.000,0.0,0.0,0.0
0.81,RightHandAnchor,0.000,0.000,0.000,0.0,0.0,0.0
0.81,Head,0.000,0.000,0.000,0.0,0.0,0.0
0.87,LeftHandAnchor,-0.080,-0.493,0.176,10.3,18.9,11.4
0.87,RightHandAnchor,0.094,-0.105,0.422,355.2,357.7,356.3
0.87,Head,0.004,-0.008,0.018,6.4,4.3,0.1
0.93,LeftHandAnchor,-0.081,-0.493,0.175,10.3,18.8,11.5
0.93,RightHandAnchor,0.093,-0.103,0.422,354.9,357.0,357.0
0.93,Head,0.004,-0.008,0.017,6.4,4.4,0.2
0.99,LeftHandAnchor,-0.081,-0.494,0.175,10.1,18.8,11.7
0.99,RightHandAnchor,0.091,-0.103,0.421,354.0,355.9,357.7
0.99,Head,0.004,-0.008,0.017,6.2,4.2,0.1
1.04,LeftHandAnchor,-0.081,-0.494,0.175,358.4,22.1,13.9
1.04,RightHandAnchor,0.091,-0.104,0.420,351.6,357.4,348.3
1.04,Head,0.003,-0.007,0.017,6.0,3.9,0.2
1.10,LeftHandAnchor,-0.082,-0.494,0.175,359.0,21.6,14.5
1.10,RightHandAnchor,0.093,-0.115,0.419,350.6,359.2,345.8
1.10,Head,0.002,-0.007,0.017,6.0,3.8,0.2
1.16,LeftHandAnchor,-0.083,-0.494,0.174,359.5,21.4,14.6
1.16,RightHandAnchor,0.098,-0.125,0.418,349.3,358.8,346.1
1.16,Head,0.002,-0.007,0.018,6.0,3.8,0.3
1.21,LeftHandAnchor,-0.083,-0.494,0.174,359.9,21.2,14.6
1.21,RightHandAnchor,0.103,-0.127,0.422,349.9,358.3,347.0
1.21,Head,0.002,-0.007,0.018,6.1,3.7,0.3
1.27,LeftHandAnchor,-0.083,-0.494,0.174,0.5,21.0,14.9
1.27,RightHandAnchor,0.105,-0.125,0.423,352.5,358.6,348.4
1.27,Head,0.002,-0.007,0.018,6.2,3.8,0.2
1.32,LeftHandAnchor,-0.083,-0.494,0.174,0.8,21.0,14.9
1.32,RightHandAnchor,0.106,-0.122,0.424,354.1,359.3,350.2
1.32,Head,0.002,-0.007,0.018,6.3,3.9,0.1
1.38,LeftHandAnchor,-0.083,-0.494,0.174,0.8,20.9,14.9
1.38,RightHandAnchor,0.109,-0.120,0.425,354.2,359.3,351.7
1.38,Head,0.003,-0.007,0.018,6.2,4.1,0.1
1.43,LeftHandAnchor,-0.083,-0.494,0.174,0.8,20.9,14.9
1.43,RightHandAnchor,0.111,-0.118,0.425,354.5,359.2,352.9
1.43,Head,0.004,-0.007,0.017,6.2,4.2,360.0
1.49,LeftHandAnchor,-0.084,-0.493,0.174,0.9,21.0,14.7
1.49,RightHandAnchor,0.111,-0.117,0.425,354.3,359.3,353.1
1.49,Head,0.004,-0.007,0.016,6.0,4.3,360.0
1.54,LeftHandAnchor,-0.084,-0.494,0.174,0.8,21.0,14.8
1.54,RightHandAnchor,0.112,-0.116,0.424,353.8,359.1,353.4
1.54,Head,0.004,-0.007,0.016,6.1,4.3,359.9
1.60,LeftHandAnchor,-0.084,-0.494,0.173,0.7,20.9,15.0
1.60,RightHandAnchor,0.114,-0.114,0.420,353.2,358.6,352.7
1.60,Head,0.004,-0.007,0.016,6.0,4.3,359.9
1.66,LeftHandAnchor,-0.084,-0.495,0.174,0.6,20.9,15.1
1.66,RightHandAnchor,0.115,-0.114,0.419,352.8,358.3,352.7
1.66,Head,0.004,-0.007,0.016,6.0,4.3,359.9
1.71,LeftHandAnchor,-0.084,-0.495,0.173,0.5,20.9,15.2
1.71,RightHandAnchor,0.116,-0.113,0.419,352.3,358.0,352.6
1.71,Head,0.004,-0.006,0.016,6.0,4.3,359.9
1.77,LeftHandAnchor,-0.084,-0.495,0.173,0.5,20.9,15.3
1.77,RightHandAnchor,0.117,-0.113,0.419,351.7,357.7,352.6
1.77,Head,0.005,-0.006,0.016,6.1,4.3,359.8
1.82,LeftHandAnchor,-0.084,-0.495,0.173,0.4,20.9,15.3
1.82,RightHandAnchor,0.118,-0.112,0.418,351.9,357.6,352.6
1.82,Head,0.005,-0.006,0.016,6.1,4.3,359.8
1.88,LeftHandAnchor,-0.084,-0.495,0.173,0.4,20.9,15.3
1.88,RightHandAnchor,0.119,-0.111,0.419,353.0,357.4,353.2
1.88,Head,0.005,-0.006,0.016,6.0,4.3,359.8
1.93,LeftHandAnchor,-0.084,-0.495,0.173,0.3,20.9,15.3
1.93,RightHandAnchor,0.121,-0.110,0.419,354.1,357.3,354.2
1.93,Head,0.005,-0.006,0.016,5.9,4.3,359.8
1.99,LeftHandAnchor,-0.084,-0.495,0.173,0.2,20.8,15.7
1.99,RightHandAnchor,0.121,-0.108,0.420,354.4,357.5,354.3
1.99,Head,0.005,-0.006,0.015,5.9,4.3,359.8
2.05,LeftHandAnchor,-0.084,-0.495,0.173,0.1,20.9,15.7
2.05,RightHandAnchor,0.122,-0.106,0.419,353.8,357.3,353.7
2.05,Head,0.005,-0.006,0.015,5.9,4.2,359.8
2.10,LeftHandAnchor,-0.085,-0.496,0.173,0.1,20.9,15.6
2.10,RightHandAnchor,0.122,-0.106,0.418,352.6,357.0,353.3
2.10,Head,0.004,-0.006,0.015,5.9,4.2,359.8
2.16,LeftHandAnchor,-0.085,-0.496,0.173,0.0,20.9,15.6
2.16,RightHandAnchor,0.122,-0.106,0.417,352.4,356.9,353.4
2.16,Head,0.004,-0.006,0.015,5.8,4.1,359.8
2.21,LeftHandAnchor,-0.085,-0.495,0.174,0.0,20.9,15.5
2.21,RightHandAnchor,0.119,-0.098,0.419,7.3,358.5,1.5
2.21,Head,0.004,-0.006,0.016,5.8,4.1,359.8
2.27,LeftHandAnchor,-0.085,-0.495,0.174,0.0,20.9,15.5
2.27,RightHandAnchor,0.120,-0.070,0.424,28.4,359.7,0.0
2.27,Head,0.004,-0.006,0.016,5.9,4.1,359.8
2.32,LeftHandAnchor,-0.085,-0.495,0.174,0.1,20.9,15.4
2.32,RightHandAnchor,0.125,-0.061,0.424,48.0,351.5,354.6
2.32,Head,0.004,-0.006,0.015,6.0,4.3,359.8
2.38,LeftHandAnchor,-0.085,-0.496,0.174,360.0,20.9,15.5
2.38,RightHandAnchor,0.117,-0.070,0.400,44.3,359.9,353.2
2.38,Head,0.003,-0.006,0.014,5.8,4.2,0.0
2.43,LeftHandAnchor,-0.085,-0.496,0.174,359.9,21.0,15.5
2.43,RightHandAnchor,0.124,-0.077,0.402,39.4,1.5,346.9
2.43,Head,0.003,-0.006,0.013,5.7,4.2,0.1
2.49,LeftHandAnchor,-0.085,-0.496,0.174,359.9,21.0,15.6
2.49,RightHandAnchor,0.134,-0.086,0.407,40.9,0.2,350.6
2.49,Head,0.003,-0.006,0.012,5.5,4.4,359.9
2.55,LeftHandAnchor,-0.086,-0.496,0.174,359.8,21.0,15.7
2.55,RightHandAnchor,0.149,-0.100,0.411,46.2,3.7,351.4
2.55,Head,0.002,-0.006,0.010,5.4,4.9,0.1
2.60,LeftHandAnchor,-0.086,-0.496,0.174,359.6,21.1,15.6
2.60,RightHandAnchor,0.159,-0.118,0.410,48.3,4.4,353.3
2.60,Head,0.002,-0.006,0.009,5.4,5.2,0.3
2.66,LeftHandAnchor,-0.085,-0.496,0.173,359.5,21.1,15.8
2.66,RightHandAnchor,0.163,-0.133,0.405,51.1,9.3,354.7
2.66,Head,0.001,-0.006,0.007,5.4,5.1,0.3
2.71,LeftHandAnchor,-0.085,-0.496,0.173,359.5,21.1,15.8
2.71,RightHandAnchor,0.170,-0.162,0.402,52.6,10.8,356.1
2.71,Head,0.000,-0.006,0.006,5.1,4.9,0.2
2.77,LeftHandAnchor,-0.085,-0.496,0.173,359.4,21.0,15.9
2.77,RightHandAnchor,0.179,-0.191,0.398,55.7,8.6,356.6
2.77,Head,0.000,-0.005,0.005,4.6,4.7,0.2
2.82,LeftHandAnchor,-0.085,-0.496,0.173,359.3,21.0,16.0
2.82,RightHandAnchor,0.186,-0.221,0.396,57.6,9.5,356.9
2.82,Head,-0.001,-0.004,0.005,4.2,4.5,0.3
2.88,LeftHandAnchor,-0.086,-0.496,0.174,359.2,21.1,15.9
2.88,RightHandAnchor,0.191,-0.242,0.389,61.0,13.1,357.4
2.88,Head,-0.002,-0.004,0.006,4.1,4.4,0.3
2.93,LeftHandAnchor,-0.086,-0.496,0.173,359.1,21.1,16.0
2.93,RightHandAnchor,0.194,-0.259,0.385,62.8,14.6,358.3
2.93,Head,-0.001,-0.004,0.007,4.4,4.4,0.3
2.99,LeftHandAnchor,-0.085,-0.496,0.174,359.2,21.0,16.1
2.99,RightHandAnchor,0.204,-0.282,0.387,64.9,14.1,355.9
2.99,Head,-0.001,-0.005,0.008,4.7,4.6,0.4
3.05,LeftHandAnchor,-0.085,-0.496,0.174,359.2,21.0,16.2
3.05,RightHandAnchor,0.205,-0.293,0.384,67.9,13.5,355.2
3.05,Head,0.000,-0.005,0.009,4.9,4.7,0.3
3.10,LeftHandAnchor,-0.085,-0.496,0.174,359.2,21.0,16.3
3.10,RightHandAnchor,0.207,-0.300,0.377,68.5,12.1,353.6
3.10,Head,0.000,-0.005,0.009,5.0,4.7,0.3
3.16,LeftHandAnchor,-0.085,-0.496,0.174,359.2,21.0,16.3
3.16,RightHandAnchor,0.214,-0.319,0.376,71.3,5.4,347.2
3.16,Head,0.000,-0.005,0.010,5.0,4.7,0.3
3.21,LeftHandAnchor,-0.085,-0.496,0.174,359.2,21.0,16.4
3.21,RightHandAnchor,0.220,-0.333,0.366,72.1,4.0,344.2
3.21,Head,0.001,-0.006,0.010,5.0,4.9,0.4
3.27,LeftHandAnchor,-0.085,-0.496,0.174,359.1,21.0,16.4
3.27,RightHandAnchor,0.225,-0.352,0.359,72.9,5.3,344.6
3.27,Head,0.001,-0.006,0.010,5.1,5.2,0.4
3.32,LeftHandAnchor,-0.086,-0.496,0.174,359.1,21.0,16.4
3.32,RightHandAnchor,0.229,-0.369,0.352,74.0,6.3,345.1
3.32,Head,0.002,-0.006,0.010,5.0,5.6,0.5
3.38,LeftHandAnchor,-0.085,-0.497,0.174,359.0,21.0,16.4
3.38,RightHandAnchor,0.229,-0.381,0.339,75.7,16.9,354.5
3.38,Head,0.003,-0.006,0.011,5.2,5.8,0.5
3.43,LeftHandAnchor,-0.085,-0.497,0.174,359.0,21.0,16.4
3.43,RightHandAnchor,0.234,-0.405,0.340,78.3,30.5,8.2
3.43,Head,0.003,-0.006,0.011,5.4,5.7,0.4
3.49,LeftHandAnchor,-0.085,-0.497,0.174,359.0,21.0,16.4
3.49,RightHandAnchor,0.239,-0.422,0.332,79.9,42.5,20.6
3.49,Head,0.003,-0.006,0.012,5.4,5.4,0.4
3.55,LeftHandAnchor,-0.085,-0.498,0.174,359.0,21.0,16.4
3.55,RightHandAnchor,0.244,-0.446,0.326,82.4,45.8,25.0
3.55,Head,0.003,-0.006,0.012,5.3,5.1,0.4
3.60,LeftHandAnchor,-0.085,-0.498,0.174,358.9,21.0,16.3
3.60,RightHandAnchor,0.250,-0.455,0.315,82.6,46.8,24.2
3.60,Head,0.002,-0.006,0.012,5.2,4.7,0.4
3.66,LeftHandAnchor,-0.085,-0.498,0.174,358.8,20.9,16.3
3.66,RightHandAnchor,0.259,-0.475,0.309,82.9,46.3,23.6
3.66,Head,0.002,-0.006,0.012,5.0,4.3,0.3
3.71,LeftHandAnchor,-0.085,-0.498,0.174,358.8,20.9,16.3
3.71,RightHandAnchor,0.259,-0.482,0.300,82.8,49.7,27.7
3.71,Head,0.001,-0.005,0.011,4.6,3.9,0.4
3.77,LeftHandAnchor,-0.085,-0.498,0.174,358.8,21.0,16.3
3.77,RightHandAnchor,0.260,-0.489,0.289,82.7,50.9,28.1
3.77,Head,0.001,-0.004,0.011,4.3,3.6,0.4
3.83,LeftHandAnchor,-0.085,-0.498,0.174,358.9,21.0,16.4
3.83,RightHandAnchor,0.262,-0.492,0.281,85.3,47.4,19.1
3.83,Head,0.000,-0.004,0.011,4.0,3.4,0.5
3.88,LeftHandAnchor,-0.085,-0.497,0.174,359.4,20.9,16.9
3.88,RightHandAnchor,0.251,-0.477,0.265,85.0,33.6,6.0
3.88,Head,0.000,-0.004,0.010,3.9,3.4,0.5
3.93,LeftHandAnchor,-0.086,-0.496,0.174,359.4,20.9,16.9
3.93,RightHandAnchor,0.249,-0.473,0.258,85.6,34.3,6.3
3.93,Head,0.000,-0.003,0.010,3.7,3.4,0.3
3.99,LeftHandAnchor,-0.085,-0.495,0.174,359.9,20.9,16.8
3.99,RightHandAnchor,0.249,-0.482,0.255,86.3,78.1,46.2
3.99,Head,0.000,-0.003,0.010,3.5,3.4,0.3
4.05,LeftHandAnchor,-0.085,-0.495,0.174,0.0,20.9,16.8
4.05,RightHandAnchor,0.251,-0.494,0.247,86.2,75.7,44.1
4.05,Head,-0.001,-0.003,0.009,3.5,3.5,0.4
4.10,LeftHandAnchor,-0.085,-0.495,0.174,0.1,20.8,16.8
4.10,RightHandAnchor,0.253,-0.500,0.238,86.1,78.9,51.7
4.10,Head,-0.001,-0.003,0.009,3.5,3.4,0.4
4.16,LeftHandAnchor,-0.085,-0.494,0.173,0.1,20.8,16.8
4.16,RightHandAnchor,0.247,-0.509,0.240,81.5,131.7,106.0
4.16,Head,-0.001,-0.003,0.009,3.6,3.3,0.4
4.21,LeftHandAnchor,-0.085,-0.494,0.173,0.2,20.8,16.9
4.21,RightHandAnchor,0.248,-0.523,0.236,81.7,116.1,89.6
4.21,Head,-0.002,-0.003,0.008,3.6,3.1,0.4
4.27,LeftHandAnchor,-0.085,-0.493,0.173,0.4,20.7,16.8
4.27,RightHandAnchor,0.243,-0.538,0.233,81.1,119.3,94.6
4.27,Head,-0.002,-0.003,0.008,3.6,2.9,0.4
4.32,LeftHandAnchor,-0.085,-0.493,0.173,0.4,20.7,16.7
4.32,RightHandAnchor,0.242,-0.571,0.237,76.6,125.2,105.6
4.32,Head,-0.003,-0.003,0.008,3.6,2.8,0.4
4.38,LeftHandAnchor,-0.085,-0.493,0.173,0.6,20.7,16.6
4.38,RightHandAnchor,0.242,-0.591,0.234,72.2,107.8,88.1
4.38,Head,-0.003,-0.003,0.007,3.7,2.7,0.3
4.43,LeftHandAnchor,-0.085,-0.493,0.174,0.6,20.7,16.5
4.43,RightHandAnchor,0.243,-0.594,0.234,71.4,108.0,88.4
4.43,Head,-0.003,-0.003,0.007,3.9,2.8,0.1
4.49,LeftHandAnchor,-0.085,-0.493,0.173,0.7,20.7,16.6
4.49,RightHandAnchor,0.244,-0.597,0.234,70.5,109.4,90.7
4.49,Head,-0.003,-0.004,0.006,3.9,3.0,0.3
4.55,LeftHandAnchor,-0.085,-0.493,0.174,0.8,20.7,16.6
4.55,RightHandAnchor,0.247,-0.596,0.230,70.7,103.9,86.1
4.55,Head,-0.004,-0.004,0.006,3.9,2.9,0.4
4.60,LeftHandAnchor,-0.085,-0.493,0.174,0.8,20.7,16.5
4.60,RightHandAnchor,0.252,-0.594,0.215,71.3,86.6,68.8
4.60,Head,-0.004,-0.004,0.005,3.9,2.7,0.3
4.66,LeftHandAnchor,-0.086,-0.493,0.174,0.8,20.7,16.5
4.66,RightHandAnchor,0.256,-0.594,0.210,72.0,78.2,60.1
4.66,Head,-0.003,-0.004,0.005,3.9,2.8,0.1
4.71,LeftHandAnchor,-0.085,-0.493,0.174,0.9,20.7,16.5
4.71,RightHandAnchor,0.255,-0.594,0.204,72.2,79.6,61.8
4.71,Head,-0.003,-0.004,0.004,4.0,2.9,0.0
4.77,LeftHandAnchor,-0.085,-0.493,0.174,1.0,20.7,16.5
4.77,RightHandAnchor,0.260,-0.600,0.202,71.6,82.2,65.1
4.77,Head,-0.003,-0.004,0.004,4.0,2.9,359.9
4.82,LeftHandAnchor,-0.085,-0.493,0.174,1.0,20.7,16.4
4.82,RightHandAnchor,0.265,-0.605,0.199,71.5,82.1,64.7
4.82,Head,-0.002,-0.004,0.004,4.0,3.0,359.8
4.88,LeftHandAnchor,-0.085,-0.493,0.174,0.9,20.7,16.4
4.88,RightHandAnchor,0.266,-0.610,0.193,73.3,83.1,67.3
4.88,Head,-0.002,-0.004,0.004,4.0,3.0,359.8
4.94,LeftHandAnchor,-0.085,-0.494,0.174,0.9,20.7,16.3
4.94,RightHandAnchor,0.269,-0.614,0.194,73.8,91.2,73.3
4.94,Head,-0.002,-0.004,0.004,4.0,3.0,359.8
4.99,LeftHandAnchor,-0.085,-0.494,0.174,0.9,20.7,16.3
4.99,RightHandAnchor,0.274,-0.613,0.200,75.6,107.6,89.5
4.99,Head,-0.002,-0.004,0.004,3.9,3.0,359.8
5.05,LeftHandAnchor,-0.085,-0.493,0.174,0.8,20.7,16.4
5.05,RightHandAnchor,0.271,-0.613,0.200,74.4,107.3,86.3
5.05,Head,-0.002,-0.004,0.004,3.9,3.0,359.7
5.10,LeftHandAnchor,-0.085,-0.493,0.173,0.7,20.7,16.5
5.10,RightHandAnchor,0.270,-0.613,0.201,74.5,108.1,86.9
5.10,Head,-0.002,-0.004,0.004,3.9,2.9,359.7
5.16,LeftHandAnchor,-0.085,-0.493,0.173,0.7,20.7,16.5
5.16,RightHandAnchor,0.269,-0.613,0.200,74.3,105.7,84.4
5.16,Head,-0.002,-0.003,0.003,3.8,2.9,359.7
5.21,LeftHandAnchor,-0.085,-0.493,0.173,0.7,20.7,16.5
5.21,RightHandAnchor,0.270,-0.612,0.200,75.5,103.7,81.9
5.21,Head,-0.002,-0.003,0.004,3.8,2.9,359.8
5.27,LeftHandAnchor,-0.085,-0.493,0.173,0.8,20.7,16.5
5.27,RightHandAnchor,0.270,-0.611,0.197,76.5,94.2,71.7
5.27,Head,-0.002,-0.003,0.004,3.8,3.0,359.7
5.32,LeftHandAnchor,-0.085,-0.493,0.173,0.8,20.7,16.5
5.32,RightHandAnchor,0.271,-0.611,0.199,76.1,96.9,73.8
5.32,Head,-0.002,-0.003,0.004,3.8,3.0,359.8
5.38,LeftHandAnchor,-0.085,-0.493,0.173,0.8,20.7,16.4
5.38,RightHandAnchor,0.268,-0.609,0.202,74.6,96.5,73.4
5.38,Head,-0.002,-0.003,0.004,3.8,2.9,359.7
5.43,LeftHandAnchor,-0.085,-0.493,0.174,0.8,20.7,16.3
5.43,RightHandAnchor,0.266,-0.604,0.208,73.2,89.1,64.2
5.43,Head,-0.002,-0.003,0.004,3.7,2.7,359.8
5.49,LeftHandAnchor,-0.085,-0.493,0.174,0.8,20.7,16.3
5.49,RightHandAnchor,0.265,-0.599,0.220,73.0,88.1,63.0
5.49,Head,-0.003,-0.003,0.004,3.8,2.8,359.8
5.55,LeftHandAnchor,-0.085,-0.493,0.173,0.7,20.7,16.4
5.55,RightHandAnchor,0.263,-0.592,0.226,70.8,76.1,50.3
5.55,Head,-0.003,-0.003,0.005,3.6,2.8,359.9
5.60,LeftHandAnchor,-0.085,-0.493,0.174,0.6,20.8,16.4
5.60,RightHandAnchor,0.247,-0.578,0.250,67.1,61.7,38.8
5.60,Head,-0.003,-0.003,0.005,3.6,2.9,359.9
5.66,LeftHandAnchor,-0.085,-0.494,0.174,0.5,20.8,16.5
5.66,RightHandAnchor,0.240,-0.566,0.278,70.1,92.9,74.9
5.66,Head,-0.003,-0.003,0.005,3.6,3.0,359.9
5.71,LeftHandAnchor,-0.085,-0.493,0.174,0.5,20.8,16.6
5.71,RightHandAnchor,0.231,-0.557,0.298,69.7,96.6,77.5
5.71,Head,-0.003,-0.003,0.005,3.5,2.8,359.9
5.77,LeftHandAnchor,-0.085,-0.493,0.174,0.4,20.8,16.6
5.77,RightHandAnchor,0.224,-0.547,0.317,68.8,103.9,85.0
5.77,Head,-0.003,-0.003,0.005,3.5,2.6,359.7
5.82,LeftHandAnchor,-0.085,-0.493,0.174,0.4,20.9,16.6
5.82,RightHandAnchor,0.173,-0.270,0.319,45.8,7.6,3.7
5.82,Head,-0.003,-0.003,0.004,3.6,2.7,359.6
5.88,LeftHandAnchor,-0.085,-0.493,0.173,0.3,20.9,16.7
5.88,RightHandAnchor,0.156,-0.164,0.291,27.5,1.2,2.8
5.88,Head,-0.003,-0.003,0.004,3.7,3.0,359.6
5.93,LeftHandAnchor,-0.085,-0.493,0.173,0.3,20.8,16.8
5.93,RightHandAnchor,0.143,-0.113,0.290,10.2,356.8,0.0
5.93,Head,-0.002,-0.003,0.004,3.5,3.2,359.4
5.99,LeftHandAnchor,-0.086,-0.493,0.173,0.2,20.9,16.8
5.99,RightHandAnchor,0.136,-0.095,0.320,357.6,358.6,360.0
5.99,Head,-0.003,-0.002,0.004,3.2,3.1,359.4
6.05,LeftHandAnchor,-0.086,-0.493,0.173,359.9,20.9,17.1
6.05,RightHandAnchor,0.124,-0.088,0.361,350.8,359.8,359.6
6.05,Head,-0.003,-0.001,0.005,3.1,3.0,359.5
6.10,LeftHandAnchor,-0.086,-0.493,0.173,359.8,20.9,17.2
6.10,RightHandAnchor,0.114,-0.088,0.393,342.3,356.9,2.5
6.10,Head,-0.003,-0.001,0.005,3.1,2.9,359.7
6.16,LeftHandAnchor,-0.086,-0.494,0.173,359.8,21.0,17.1
6.16,RightHandAnchor,0.097,-0.097,0.418,339.2,357.0,358.8
6.16,Head,-0.003,-0.001,0.006,3.2,2.6,359.7
6.21,LeftHandAnchor,-0.086,-0.494,0.173,359.7,21.0,17.1
6.21,RightHandAnchor,0.094,-0.101,0.423,344.3,355.4,354.9
6.21,Head,-0.003,-0.002,0.006,3.3,2.4,359.7
6.27,LeftHandAnchor,-0.086,-0.493,0.173,359.8,20.9,17.2
6.27,RightHandAnchor,0.094,-0.108,0.428,348.5,353.5,352.0
6.27,Head,-0.003,-0.001,0.006,3.2,2.3,359.5
6.32,LeftHandAnchor,-0.086,-0.493,0.173,359.8,20.9,17.1
6.32,RightHandAnchor,0.093,-0.115,0.429,349.3,353.1,352.7
6.32,Head,-0.004,-0.001,0.006,3.2,2.4,359.5
6.38,LeftHandAnchor,-0.086,-0.493,0.173,359.8,21.0,17.2
6.38,RightHandAnchor,0.092,-0.124,0.431,349.4,353.1,352.8
6.38,Head,-0.004,-0.001,0.007,3.1,2.5,359.6
6.43,LeftHandAnchor,-0.086,-0.493,0.173,359.9,21.0,17.1
6.43,RightHandAnchor,0.092,-0.126,0.431,350.4,353.5,351.9
6.43,Head,-0.004,-0.001,0.006,3.1,2.6,359.7
6.49,LeftHandAnchor,-0.086,-0.492,0.173,0.0,21.0,17.0
6.49,RightHandAnchor,0.090,-0.126,0.430,352.7,354.3,350.9
6.49,Head,-0.003,-0.002,0.006,3.2,2.6,359.8
6.55,LeftHandAnchor,-0.086,-0.492,0.173,0.1,21.0,16.9
6.55,RightHandAnchor,0.086,-0.126,0.429,355.0,355.1,354.2
6.55,Head,-0.003,-0.002,0.006,3.3,2.6,359.7
6.60,LeftHandAnchor,-0.086,-0.493,0.173,0.0,21.1,16.7
6.60,RightHandAnchor,0.083,-0.124,0.429,355.7,355.3,357.5
6.60,Head,-0.003,-0.002,0.007,3.3,2.7,359.6
6.66,LeftHandAnchor,-0.086,-0.493,0.173,0.0,21.1,16.7
6.66,RightHandAnchor,0.076,-0.120,0.426,355.8,355.2,358.7
6.66,Head,-0.002,-0.002,0.006,3.5,2.9,359.4
6.71,LeftHandAnchor,-0.086,-0.493,0.173,0.0,21.1,16.6
6.71,RightHandAnchor,0.069,-0.113,0.422,355.4,355.4,357.8
6.71,Head,-0.001,-0.002,0.006,3.5,3.1,359.2
6.77,LeftHandAnchor,-0.086,-0.493,0.173,0.0,21.1,16.5
6.77,RightHandAnchor,0.064,-0.110,0.421,354.4,356.1,355.8
6.77,Head,-0.002,-0.002,0.006,3.5,3.1,359.3
6.82,LeftHandAnchor,-0.086,-0.493,0.173,0.0,21.1,16.5
6.82,RightHandAnchor,0.063,-0.110,0.421,353.8,356.5,354.1
6.82,Head,-0.002,-0.002,0.006,3.5,2.9,359.4
6.88,LeftHandAnchor,-0.086,-0.493,0.173,360.0,21.0,16.5
6.88,RightHandAnchor,0.063,-0.111,0.420,353.6,356.7,353.8
6.88,Head,-0.003,-0.002,0.007,3.5,2.8,359.5
6.94,LeftHandAnchor,-0.086,-0.493,0.173,359.9,21.0,16.5
6.94,RightHandAnchor,0.065,-0.112,0.419,353.6,356.9,354.0
6.94,Head,-0.003,-0.002,0.007,3.5,2.8,359.7
6.99,LeftHandAnchor,-0.086,-0.493,0.173,359.8,20.9,16.6
6.99,RightHandAnchor,0.068,-0.114,0.419,353.6,357.0,354.1
6.99,Head,-0.003,-0.002,0.008,3.6,2.8,359.7
7.05,LeftHandAnchor,-0.086,-0.494,0.173,359.7,20.9,16.8
7.05,RightHandAnchor,0.073,-0.115,0.417,353.7,357.0,354.1
7.05,Head,-0.003,-0.002,0.008,3.7,2.8,359.8
7.10,LeftHandAnchor,-0.085,-0.494,0.173,359.8,20.8,16.7
7.10,RightHandAnchor,0.076,-0.117,0.418,353.8,357.3,354.5
7.10,Head,-0.003,-0.003,0.008,3.7,2.8,359.7
7.16,LeftHandAnchor,-0.085,-0.493,0.173,359.9,20.9,16.7
7.16,RightHandAnchor,0.077,-0.118,0.418,353.7,357.7,354.9
7.16,Head,-0.002,-0.003,0.008,3.7,2.9,359.7
7.21,LeftHandAnchor,-0.085,-0.493,0.173,360.0,20.9,16.7
7.21,RightHandAnchor,0.078,-0.117,0.418,353.7,358.0,355.1
7.21,Head,-0.002,-0.003,0.008,3.7,3.0,359.6
7.27,LeftHandAnchor,-0.086,-0.492,0.172,360.0,20.9,16.7
7.27,RightHandAnchor,0.079,-0.117,0.418,353.7,358.0,355.1
7.27,Head,-0.002,-0.002,0.007,3.6,2.9,359.6
7.32,LeftHandAnchor,-0.086,-0.492,0.172,360.0,21.0,16.7
7.32,RightHandAnchor,0.079,-0.117,0.418,353.7,358.1,355.3
7.32,Head,-0.002,-0.002,0.007,3.6,2.9,359.6
7.38,LeftHandAnchor,-0.086,-0.492,0.172,359.9,21.0,16.7
7.38,RightHandAnchor,0.079,-0.117,0.417,353.8,358.1,355.3
7.38,Head,-0.002,-0.002,0.007,3.5,2.9,359.6
7.44,LeftHandAnchor,-0.085,-0.492,0.172,359.8,21.0,16.7
7.44,RightHandAnchor,0.079,-0.117,0.417,353.8,358.0,355.3
7.44,Head,-0.002,-0.002,0.007,3.5,2.9,359.6
7.49,LeftHandAnchor,-0.086,-0.492,0.172,359.8,21.0,16.7
7.49,RightHandAnchor,0.079,-0.116,0.417,353.8,358.0,355.3
7.49,Head,-0.002,-0.002,0.007,3.5,2.9,359.6
7.55,LeftHandAnchor,-0.086,-0.492,0.172,359.7,21.0,16.7
7.55,RightHandAnchor,0.079,-0.116,0.416,352.5,357.6,355.4
7.55,Head,-0.002,-0.002,0.007,3.5,2.9,359.7
7.60,LeftHandAnchor,-0.086,-0.492,0.172,359.7,21.0,16.6
7.60,RightHandAnchor,0.080,-0.116,0.416,349.2,355.9,355.5
7.60,Head,-0.002,-0.002,0.007,3.6,2.9,359.6
7.66,LeftHandAnchor,-0.086,-0.493,0.172,359.5,21.1,16.6
7.66,RightHandAnchor,0.082,-0.118,0.418,348.3,355.4,356.4
7.66,Head,-0.002,-0.002,0.008,3.7,2.9,359.6
7.71,LeftHandAnchor,-0.086,-0.493,0.172,359.5,21.1,16.8
7.71,RightHandAnchor,0.083,-0.119,0.419,348.5,355.5,356.4
7.71,Head,-0.002,-0.002,0.008,3.7,3.0,359.6
7.77,LeftHandAnchor,-0.086,-0.493,0.172,359.5,21.2,16.8
7.77,RightHandAnchor,0.083,-0.118,0.419,352.1,356.5,355.3
7.77,Head,-0.002,-0.002,0.008,3.7,3.0,359.5
7.82,LeftHandAnchor,-0.086,-0.493,0.172,359.5,21.1,16.8
7.82,RightHandAnchor,0.082,-0.117,0.418,354.1,357.2,355.6
7.82,Head,-0.002,-0.003,0.008,3.7,2.9,359.5
7.88,LeftHandAnchor,-0.086,-0.493,0.172,359.5,21.1,16.8
7.88,RightHandAnchor,0.082,-0.116,0.418,354.2,357.4,355.7
7.88,Head,-0.002,-0.003,0.008,3.7,2.8,359.5
7.94,LeftHandAnchor,-0.086,-0.493,0.172,359.6,21.1,16.8
7.94,RightHandAnchor,0.081,-0.116,0.417,354.2,357.4,355.8
7.94,Head,-0.002,-0.003,0.008,3.8,2.9,359.5
7.99,LeftHandAnchor,-0.086,-0.493,0.172,359.6,21.1,16.8
7.99,RightHandAnchor,0.081,-0.115,0.417,354.2,357.5,356.0
7.99,Head,-0.002,-0.002,0.008,3.7,3.0,359.5
8.05,LeftHandAnchor,-0.086,-0.494,0.173,359.5,21.1,16.7
8.05,RightHandAnchor,0.080,-0.114,0.416,354.1,357.5,356.1
8.05,Head,-0.002,-0.002,0.008,3.6,3.0,359.5
8.10,LeftHandAnchor,-0.086,-0.494,0.173,359.4,21.1,16.7
8.10,RightHandAnchor,0.078,-0.114,0.416,354.1,357.5,356.1
8.10,Head,-0.002,-0.002,0.007,3.6,3.0,359.5
8.16,LeftHandAnchor,-0.086,-0.494,0.172,359.4,21.1,16.7
8.16,RightHandAnchor,0.078,-0.113,0.416,354.0,357.5,356.3
8.16,Head,-0.002,-0.002,0.007,3.6,3.0,359.5
8.21,LeftHandAnchor,-0.086,-0.494,0.173,359.3,21.1,16.7
8.21,RightHandAnchor,0.077,-0.114,0.416,353.7,357.4,356.6
8.21,Head,-0.002,-0.002,0.007,3.6,3.0,359.5
8.27,LeftHandAnchor,-0.086,-0.494,0.173,359.3,21.1,16.7
8.27,RightHandAnchor,0.076,-0.114,0.415,353.5,357.4,356.8
8.27,Head,-0.002,-0.002,0.007,3.6,3.0,359.5
8.32,LeftHandAnchor,-0.086,-0.494,0.173,359.3,21.0,16.7
8.32,RightHandAnchor,0.076,-0.114,0.415,353.5,357.3,357.0
8.32,Head,-0.002,-0.002,0.008,3.6,2.9,359.6
8.38,LeftHandAnchor,-0.086,-0.495,0.173,359.2,21.0,16.7
8.38,RightHandAnchor,0.075,-0.114,0.415,353.4,357.3,357.0
8.38,Head,-0.002,-0.002,0.008,3.7,2.9,359.6
8.44,LeftHandAnchor,-0.086,-0.495,0.173,359.2,21.0,16.7
8.44,RightHandAnchor,0.074,-0.114,0.415,353.3,357.2,357.2
8.44,Head,-0.002,-0.002,0.008,3.7,3.0,359.6
8.49,LeftHandAnchor,-0.086,-0.495,0.173,359.3,20.9,16.7
8.49,RightHandAnchor,0.074,-0.115,0.415,353.2,357.2,357.1
8.49,Head,-0.002,-0.002,0.008,3.7,3.0,359.5
8.55,LeftHandAnchor,-0.086,-0.495,0.173,359.4,20.9,16.7
8.55,RightHandAnchor,0.074,-0.115,0.415,353.2,357.1,356.4
8.55,Head,-0.002,-0.002,0.008,3.7,3.0,359.5
8.60,LeftHandAnchor,-0.086,-0.495,0.173,359.3,21.0,16.7
8.60,RightHandAnchor,0.073,-0.115,0.415,353.9,357.1,354.6
8.60,Head,-0.002,-0.002,0.007,3.6,2.9,359.5
8.66,LeftHandAnchor,-0.086,-0.495,0.173,359.4,20.9,16.8
8.66,RightHandAnchor,0.073,-0.115,0.416,354.6,357.1,354.4
8.66,Head,-0.002,-0.002,0.007,3.6,3.0,359.5
8.71,LeftHandAnchor,-0.086,-0.494,0.173,359.6,20.9,16.8
8.71,RightHandAnchor,0.074,-0.116,0.417,356.3,357.1,354.8
8.71,Head,-0.002,-0.002,0.007,3.5,3.1,359.5
8.77,LeftHandAnchor,-0.086,-0.494,0.173,359.7,20.9,16.7
8.77,RightHandAnchor,0.074,-0.116,0.422,1.2,358.3,359.1
8.77,Head,-0.001,-0.002,0.006,3.5,3.2,359.5
8.82,LeftHandAnchor,-0.086,-0.494,0.173,359.8,20.8,16.7
8.82,RightHandAnchor,0.075,-0.109,0.430,14.7,0.3,4.7
8.82,Head,-0.001,-0.002,0.006,3.5,3.2,359.4
8.88,LeftHandAnchor,-0.086,-0.494,0.173,359.8,20.8,16.7
8.88,RightHandAnchor,0.072,-0.103,0.434,23.3,359.2,14.3
8.88,Head,-0.001,-0.002,0.006,3.4,3.2,359.3
8.93,LeftHandAnchor,-0.086,-0.494,0.173,359.8,20.8,16.7
8.93,RightHandAnchor,0.072,-0.099,0.431,38.0,356.7,14.1
8.93,Head,-0.001,-0.002,0.005,3.4,3.3,359.3
8.99,LeftHandAnchor,-0.086,-0.494,0.173,359.8,20.8,16.7
8.99,RightHandAnchor,0.074,-0.102,0.422,44.5,353.8,356.6
8.99,Head,-0.001,-0.002,0.005,3.3,3.3,359.4
9.05,LeftHandAnchor,-0.086,-0.494,0.173,359.6,20.8,16.6
9.05,RightHandAnchor,0.076,-0.108,0.425,47.4,351.6,351.2
9.05,Head,-0.002,-0.001,0.004,3.2,3.2,359.4
9.10,LeftHandAnchor,-0.086,-0.494,0.172,359.5,20.9,16.6
9.10,RightHandAnchor,0.076,-0.110,0.425,47.3,353.3,353.5
9.10,Head,-0.002,-0.001,0.004,3.1,3.0,359.4
9.16,LeftHandAnchor,-0.086,-0.494,0.173,359.4,20.9,16.7
9.16,RightHandAnchor,0.076,-0.112,0.424,46.1,358.8,357.9
9.16,Head,-0.002,-0.001,0.004,3.0,2.9,359.4
9.21,LeftHandAnchor,-0.086,-0.494,0.173,359.4,20.9,16.6
9.21,RightHandAnchor,0.075,-0.112,0.423,46.5,1.0,356.4
9.21,Head,-0.003,-0.001,0.004,3.2,2.9,359.5
9.27,LeftHandAnchor,-0.086,-0.494,0.173,359.4,20.8,16.6
9.27,RightHandAnchor,0.077,-0.117,0.421,46.8,1.0,356.8
9.27,Head,-0.003,-0.002,0.004,3.3,3.0,359.6
9.32,LeftHandAnchor,-0.086,-0.494,0.173,359.5,20.8,16.6
9.32,RightHandAnchor,0.080,-0.120,0.416,48.1,0.2,358.6
9.32,Head,-0.003,-0.002,0.003,3.2,3.1,359.6
9.38,LeftHandAnchor,-0.086,-0.494,0.173,359.4,20.8,16.6
9.38,RightHandAnchor,0.079,-0.126,0.413,48.3,0.7,358.4
9.38,Head,-0.003,-0.002,0.002,3.1,3.1,359.6
9.43,LeftHandAnchor,-0.086,-0.494,0.173,359.4,20.8,16.7
9.43,RightHandAnchor,0.080,-0.135,0.411,48.3,0.4,356.0
9.43,Head,-0.003,-0.001,0.002,2.8,3.1,359.6
9.49,LeftHandAnchor,-0.086,-0.494,0.173,359.6,20.7,16.7
9.49,RightHandAnchor,0.082,-0.144,0.407,49.3,358.3,354.5
9.49,Head,-0.003,-0.001,0.001,2.7,3.1,359.6
9.55,LeftHandAnchor,-0.086,-0.494,0.173,359.7,20.7,16.7
9.55,RightHandAnchor,0.082,-0.152,0.405,50.6,356.4,354.2
9.55,Head,-0.004,-0.001,0.001,2.7,3.1,359.6
9.60,LeftHandAnchor,-0.086,-0.494,0.173,359.8,20.7,16.6
9.60,RightHandAnchor,0.083,-0.165,0.402,51.6,356.5,352.8
9.60,Head,-0.004,-0.001,0.001,2.8,3.1,359.7
9.66,LeftHandAnchor,-0.086,-0.493,0.173,359.8,20.6,16.6
9.66,RightHandAnchor,0.087,-0.189,0.405,53.0,355.8,351.7
9.66,Head,-0.005,-0.001,0.001,2.8,3.0,359.8
9.71,LeftHandAnchor,-0.086,-0.493,0.172,359.8,20.6,16.7
9.71,RightHandAnchor,0.097,-0.206,0.405,58.5,351.8,345.3
9.71,Head,-0.005,-0.001,0.001,2.8,3.1,359.9
9.77,LeftHandAnchor,-0.086,-0.493,0.172,359.8,20.6,16.7
9.77,RightHandAnchor,0.101,-0.220,0.403,59.9,352.5,346.3
9.77,Head,-0.005,-0.001,0.001,2.8,3.1,0.0
9.82,LeftHandAnchor,-0.086,-0.493,0.172,359.8,20.6,16.8
9.82,RightHandAnchor,0.108,-0.233,0.399,61.5,355.4,345.1
9.82,Head,-0.005,-0.002,0.001,2.7,3.1,0.0
9.88,LeftHandAnchor,-0.086,-0.493,0.173,359.9,20.5,16.9
9.88,RightHandAnchor,0.110,-0.241,0.395,62.0,355.6,345.6
9.88,Head,-0.005,-0.001,0.001,2.8,3.2,359.9
9.94,LeftHandAnchor,-0.086,-0.493,0.173,359.9,20.5,17.1
9.94,RightHandAnchor,0.114,-0.257,0.397,62.6,356.0,346.1
9.94,Head,-0.005,-0.001,0.001,2.7,3.1,359.9
9.99,LeftHandAnchor,-0.086,-0.494,0.172,359.9,20.5,17.3
9.99,RightHandAnchor,0.121,-0.271,0.394,63.1,356.2,346.4
9.99,Head,-0.005,-0.002,0.002,2.8,3.0,359.8
10.05,LeftHandAnchor,-0.086,-0.494,0.172,359.8,20.6,17.3
10.05,RightHandAnchor,0.120,-0.285,0.393,65.7,3.1,352.3
10.05,Head,-0.005,-0.002,0.002,2.8,3.1,359.8
10.10,LeftHandAnchor,-0.086,-0.494,0.172,359.7,20.7,17.3
10.10,RightHandAnchor,0.127,-0.297,0.388,67.2,4.2,352.6
10.10,Head,-0.005,-0.001,0.002,2.8,3.1,359.9
10.16,LeftHandAnchor,-0.086,-0.494,0.173,359.6,20.7,17.3
10.16,RightHandAnchor,0.136,-0.313,0.385,67.7,4.2,352.7
10.16,Head,-0.005,-0.001,0.003,2.7,3.0,359.9
10.21,LeftHandAnchor,-0.086,-0.494,0.172,359.5,20.8,17.2
10.21,RightHandAnchor,0.142,-0.331,0.381,68.1,4.3,352.8
10.21,Head,-0.005,-0.001,0.004,2.4,2.9,0.1
10.27,LeftHandAnchor,-0.086,-0.493,0.172,359.6,20.7,17.4
10.27,RightHandAnchor,0.148,-0.342,0.378,67.8,4.8,353.5
10.27,Head,-0.005,-0.001,0.005,2.4,2.8,0.2
10.32,LeftHandAnchor,-0.086,-0.493,0.172,359.8,20.7,17.5
10.32,RightHandAnchor,0.155,-0.351,0.372,66.1,5.0,354.7
10.32,Head,-0.005,-0.001,0.006,2.8,2.8,0.2
10.38,LeftHandAnchor,-0.086,-0.493,0.172,359.8,20.6,17.5
10.38,RightHandAnchor,0.162,-0.357,0.366,66.6,2.5,352.1
10.38,Head,-0.005,-0.002,0.007,3.2,3.0,0.3
10.43,LeftHandAnchor,-0.086,-0.493,0.173,0.1,20.6,17.3
10.43,RightHandAnchor,0.169,-0.359,0.367,65.3,354.3,341.7
10.43,Head,-0.005,-0.002,0.008,3.5,3.1,0.3
10.49,LeftHandAnchor,-0.085,-0.493,0.173,0.1,20.5,17.3
10.49,RightHandAnchor,0.178,-0.364,0.374,63.3,343.9,323.9
10.49,Head,-0.005,-0.003,0.009,3.5,2.9,0.3
10.55,LeftHandAnchor,-0.085,-0.493,0.173,0.1,20.5,17.3
10.55,RightHandAnchor,0.179,-0.371,0.374,67.2,342.6,323.4
10.55,Head,-0.004,-0.003,0.009,3.8,2.9,0.2
10.60,LeftHandAnchor,-0.086,-0.493,0.173,0.1,20.5,17.4
10.60,RightHandAnchor,0.189,-0.380,0.369,71.3,342.4,320.1
10.60,Head,-0.004,-0.003,0.009,3.8,3.1,0.1
10.66,LeftHandAnchor,-0.086,-0.493,0.173,0.1,20.4,17.4
10.66,RightHandAnchor,0.194,-0.389,0.365,73.7,355.0,335.6
10.66,Head,-0.004,-0.003,0.009,3.7,3.2,0.1
10.71,LeftHandAnchor,-0.085,-0.494,0.173,0.1,20.4,17.4
10.71,RightHandAnchor,0.192,-0.394,0.358,73.7,7.2,354.1
10.71,Head,-0.004,-0.003,0.008,3.7,3.0,0.1
10.77,LeftHandAnchor,-0.086,-0.494,0.173,0.0,20.4,17.4
10.77,RightHandAnchor,0.193,-0.409,0.349,75.3,18.3,6.9
10.77,Head,-0.004,-0.003,0.009,3.6,2.7,0.2
10.82,LeftHandAnchor,-0.085,-0.493,0.173,0.1,20.4,17.5
10.82,RightHandAnchor,0.201,-0.429,0.348,79.8,35.5,21.5
10.82,Head,-0.004,-0.003,0.009,3.8,2.8,0.1
10.88,LeftHandAnchor,-0.085,-0.493,0.173,0.1,20.4,17.4
10.88,RightHandAnchor,0.217,-0.444,0.345,80.9,38.7,24.1
10.88,Head,-0.004,-0.003,0.009,3.8,2.9,0.2
10.93,LeftHandAnchor,-0.085,-0.493,0.173,0.1,20.3,17.4
10.93,RightHandAnchor,0.220,-0.448,0.343,81.8,50.4,35.0
10.93,Head,-0.004,-0.003,0.010,3.8,2.9,0.2
10.99,LeftHandAnchor,-0.085,-0.493,0.173,0.1,20.3,17.4
10.99,RightHandAnchor,0.219,-0.457,0.339,82.1,66.7,52.5
10.99,Head,-0.004,-0.003,0.010,3.9,2.7,0.2
11.05,LeftHandAnchor,-0.085,-0.493,0.172,0.1,20.2,17.4
11.05,RightHandAnchor,0.222,-0.467,0.331,81.3,86.6,71.7
11.05,Head,-0.004,-0.004,0.011,4.0,2.8,0.2
11.10,LeftHandAnchor,-0.085,-0.493,0.172,0.1,20.2,17.4
11.10,RightHandAnchor,0.230,-0.478,0.321,81.2,85.6,70.7
11.10,Head,-0.004,-0.003,0.011,3.9,2.7,0.2
11.16,LeftHandAnchor,-0.085,-0.493,0.173,0.2,20.1,17.4
11.16,RightHandAnchor,0.237,-0.489,0.310,80.3,79.3,61.4
11.16,Head,-0.004,-0.003,0.011,3.9,2.7,0.1
11.21,LeftHandAnchor,-0.085,-0.493,0.172,0.3,20.1,17.4
11.21,RightHandAnchor,0.237,-0.491,0.305,80.3,80.0,62.2
11.21,Head,-0.003,-0.003,0.011,4.0,2.8,359.9
11.27,LeftHandAnchor,-0.085,-0.493,0.172,0.4,20.1,17.4
11.27,RightHandAnchor,0.236,-0.491,0.300,80.4,81.1,63.4
11.27,Head,-0.003,-0.004,0.010,4.2,3.0,359.7
11.32,LeftHandAnchor,-0.085,-0.493,0.172,0.4,20.1,17.4
11.32,RightHandAnchor,0.237,-0.497,0.298,78.2,74.5,51.0
11.32,Head,-0.002,-0.004,0.010,4.2,3.1,359.5
11.38,LeftHandAnchor,-0.085,-0.493,0.173,0.4,20.2,17.3
11.38,RightHandAnchor,0.232,-0.487,0.301,77.3,66.7,43.4
11.38,Head,-0.002,-0.004,0.009,4.0,3.0,359.6
11.43,LeftHandAnchor,-0.085,-0.493,0.173,0.5,20.2,17.2
11.43,RightHandAnchor,0.226,-0.482,0.304,76.2,57.3,36.2
11.43,Head,-0.002,-0.004,0.008,4.1,3.0,359.5
11.50,LeftHandAnchor,-0.085,-0.493,0.173,0.5,20.2,17.1
11.50,RightHandAnchor,0.221,-0.478,0.303,75.4,54.5,34.5
11.50,Head,-0.003,-0.004,0.007,4.0,3.0,359.5
11.55,LeftHandAnchor,-0.085,-0.493,0.173,0.5,20.3,17.0
11.55,RightHandAnchor,0.220,-0.481,0.305,75.4,53.4,32.3
11.55,Head,-0.003,-0.003,0.007,3.8,2.8,359.6
11.60,LeftHandAnchor,-0.085,-0.493,0.173,0.5,20.3,17.0
11.60,RightHandAnchor,0.220,-0.482,0.306,76.4,49.0,28.8
11.60,Head,-0.004,-0.003,0.007,3.7,2.8,359.6
11.66,LeftHandAnchor,-0.085,-0.493,0.173,0.4,20.3,16.9
11.66,RightHandAnchor,0.222,-0.483,0.306,77.2,46.1,27.1
11.66,Head,-0.004,-0.003,0.007,3.6,2.9,359.7
11.71,LeftHandAnchor,-0.086,-0.493,0.172,0.3,20.2,17.2
11.71,RightHandAnchor,0.220,-0.483,0.301,76.8,44.7,26.0
11.71,Head,-0.004,-0.003,0.007,3.6,2.8,359.7
11.77,LeftHandAnchor,-0.086,-0.493,0.173,0.3,20.3,17.2
11.77,RightHandAnchor,0.221,-0.484,0.298,76.7,43.2,24.7
11.77,Head,-0.004,-0.003,0.007,3.6,2.7,359.7
11.82,LeftHandAnchor,-0.086,-0.493,0.173,0.2,20.3,17.3
11.82,RightHandAnchor,0.221,-0.485,0.296,77.5,43.7,25.6
11.82,Head,-0.004,-0.003,0.007,3.7,2.7,359.8
11.88,LeftHandAnchor,-0.086,-0.493,0.172,0.0,20.3,17.4
11.88,RightHandAnchor,0.221,-0.487,0.296,80.1,55.1,37.2
11.88,Head,-0.004,-0.003,0.007,3.7,2.7,359.8
11.93,LeftHandAnchor,-0.086,-0.493,0.172,359.9,20.4,17.4
11.93,RightHandAnchor,0.223,-0.495,0.297,81.2,72.5,53.2
11.93,Head,-0.004,-0.003,0.007,3.7,2.8,359.7
11.99,LeftHandAnchor,-0.086,-0.493,0.172,360.0,20.4,17.4
11.99,RightHandAnchor,0.224,-0.499,0.295,80.0,75.4,54.2
11.99,Head,-0.004,-0.003,0.007,3.7,2.8,359.6
12.05,LeftHandAnchor,-0.086,-0.493,0.172,360.0,20.4,17.4
12.05,RightHandAnchor,0.224,-0.501,0.294,78.4,78.4,55.7
12.05,Head,-0.003,-0.003,0.007,3.8,2.8,359.6
12.10,LeftHandAnchor,-0.086,-0.492,0.172,359.9,20.4,17.5
12.10,RightHandAnchor,0.224,-0.501,0.293,78.3,82.3,58.4
12.10,Head,-0.003,-0.003,0.007,3.9,2.9,359.4
12.16,LeftHandAnchor,-0.086,-0.492,0.172,359.9,20.3,17.5
12.16,RightHandAnchor,0.225,-0.501,0.292,78.5,83.0,58.8
12.16,Head,-0.003,-0.003,0.006,3.8,3.2,358.5
12.21,LeftHandAnchor,-0.086,-0.492,0.172,359.9,20.3,17.4
12.21,RightHandAnchor,0.224,-0.499,0.292,79.1,82.9,58.9
12.21,Head,-0.003,-0.001,0.005,2.7,3.3,357.6
12.27,LeftHandAnchor,-0.086,-0.493,0.172,359.8,20.3,17.5
12.27,RightHandAnchor,0.231,-0.502,0.289,81.1,79.7,56.4
12.27,Head,-0.002,0.000,0.003,1.7,3.4,357.3
12.32,LeftHandAnchor,-0.086,-0.493,0.172,359.6,20.3,17.3
12.32,RightHandAnchor,0.248,-0.507,0.283,83.9,50.1,27.9
12.32,Head,-0.002,0.001,0.001,1.0,3.4,357.4
12.38,LeftHandAnchor,-0.086,-0.494,0.172,359.5,20.4,17.0
12.38,RightHandAnchor,0.262,-0.525,0.269,78.2,23.0,356.5
12.38,Head,-0.002,0.001,-0.001,0.7,3.2,357.7
12.43,LeftHandAnchor,-0.086,-0.494,0.172,359.2,20.6,17.0
12.43,RightHandAnchor,0.269,-0.532,0.250,68.5,18.4,346.6
12.43,Head,-0.002,0.001,-0.002,0.7,3.1,357.7
12.49,LeftHandAnchor,-0.086,-0.495,0.173,358.9,20.8,16.9
12.49,RightHandAnchor,0.263,-0.544,0.240,68.7,28.7,356.5
12.49,Head,-0.002,0.001,-0.002,0.7,3.1,357.8
12.55,LeftHandAnchor,-0.086,-0.495,0.172,358.8,20.9,16.8
12.55,RightHandAnchor,0.268,-0.551,0.242,75.8,60.3,26.6
12.55,Head,-0.002,0.001,-0.003,0.7,3.3,357.7
12.60,LeftHandAnchor,-0.086,-0.495,0.172,358.7,20.9,16.9
12.60,RightHandAnchor,0.272,-0.556,0.240,80.8,80.4,49.8
12.60,Head,-0.001,0.002,-0.002,0.5,3.5,357.7
12.66,LeftHandAnchor,-0.086,-0.495,0.172,358.7,20.9,16.8
12.66,RightHandAnchor,0.269,-0.555,0.236,80.7,78.1,51.5
12.66,Head,-0.001,0.002,-0.002,0.6,3.7,357.8
12.71,LeftHandAnchor,-0.086,-0.495,0.172,358.5,20.9,16.8
12.71,RightHandAnchor,0.268,-0.555,0.230,82.3,73.4,49.2
12.71,Head,-0.001,0.002,-0.001,0.8,3.6,357.8
12.77,LeftHandAnchor,-0.087,-0.495,0.173,358.6,20.9,16.8
12.77,RightHandAnchor,0.268,-0.555,0.228,82.9,42.3,20.3
12.77,Head,-0.002,0.001,0.000,1.1,3.4,357.9
12.82,LeftHandAnchor,-0.087,-0.496,0.173,358.5,21.0,16.9
12.82,RightHandAnchor,0.268,-0.556,0.228,84.1,40.6,19.7
12.82,Head,-0.002,0.001,0.000,1.3,3.3,357.9
12.88,LeftHandAnchor,-0.087,-0.496,0.173,358.5,21.0,16.9
12.88,RightHandAnchor,0.267,-0.557,0.228,82.3,44.9,21.6
12.88,Head,-0.002,0.000,0.000,1.3,3.3,358.1
12.93,LeftHandAnchor,-0.087,-0.496,0.173,358.4,21.0,16.9
12.93,RightHandAnchor,0.266,-0.564,0.228,81.6,60.5,35.3
12.93,Head,-0.002,0.000,0.000,1.3,3.3,358.2
12.99,LeftHandAnchor,-0.087,-0.496,0.173,358.4,21.0,16.9
12.99,RightHandAnchor,0.268,-0.568,0.233,82.2,67.0,41.0
12.99,Head,-0.003,0.001,-0.001,1.2,3.4,358.2
13.05,LeftHandAnchor,-0.087,-0.497,0.173,358.3,21.0,16.9
13.05,RightHandAnchor,0.270,-0.570,0.232,82.3,58.7,33.6
13.05,Head,-0.003,0.001,-0.001,1.1,3.4,358.2
13.10,LeftHandAnchor,-0.087,-0.497,0.173,358.3,20.9,16.9
13.10,RightHandAnchor,0.271,-0.572,0.231,83.1,62.4,35.7
13.10,Head,-0.003,0.001,-0.001,1.1,3.3,358.2
13.16,LeftHandAnchor,-0.087,-0.496,0.173,358.3,20.9,16.9
13.16,RightHandAnchor,0.272,-0.572,0.231,82.5,61.8,34.2
13.16,Head,-0.003,0.001,-0.001,1.2,3.3,358.2
13.21,LeftHandAnchor,-0.087,-0.496,0.173,358.3,20.9,16.9
13.21,RightHandAnchor,0.272,-0.573,0.231,81.6,54.2,27.0
13.21,Head,-0.003,0.001,-0.001,1.2,3.3,358.2
13.27,LeftHandAnchor,-0.087,-0.496,0.173,358.2,20.9,16.9
13.27,RightHandAnchor,0.273,-0.575,0.231,81.4,54.7,26.9
13.27,Head,-0.003,0.001,-0.001,1.1,3.3,358.2
13.32,LeftHandAnchor,-0.087,-0.496,0.173,358.2,20.9,16.9
13.32,RightHandAnchor,0.273,-0.579,0.232,81.7,56.1,28.7
13.32,Head,-0.003,0.001,0.000,1.2,3.3,358.2
13.38,LeftHandAnchor,-0.086,-0.496,0.173,358.3,20.9,16.8
13.38,RightHandAnchor,0.272,-0.580,0.233,81.9,58.1,30.5
13.38,Head,-0.003,0.001,0.000,1.2,3.3,358.2
13.43,LeftHandAnchor,-0.086,-0.495,0.173,358.3,20.8,16.8
13.43,RightHandAnchor,0.272,-0.581,0.233,81.9,60.9,33.1
13.43,Head,-0.003,0.000,0.000,1.3,3.3,358.2
13.49,LeftHandAnchor,-0.086,-0.496,0.173,358.2,20.9,16.7
13.49,RightHandAnchor,0.272,-0.582,0.233,82.1,60.8,32.6
13.49,Head,-0.003,0.000,0.000,1.3,3.3,358.2
13.55,LeftHandAnchor,-0.086,-0.496,0.173,358.2,20.9,16.7
13.55,RightHandAnchor,0.272,-0.582,0.233,82.2,63.1,35.0
13.55,Head,-0.003,0.000,0.000,1.3,3.2,358.2
13.60,LeftHandAnchor,-0.086,-0.497,0.173,358.2,20.8,16.7
13.60,RightHandAnchor,0.271,-0.583,0.231,82.5,52.1,26.0
13.60,Head,-0.003,0.000,-0.001,1.2,3.2,358.2
13.66,LeftHandAnchor,-0.086,-0.497,0.174,358.2,20.9,16.7
13.66,RightHandAnchor,0.267,-0.580,0.228,82.0,52.2,26.0
13.66,Head,-0.003,0.000,-0.001,1.1,3.3,358.2
13.71,LeftHandAnchor,-0.086,-0.497,0.173,358.2,20.9,16.7
13.71,RightHandAnchor,0.266,-0.580,0.228,81.9,52.6,26.6
13.71,Head,-0.003,0.001,-0.001,1.1,3.3,358.2
13.77,LeftHandAnchor,-0.086,-0.497,0.173,358.3,20.9,16.7
13.77,RightHandAnchor,0.266,-0.579,0.229,81.8,57.0,30.0
13.77,Head,-0.003,0.000,-0.001,1.2,3.3,358.2
13.82,LeftHandAnchor,-0.086,-0.496,0.173,358.3,20.8,16.7
13.82,RightHandAnchor,0.266,-0.579,0.229,81.8,62.4,34.5
13.82,Head,-0.003,0.000,-0.001,1.2,3.3,358.2
13.88,LeftHandAnchor,-0.086,-0.496,0.173,358.3,20.8,16.7
13.88,RightHandAnchor,0.266,-0.579,0.229,81.9,62.7,34.7
13.88,Head,-0.003,0.000,-0.001,1.2,3.3,358.2
13.93,LeftHandAnchor,-0.086,-0.496,0.173,358.3,20.8,16.8
13.93,RightHandAnchor,0.266,-0.579,0.229,81.8,65.4,36.6
13.93,Head,-0.002,0.000,-0.001,1.2,3.3,358.1
13.99,LeftHandAnchor,-0.086,-0.496,0.173,358.2,20.8,16.8
13.99,RightHandAnchor,0.264,-0.579,0.228,81.6,69.3,39.9
13.99,Head,-0.002,0.000,-0.001,1.2,3.2,358.1
14.05,LeftHandAnchor,-0.086,-0.496,0.173,358.2,20.8,16.9
14.05,RightHandAnchor,0.264,-0.578,0.228,81.3,85.1,53.8
14.05,Head,-0.002,0.000,-0.001,1.3,3.2,358.1
14.10,LeftHandAnchor,-0.086,-0.496,0.173,358.2,20.8,16.9
14.10,RightHandAnchor,0.262,-0.577,0.229,80.9,82.4,51.9
14.10,Head,-0.003,0.000,-0.001,1.3,3.3,358.1
14.16,LeftHandAnchor,-0.087,-0.496,0.173,358.1,20.9,16.9
14.16,RightHandAnchor,0.263,-0.577,0.230,80.8,82.4,51.9
14.16,Head,-0.003,0.000,-0.001,1.3,3.2,358.0
14.21,LeftHandAnchor,-0.087,-0.497,0.173,358.0,21.0,16.9
14.21,RightHandAnchor,0.261,-0.577,0.245,76.5,95.5,67.3
14.21,Head,-0.003,0.000,-0.001,1.4,3.1,357.6
14.27,LeftHandAnchor,-0.087,-0.496,0.173,358.0,21.0,17.0
14.27,RightHandAnchor,0.254,-0.577,0.250,72.7,94.1,65.9
14.27,Head,-0.003,0.000,-0.001,1.4,3.2,357.4
14.32,LeftHandAnchor,-0.087,-0.496,0.173,358.1,21.1,17.0
14.32,RightHandAnchor,0.247,-0.570,0.261,70.0,84.1,53.1
14.32,Head,-0.001,-0.001,-0.001,1.6,3.6,357.3
14.38,LeftHandAnchor,-0.087,-0.496,0.173,358.3,21.2,16.9
14.38,RightHandAnchor,0.240,-0.563,0.261,68.5,86.3,53.7
14.38,Head,0.000,-0.001,-0.002,1.9,4.1,357.3
14.43,LeftHandAnchor,-0.087,-0.495,0.174,358.6,21.1,16.9
14.43,RightHandAnchor,0.139,-0.288,0.247,44.4,10.1,25.7
14.43,Head,0.001,-0.002,-0.003,2.1,4.6,357.1
14.49,LeftHandAnchor,-0.086,-0.495,0.173,358.6,21.0,16.9
14.49,RightHandAnchor,0.125,-0.230,0.261,23.9,4.2,20.5
14.49,Head,0.002,-0.002,-0.004,2.1,4.9,356.9
14.55,LeftHandAnchor,-0.086,-0.495,0.173,358.7,21.0,16.9
14.55,RightHandAnchor,0.100,-0.175,0.273,8.8,1.2,14.6
14.55,Head,0.002,-0.002,-0.005,1.9,5.0,356.8
14.60,LeftHandAnchor,-0.086,-0.495,0.173,358.6,21.0,17.0
14.60,RightHandAnchor,0.081,-0.148,0.270,347.8,355.2,4.1
14.60,Head,0.002,-0.001,-0.006,1.5,4.9,356.7
14.66,LeftHandAnchor,-0.087,-0.495,0.173,358.6,21.0,16.9
14.66,RightHandAnchor,0.052,-0.146,0.306,337.1,0.4,348.8
14.66,Head,0.001,0.000,-0.006,1.3,4.9,356.7
14.71,LeftHandAnchor,-0.087,-0.495,0.173,358.7,21.0,16.8
14.71,RightHandAnchor,0.032,-0.158,0.388,332.3,358.1,356.9
14.71,Head,0.001,0.001,-0.005,1.0,4.7,356.8
14.77,LeftHandAnchor,-0.087,-0.495,0.173,358.6,21.0,16.5
14.77,RightHandAnchor,0.030,-0.166,0.422,335.9,351.5,359.4
14.77,Head,0.001,0.002,-0.004,0.8,4.4,356.9
14.82,LeftHandAnchor,-0.087,-0.495,0.173,358.5,20.9,16.5
14.82,RightHandAnchor,0.022,-0.162,0.432,346.0,351.8,356.7
14.82,Head,0.001,0.002,-0.002,1.0,4.3,357.0
14.88,LeftHandAnchor,-0.087,-0.495,0.173,358.5,20.9,16.6
14.88,RightHandAnchor,0.018,-0.163,0.437,352.5,353.1,356.9
14.88,Head,0.001,0.001,-0.001,1.6,4.1,356.9
14.93,LeftHandAnchor,-0.087,-0.495,0.172,358.4,20.9,16.6
14.93,RightHandAnchor,0.015,-0.166,0.435,354.1,353.9,355.6
14.93,Head,0.000,0.000,0.000,2.0,4.0,356.6
14.99,LeftHandAnchor,-0.087,-0.495,0.172,358.4,21.0,16.6
14.99,RightHandAnchor,0.005,-0.164,0.429,356.1,355.1,355.6
14.99,Head,-0.001,0.000,0.000,2.1,4.0,356.8
15.05,LeftHandAnchor,-0.088,-0.495,0.172,358.3,20.9,16.8
15.05,RightHandAnchor,-0.003,-0.158,0.420,357.6,355.2,353.9
15.05,Head,-0.001,0.000,0.000,2.0,3.9,357.0
15.10,LeftHandAnchor,-0.088,-0.495,0.172,358.2,20.9,16.8
15.10,RightHandAnchor,-0.005,-0.156,0.416,357.3,354.9,354.4
15.10,Head,-0.001,0.000,0.000,1.8,3.9,356.9
15.16,LeftHandAnchor,-0.087,-0.495,0.172,358.4,20.9,16.8
15.16,RightHandAnchor,-0.005,-0.157,0.415,356.4,354.4,356.1
15.16,Head,-0.002,0.000,0.000,1.7,3.9,356.9
15.21,LeftHandAnchor,-0.087,-0.494,0.172,358.3,20.9,16.8
15.21,RightHandAnchor,-0.005,-0.157,0.414,356.3,354.5,355.9
15.21,Head,-0.002,0.001,0.001,1.7,4.0,356.9
15.27,LeftHandAnchor,-0.087,-0.495,0.172,358.3,20.9,16.9
15.27,RightHandAnchor,-0.003,-0.157,0.415,356.3,354.4,355.9
15.27,Head,-0.003,0.001,0.002,1.8,3.8,356.9
15.32,LeftHandAnchor,-0.087,-0.495,0.172,358.2,20.9,16.9
15.32,RightHandAnchor,0.001,-0.155,0.415,356.1,354.5,355.9
15.32,Head,-0.004,0.000,0.004,2.0,3.8,357.1
15.38,LeftHandAnchor,-0.087,-0.496,0.172,358.1,20.8,17.0
15.38,RightHandAnchor,0.010,-0.153,0.414,355.0,353.6,355.5
15.38,Head,-0.004,0.000,0.005,2.3,3.8,357.5
15.43,LeftHandAnchor,-0.087,-0.496,0.172,358.1,20.8,17.1
15.43,RightHandAnchor,0.012,-0.153,0.414,354.4,353.4,354.2
15.43,Head,-0.005,-0.001,0.006,2.6,3.6,357.8
15.49,LeftHandAnchor,-0.087,-0.496,0.172,358.1,20.8,17.0
15.49,RightHandAnchor,0.012,-0.153,0.414,354.1,353.9,353.8
15.49,Head,-0.006,-0.001,0.006,2.9,3.4,358.1
15.55,LeftHandAnchor,-0.087,-0.496,0.172,358.1,20.8,17.1
15.55,RightHandAnchor,0.013,-0.154,0.414,354.0,353.9,353.6
15.55,Head,-0.007,-0.002,0.007,3.1,3.2,358.2
15.60,LeftHandAnchor,-0.087,-0.496,0.172,358.2,20.9,17.1
15.60,RightHandAnchor,0.015,-0.155,0.415,353.9,354.4,352.4
15.60,Head,-0.007,-0.002,0.007,3.1,3.2,358.3
15.66,LeftHandAnchor,-0.087,-0.496,0.173,358.3,20.9,17.1
15.66,RightHandAnchor,0.016,-0.155,0.414,354.6,355.2,351.4
15.66,Head,-0.007,-0.002,0.007,3.1,3.2,358.5
15.71,LeftHandAnchor,-0.087,-0.496,0.172,358.3,20.9,17.2
15.71,RightHandAnchor,0.016,-0.154,0.415,354.7,355.1,351.4
15.71,Head,-0.007,-0.002,0.007,3.1,3.2,358.5
15.77,LeftHandAnchor,-0.087,-0.496,0.172,358.2,20.9,17.3
15.77,RightHandAnchor,0.018,-0.154,0.415,354.7,355.0,351.7
15.77,Head,-0.007,-0.002,0.007,3.2,3.1,358.5
15.82,LeftHandAnchor,-0.087,-0.496,0.173,358.3,21.0,17.2
15.82,RightHandAnchor,0.018,-0.153,0.414,355.0,354.4,353.9
15.82,Head,-0.007,-0.002,0.007,3.1,3.2,358.4
15.88,LeftHandAnchor,-0.087,-0.496,0.173,358.3,21.0,17.3
15.88,RightHandAnchor,0.019,-0.150,0.415,355.8,354.2,356.3
15.88,Head,-0.006,-0.002,0.007,3.0,3.2,358.4
15.94,LeftHandAnchor,-0.087,-0.496,0.173,358.2,21.0,17.3
15.94,RightHandAnchor,0.021,-0.147,0.415,355.9,354.0,356.9
15.94,Head,-0.006,-0.002,0.007,3.0,3.2,358.2
15.99,LeftHandAnchor,-0.087,-0.496,0.173,358.2,21.0,17.4
15.99,RightHandAnchor,0.022,-0.146,0.415,357.8,353.2,358.1
15.99,Head,-0.006,-0.002,0.007,3.0,3.4,358.2
16.05,LeftHandAnchor,-0.087,-0.497,0.173,358.1,20.9,17.5
16.05,RightHandAnchor,0.021,-0.139,0.418,5.1,353.1,2.3
16.05,Head,-0.006,-0.001,0.007,2.9,3.3,358.2
16.10,LeftHandAnchor,-0.087,-0.497,0.173,358.1,21.0,17.4
16.10,RightHandAnchor,0.016,-0.115,0.427,21.1,355.3,5.5
16.10,Head,-0.006,-0.001,0.007,2.9,3.1,358.2
16.16,LeftHandAnchor,-0.087,-0.497,0.173,358.0,20.9,17.4
16.16,RightHandAnchor,0.021,-0.098,0.422,30.6,350.0,5.4
16.16,Head,-0.006,-0.002,0.007,3.1,3.1,358.3
16.21,LeftHandAnchor,-0.087,-0.497,0.173,358.1,20.9,17.5
16.21,RightHandAnchor,0.029,-0.096,0.424,41.1,338.9,351.1
16.21,Head,-0.006,-0.002,0.007,3.1,3.2,358.3
16.27,LeftHandAnchor,-0.087,-0.496,0.173,358.1,20.9,17.5
16.27,RightHandAnchor,0.042,-0.101,0.422,37.5,327.6,331.1
16.27,Head,-0.006,-0.002,0.006,3.0,3.2,358.3
16.32,LeftHandAnchor,-0.087,-0.496,0.172,358.0,21.0,17.5
16.32,RightHandAnchor,0.052,-0.112,0.422,29.7,321.3,313.8
16.32,Head,-0.006,-0.001,0.006,2.8,3.0,358.4
16.38,LeftHandAnchor,-0.087,-0.496,0.173,358.0,21.1,17.4
16.38,RightHandAnchor,0.057,-0.117,0.428,25.9,314.5,304.3
16.38,Head,-0.006,-0.001,0.006,2.8,3.0,358.4
16.43,LeftHandAnchor,-0.087,-0.496,0.172,357.9,21.1,17.4
16.43,RightHandAnchor,0.059,-0.123,0.430,29.7,314.1,305.2
16.43,Head,-0.006,-0.001,0.006,2.9,3.2,358.3
16.49,LeftHandAnchor,-0.087,-0.496,0.172,357.9,21.0,17.6
16.49,RightHandAnchor,0.060,-0.130,0.424,37.1,315.5,306.8
16.49,Head,-0.005,-0.002,0.007,3.1,3.4,358.3
16.55,LeftHandAnchor,-0.087,-0.496,0.172,358.1,21.1,17.6
16.55,RightHandAnchor,0.062,-0.145,0.434,39.6,308.4,306.5
16.55,Head,-0.005,-0.002,0.007,3.2,3.3,358.2
16.60,LeftHandAnchor,-0.087,-0.496,0.173,358.2,21.0,17.6
16.60,RightHandAnchor,0.070,-0.155,0.438,38.9,304.8,302.1
16.60,Head,-0.006,-0.002,0.007,3.4,3.2,358.2
16.66,LeftHandAnchor,-0.087,-0.496,0.173,358.2,21.0,17.7
16.66,RightHandAnchor,0.070,-0.163,0.432,37.9,303.5,306.1
16.66,Head,-0.006,-0.002,0.007,3.3,3.2,358.3
16.71,LeftHandAnchor,-0.087,-0.496,0.173,358.2,21.0,17.8
16.71,RightHandAnchor,0.067,-0.170,0.412,37.8,306.1,306.0
16.71,Head,-0.006,-0.002,0.006,3.2,3.3,358.3
16.77,LeftHandAnchor,-0.087,-0.496,0.173,358.3,21.1,17.7
16.77,RightHandAnchor,0.073,-0.195,0.429,40.1,302.9,296.5
16.77,Head,-0.006,-0.002,0.006,3.0,3.2,358.5
16.82,LeftHandAnchor,-0.087,-0.495,0.173,358.3,21.1,17.7
16.82,RightHandAnchor,0.081,-0.222,0.441,39.8,294.0,290.8
16.82,Head,-0.006,-0.002,0.006,3.1,3.3,358.6
16.88,LeftHandAnchor,-0.087,-0.496,0.173,358.3,21.1,17.6
16.88,RightHandAnchor,0.091,-0.250,0.444,37.1,286.7,283.4
16.88,Head,-0.006,-0.002,0.006,3.2,3.4,358.6
16.93,LeftHandAnchor,-0.087,-0.495,0.173,358.3,21.1,17.6
16.93,RightHandAnchor,0.095,-0.269,0.440,36.9,283.2,282.4
16.93,Head,-0.006,-0.002,0.006,3.3,3.4,358.5
16.99,LeftHandAnchor,-0.087,-0.496,0.173,358.2,21.1,17.6
16.99,RightHandAnchor,0.102,-0.291,0.434,35.2,285.1,277.5
16.99,Head,-0.006,-0.002,0.006,3.4,3.4,358.4
17.05,LeftHandAnchor,-0.087,-0.495,0.173,358.3,21.0,17.5
17.05,RightHandAnchor,0.100,-0.306,0.427,36.6,285.7,274.2
17.05,Head,-0.005,-0.003,0.006,3.5,3.4,358.4
17.10,LeftHandAnchor,-0.087,-0.495,0.172,358.3,21.0,17.5
17.10,RightHandAnchor,0.108,-0.321,0.413,34.8,285.5,273.6
17.10,Head,-0.005,-0.003,0.007,3.6,3.3,358.4
17.16,LeftHandAnchor,-0.087,-0.495,0.172,358.4,21.0,17.6
17.16,RightHandAnchor,0.115,-0.331,0.405,30.7,287.0,270.7
17.16,Head,-0.005,-0.002,0.007,3.5,3.2,358.4
17.21,LeftHandAnchor,-0.087,-0.495,0.172,358.4,21.1,17.6
17.21,RightHandAnchor,0.119,-0.344,0.401,28.2,286.5,266.2
17.21,Head,-0.005,-0.003,0.007,3.7,3.3,358.4
17.27,LeftHandAnchor,-0.087,-0.495,0.173,358.5,21.0,17.5
17.27,RightHandAnchor,0.126,-0.356,0.398,25.4,288.8,265.4
17.27,Head,-0.004,-0.003,0.007,3.8,3.5,358.4
17.32,LeftHandAnchor,-0.087,-0.495,0.173,358.5,21.1,17.5
17.32,RightHandAnchor,0.129,-0.363,0.394,22.0,290.0,265.2
17.32,Head,-0.004,-0.003,0.007,3.9,3.7,358.3
17.38,LeftHandAnchor,-0.087,-0.495,0.173,358.6,21.1,17.4
17.38,RightHandAnchor,0.130,-0.367,0.393,19.4,289.6,259.5
17.38,Head,-0.004,-0.003,0.007,3.9,3.7,358.3
17.44,LeftHandAnchor,-0.087,-0.495,0.173,358.6,21.1,17.4
17.44,RightHandAnchor,0.128,-0.373,0.385,19.9,290.3,258.6
17.44,Head,-0.003,-0.003,0.006,3.9,3.7,358.2
17.49,LeftHandAnchor,-0.087,-0.495,0.173,358.3,21.1,17.5
17.49,RightHandAnchor,0.125,-0.376,0.373,24.9,290.3,260.2
17.49,Head,-0.003,-0.003,0.006,3.7,3.8,358.3
17.55,LeftHandAnchor,-0.087,-0.495,0.172,358.2,21.2,17.6
17.55,RightHandAnchor,0.124,-0.393,0.372,31.5,288.5,259.7
17.55,Head,-0.004,-0.003,0.005,3.6,3.8,358.3
17.60,LeftHandAnchor,-0.087,-0.495,0.172,358.1,21.2,17.8
17.60,RightHandAnchor,0.123,-0.411,0.368,32.4,285.0,255.4
17.60,Head,-0.004,-0.003,0.005,3.6,3.6,358.3
17.66,LeftHandAnchor,-0.087,-0.495,0.172,358.0,21.2,18.0
17.66,RightHandAnchor,0.123,-0.421,0.362,34.0,282.5,252.6
17.66,Head,-0.004,-0.003,0.005,3.5,3.5,358.2
17.71,LeftHandAnchor,-0.087,-0.495,0.172,358.0,21.2,18.0
17.71,RightHandAnchor,0.124,-0.436,0.353,32.9,282.5,256.6
17.71,Head,-0.004,-0.003,0.005,3.6,3.5,358.3
17.77,LeftHandAnchor,-0.087,-0.495,0.172,358.0,21.1,18.0
17.77,RightHandAnchor,0.126,-0.432,0.340,33.1,282.4,256.2
17.77,Head,-0.005,-0.003,0.005,3.5,3.4,358.4
17.82,LeftHandAnchor,-0.087,-0.495,0.172,358.0,21.1,17.9
17.82,RightHandAnchor,0.133,-0.437,0.335,32.6,281.3,255.4
17.82,Head,-0.005,-0.003,0.006,3.6,3.4,358.5
17.88,LeftHandAnchor,-0.087,-0.495,0.172,358.0,21.0,18.0
17.88,RightHandAnchor,0.148,-0.453,0.338,32.1,279.0,254.7
17.88,Head,-0.005,-0.003,0.006,3.6,3.4,358.5
17.93,LeftHandAnchor,-0.087,-0.495,0.172,358.1,21.0,17.8
17.93,RightHandAnchor,0.159,-0.450,0.329,30.8,280.6,256.8
17.93,Head,-0.005,-0.003,0.005,3.5,3.6,358.5
17.99,LeftHandAnchor,-0.087,-0.494,0.172,358.2,20.9,17.7
17.99,RightHandAnchor,0.163,-0.445,0.318,35.1,284.9,252.8
17.99,Head,-0.005,-0.003,0.005,3.4,3.7,358.6
18.05,LeftHandAnchor,-0.087,-0.495,0.172,358.1,20.9,17.7
18.05,RightHandAnchor,0.167,-0.448,0.319,35.2,284.2,250.2
18.05,Head,-0.005,-0.002,0.005,3.3,3.5,358.5
18.10,LeftHandAnchor,-0.087,-0.495,0.172,358.0,20.9,17.7
18.10,RightHandAnchor,0.169,-0.445,0.316,35.1,283.9,250.6
18.10,Head,-0.005,-0.002,0.005,3.2,3.1,358.4
18.16,LeftHandAnchor,-0.087,-0.496,0.172,358.0,20.8,17.6
18.16,RightHandAnchor,0.179,-0.446,0.313,33.6,284.5,256.1
18.16,Head,-0.006,-0.002,0.004,3.2,2.9,358.5
18.21,LeftHandAnchor,-0.087,-0.495,0.172,358.0,20.8,17.6
18.21,RightHandAnchor,0.201,-0.451,0.307,33.4,285.4,256.0
18.21,Head,-0.006,-0.002,0.004,3.1,2.9,358.6
18.27,LeftHandAnchor,-0.087,-0.495,0.172,358.0,20.7,17.6
18.27,RightHandAnchor,0.224,-0.455,0.304,37.3,285.7,249.1
18.27,Head,-0.006,-0.002,0.004,3.2,3.0,358.7
18.32,LeftHandAnchor,-0.087,-0.495,0.172,358.0,20.8,17.6
18.32,RightHandAnchor,0.249,-0.460,0.300,40.5,284.7,249.3
18.32,Head,-0.006,-0.002,0.004,3.2,3.1,358.7
18.38,LeftHandAnchor,-0.087,-0.495,0.172,358.0,20.7,17.7
18.38,RightHandAnchor,0.273,-0.474,0.300,46.0,278.7,246.3
18.38,Head,-0.006,-0.002,0.004,3.2,3.1,358.6
18.43,LeftHandAnchor,-0.087,-0.495,0.172,358.0,20.8,17.6
18.43,RightHandAnchor,0.286,-0.483,0.289,49.5,274.9,245.1
18.43,Head,-0.006,-0.003,0.004,3.3,3.2,358.6
18.49,LeftHandAnchor,-0.087,-0.495,0.172,358.1,20.8,17.7
18.49,RightHandAnchor,0.286,-0.489,0.279,58.8,268.5,239.7
18.49,Head,-0.005,-0.003,0.004,3.6,3.4,358.6
18.55,LeftHandAnchor,-0.087,-0.495,0.172,358.0,20.8,17.7
18.55,RightHandAnchor,0.275,-0.482,0.262,61.9,267.4,241.3
18.55,Head,-0.004,-0.004,0.004,3.9,3.4,358.3
18.60,LeftHandAnchor,-0.087,-0.495,0.172,358.1,20.8,17.7
18.60,RightHandAnchor,0.260,-0.493,0.261,74.9,259.1,230.0
18.60,Head,-0.004,-0.004,0.004,3.8,3.4,358.0
18.66,LeftHandAnchor,-0.087,-0.495,0.172,358.1,20.8,17.8
18.66,RightHandAnchor,0.249,-0.498,0.262,78.8,220.3,192.4
18.66,Head,-0.003,-0.003,0.005,3.7,3.5,357.9
18.71,LeftHandAnchor,-0.087,-0.495,0.172,358.1,20.7,17.7
18.71,RightHandAnchor,0.242,-0.497,0.258,83.7,194.3,172.6
18.71,Head,-0.003,-0.003,0.005,3.3,3.7,358.2
18.77,LeftHandAnchor,-0.087,-0.495,0.172,358.1,20.7,17.6
18.77,RightHandAnchor,0.233,-0.500,0.258,77.6,162.9,143.8
18.77,Head,-0.003,-0.003,0.005,3.3,3.5,358.3
18.82,LeftHandAnchor,-0.087,-0.495,0.172,358.0,20.7,17.7
18.82,RightHandAnchor,0.232,-0.513,0.253,73.0,160.1,139.9
18.82,Head,-0.004,-0.003,0.004,3.7,3.5,358.2
18.88,LeftHandAnchor,-0.087,-0.495,0.172,358.0,20.7,17.7
18.88,RightHandAnchor,0.234,-0.514,0.252,74.9,153.4,131.2
18.88,Head,-0.004,-0.004,0.004,3.7,3.5,358.3
18.93,LeftHandAnchor,-0.087,-0.495,0.172,358.1,20.7,17.7
18.93,RightHandAnchor,0.230,-0.537,0.242,73.1,154.7,133.5
18.93,Head,-0.004,-0.003,0.004,3.6,3.6,358.4
18.99,LeftHandAnchor,-0.087,-0.496,0.172,358.1,20.7,17.7
18.99,RightHandAnchor,0.230,-0.542,0.237,73.9,141.5,122.3
18.99,Head,-0.004,-0.003,0.004,3.6,3.6,358.4
19.05,LeftHandAnchor,-0.087,-0.496,0.172,358.1,20.7,17.8
19.05,RightHandAnchor,0.230,-0.542,0.236,73.7,146.3,127.9
19.05,Head,-0.004,-0.003,0.003,3.6,3.8,358.3
19.10,LeftHandAnchor,-0.087,-0.496,0.172,358.1,20.7,17.7
19.10,RightHandAnchor,0.231,-0.542,0.236,71.8,154.5,138.1
19.10,Head,-0.003,-0.003,0.003,3.6,4.0,358.1
19.16,LeftHandAnchor,-0.087,-0.496,0.172,358.0,20.7,17.8
19.16,RightHandAnchor,0.231,-0.543,0.235,73.5,153.4,138.4
19.16,Head,-0.003,-0.003,0.003,3.6,4.1,358.0
19.21,LeftHandAnchor,-0.087,-0.496,0.172,358.0,20.6,17.8
19.21,RightHandAnchor,0.232,-0.543,0.235,74.5,153.5,141.0
19.21,Head,-0.002,-0.003,0.003,3.5,4.1,358.0
19.27,LeftHandAnchor,-0.087,-0.496,0.172,358.0,20.6,17.8
19.27,RightHandAnchor,0.231,-0.542,0.237,72.9,156.5,143.0
19.27,Head,-0.002,-0.003,0.003,3.5,4.0,358.0
19.32,LeftHandAnchor,-0.086,-0.495,0.172,358.1,20.6,17.7
19.32,RightHandAnchor,0.229,-0.542,0.239,71.7,159.2,147.2
19.32,Head,-0.002,-0.003,0.002,3.4,4.0,358.0
19.38,LeftHandAnchor,-0.087,-0.495,0.172,358.1,20.6,17.7
19.38,RightHandAnchor,0.226,-0.544,0.243,70.6,158.9,147.9
19.38,Head,-0.002,-0.003,0.002,3.4,4.1,358.0
19.43,LeftHandAnchor,-0.087,-0.495,0.172,358.1,20.6,17.7
19.43,RightHandAnchor,0.226,-0.547,0.243,71.1,155.1,145.1
19.43,Head,-0.002,-0.003,0.002,3.3,4.1,358.1
19.49,LeftHandAnchor,-0.087,-0.495,0.172,358.1,20.7,17.7
19.49,RightHandAnchor,0.227,-0.551,0.244,71.5,152.2,142.0
19.49,Head,-0.002,-0.003,0.002,3.2,4.1,358.0
19.55,LeftHandAnchor,-0.087,-0.495,0.172,357.9,20.7,17.7
19.55,RightHandAnchor,0.228,-0.552,0.246,71.8,147.9,136.2
19.55,Head,-0.002,-0.003,0.002,3.2,4.0,358.0
19.60,LeftHandAnchor,-0.087,-0.495,0.172,358.0,20.7,17.7
19.60,RightHandAnchor,0.231,-0.554,0.251,73.1,143.4,132.3
19.60,Head,-0.002,-0.003,0.002,3.2,4.0,357.9
19.66,LeftHandAnchor,-0.087,-0.495,0.172,358.0,20.7,17.7
19.66,RightHandAnchor,0.231,-0.554,0.256,72.9,142.8,131.7
19.66,Head,-0.002,-0.003,0.002,3.2,4.0,358.0
19.71,LeftHandAnchor,-0.087,-0.495,0.172,358.0,20.8,17.7
19.71,RightHandAnchor,0.232,-0.553,0.257,73.9,142.0,134.7
19.71,Head,-0.002,-0.003,0.002,3.2,4.0,358.0
19.77,LeftHandAnchor,-0.087,-0.495,0.172,357.9,20.8,17.7
19.77,RightHandAnchor,0.230,-0.553,0.258,73.2,144.3,138.4
19.77,Head,-0.002,-0.003,0.003,3.2,4.0,358.0
19.82,LeftHandAnchor,-0.087,-0.495,0.172,357.8,20.9,17.7
19.82,RightHandAnchor,0.227,-0.554,0.257,72.5,145.0,139.7
19.82,Head,-0.002,-0.003,0.003,3.2,4.0,358.0
19.88,LeftHandAnchor,-0.087,-0.495,0.172,357.9,20.8,17.6
19.88,RightHandAnchor,0.229,-0.560,0.254,73.6,142.5,137.8
19.88,Head,-0.002,-0.003,0.003,3.2,4.0,358.0
19.93,LeftHandAnchor,-0.087,-0.495,0.172,358.0,20.8,17.7
19.93,RightHandAnchor,0.232,-0.567,0.257,73.4,141.4,136.0
19.93,Head,-0.002,-0.003,0.002,3.2,4.0,358.1
19.99,LeftHandAnchor,-0.087,-0.495,0.172,357.8,20.8,17.7
19.99,RightHandAnchor,0.232,-0.568,0.258,73.3,138.3,132.9
19.99,Head,-0.002,-0.003,0.002,3.1,3.9,358.2
20.05,LeftHandAnchor,-0.087,-0.496,0.172,357.8,20.9,17.6
20.05,RightHandAnchor,0.233,-0.568,0.260,72.9,139.1,132.9
20.05,Head,-0.003,-0.002,0.002,3.1,3.9,358.2
20.10,LeftHandAnchor,-0.087,-0.496,0.172,357.7,20.9,17.7
20.10,RightHandAnchor,0.234,-0.567,0.261,71.9,142.0,134.5
20.10,Head,-0.003,-0.002,0.002,2.8,3.9,358.1
20.16,LeftHandAnchor,-0.087,-0.496,0.172,357.6,20.8,17.8
20.16,RightHandAnchor,0.234,-0.565,0.268,72.7,126.3,118.5
20.16,Head,-0.003,-0.002,0.002,2.7,3.9,358.1
20.21,LeftHandAnchor,-0.086,-0.496,0.172,357.7,20.8,17.8
20.21,RightHandAnchor,0.234,-0.558,0.279,70.4,84.5,72.9
20.21,Head,-0.003,-0.002,0.003,2.8,4.0,358.2
20.27,LeftHandAnchor,-0.086,-0.496,0.172,357.7,20.8,17.7
20.27,RightHandAnchor,0.221,-0.520,0.306,57.5,28.2,19.0
20.27,Head,-0.003,-0.002,0.003,2.9,4.0,358.2
20.32,LeftHandAnchor,-0.087,-0.495,0.172,357.7,20.8,17.7
20.32,RightHandAnchor,0.182,-0.371,0.371,53.9,351.3,355.2
20.32,Head,-0.002,-0.002,0.003,3.0,3.9,358.1
20.38,LeftHandAnchor,-0.087,-0.495,0.172,357.7,20.8,17.7
20.38,RightHandAnchor,0.152,-0.264,0.317,30.4,353.6,357.4
20.38,Head,-0.002,-0.003,0.003,3.1,4.1,357.9
20.43,LeftHandAnchor,-0.086,-0.495,0.172,357.8,20.8,17.7
20.43,RightHandAnchor,0.145,-0.200,0.297,11.3,348.2,352.6
20.43,Head,-0.002,-0.003,0.003,3.2,4.2,357.8
20.49,LeftHandAnchor,-0.086,-0.495,0.172,357.9,20.7,17.7
20.49,RightHandAnchor,0.137,-0.164,0.298,354.0,346.4,353.8
20.49,Head,-0.002,-0.003,0.002,3.1,4.3,357.6
20.55,LeftHandAnchor,-0.086,-0.495,0.172,358.0,20.7,17.8
20.55,RightHandAnchor,0.131,-0.158,0.334,338.1,346.8,353.9
20.55,Head,-0.002,-0.002,0.002,3.0,4.5,357.7
20.60,LeftHandAnchor,-0.086,-0.495,0.172,358.1,20.6,17.7
20.60,RightHandAnchor,0.116,-0.143,0.364,332.8,349.9,352.2
20.60,Head,-0.002,-0.002,0.002,2.8,4.3,357.8
20.66,LeftHandAnchor,-0.087,-0.495,0.172,358.1,20.6,17.7
20.66,RightHandAnchor,0.106,-0.137,0.399,336.9,350.4,359.6
20.66,Head,-0.003,-0.001,0.003,2.6,4.1,357.8
20.71,LeftHandAnchor,-0.087,-0.495,0.172,358.1,20.7,17.7
20.71,RightHandAnchor,0.107,-0.144,0.431,348.8,351.9,3.4
20.71,Head,-0.003,-0.001,0.003,2.4,3.9,357.6
20.77,LeftHandAnchor,-0.087,-0.495,0.172,358.1,20.8,17.6
20.77,RightHandAnchor,0.107,-0.146,0.439,352.8,352.1,2.4
20.77,Head,-0.003,0.000,0.004,2.4,3.7,357.6
20.82,LeftHandAnchor,-0.087,-0.495,0.172,358.0,20.8,17.6
20.82,RightHandAnchor,0.107,-0.144,0.445,356.7,353.5,359.6
20.82,Head,-0.003,-0.001,0.005,2.8,3.6,357.4
20.88,LeftHandAnchor,-0.087,-0.494,0.172,358.1,20.8,17.7
20.88,RightHandAnchor,0.107,-0.144,0.444,357.0,355.4,358.0
20.88,Head,-0.003,-0.001,0.005,3.0,3.7,357.3
20.93,LeftHandAnchor,-0.087,-0.494,0.172,358.1,20.8,17.6
20.93,RightHandAnchor,0.106,-0.144,0.441,357.5,356.9,356.9
20.93,Head,-0.002,-0.002,0.006,3.1,3.9,357.3
20.99,LeftHandAnchor,-0.087,-0.494,0.172,358.2,20.8,17.6
20.99,RightHandAnchor,0.101,-0.141,0.437,357.8,357.9,356.8
20.99,Head,-0.002,-0.002,0.005,3.2,4.2,357.5
21.05,LeftHandAnchor,-0.087,-0.494,0.172,358.2,20.8,17.7
21.05,RightHandAnchor,0.095,-0.134,0.430,358.1,357.7,0.4
21.05,Head,-0.002,-0.002,0.005,3.1,4.1,357.6
21.10,LeftHandAnchor,-0.087,-0.495,0.172,358.1,20.8,17.7
21.10,RightHandAnchor,0.094,-0.132,0.429,358.2,357.4,1.1
21.10,Head,-0.002,-0.002,0.004,3.0,4.0,357.5
21.16,LeftHandAnchor,-0.087,-0.495,0.172,358.0,20.8,17.8
21.16,RightHandAnchor,0.094,-0.131,0.429,358.1,357.4,1.4
21.16,Head,-0.001,-0.002,0.004,2.8,4.2,357.5
21.21,LeftHandAnchor,-0.087,-0.495,0.172,358.1,20.8,17.8
21.21,RightHandAnchor,0.094,-0.131,0.428,358.1,357.4,1.7
21.21,Head,-0.001,-0.002,0.004,2.9,4.4,357.4
21.27,LeftHandAnchor,-0.087,-0.494,0.171,358.0,20.8,17.8
21.27,RightHandAnchor,0.092,-0.130,0.426,358.0,357.4,1.6
21.27,Head,-0.001,-0.002,0.004,2.9,4.5,357.3
21.32,LeftHandAnchor,-0.087,-0.494,0.172,358.1,20.8,17.6
21.32,RightHandAnchor,0.090,-0.129,0.423,358.0,357.2,0.8
21.32,Head,-0.001,-0.002,0.005,2.9,4.4,357.3
21.38,LeftHandAnchor,-0.087,-0.494,0.172,358.1,20.8,17.6
21.38,RightHandAnchor,0.090,-0.130,0.423,357.8,356.7,0.0
21.38,Head,-0.001,-0.002,0.005,3.0,4.3,357.5
21.43,LeftHandAnchor,-0.087,-0.495,0.172,358.2,20.7,17.6
21.43,RightHandAnchor,0.090,-0.130,0.422,357.9,356.5,359.7
21.43,Head,-0.002,-0.002,0.006,3.1,4.2,357.6
21.49,LeftHandAnchor,-0.087,-0.495,0.172,358.1,20.7,17.7
21.49,RightHandAnchor,0.090,-0.131,0.421,357.9,356.4,359.7
21.49,Head,-0.002,-0.002,0.006,3.1,4.3,357.7
21.55,LeftHandAnchor,-0.087,-0.495,0.172,358.1,20.7,17.6
21.55,RightHandAnchor,0.089,-0.132,0.421,357.8,356.4,359.8
21.55,Head,-0.002,-0.002,0.007,3.1,4.5,357.9
21.60,LeftHandAnchor,-0.087,-0.495,0.172,358.0,20.7,17.5
21.60,RightHandAnchor,0.088,-0.132,0.420,357.7,356.3,359.8
21.60,Head,-0.002,-0.002,0.008,3.3,4.5,358.0
21.66,LeftHandAnchor,-0.087,-0.495,0.172,358.1,20.6,17.7
21.66,RightHandAnchor,0.085,-0.132,0.418,357.6,356.1,359.8
21.66,Head,-0.003,-0.002,0.009,3.3,4.2,358.0
21.71,LeftHandAnchor,-0.087,-0.496,0.172,358.0,20.7,17.6
21.71,RightHandAnchor,0.081,-0.131,0.417,357.6,356.1,359.8
21.71,Head,-0.004,-0.002,0.009,3.4,4.0,358.1
21.77,LeftHandAnchor,-0.087,-0.496,0.172,357.9,20.8,17.6
21.77,RightHandAnchor,0.078,-0.130,0.417,357.6,356.0,359.8
21.77,Head,-0.004,-0.003,0.010,3.6,3.9,358.2
21.82,LeftHandAnchor,-0.087,-0.496,0.172,357.8,20.8,17.8
21.82,RightHandAnchor,0.077,-0.129,0.416,357.7,355.7,359.5
21.82,Head,-0.005,-0.003,0.010,3.7,3.9,358.3
21.88,LeftHandAnchor,-0.087,-0.496,0.172,357.7,20.9,17.9
21.88,RightHandAnchor,0.076,-0.129,0.417,357.7,355.6,359.6
21.88,Head,-0.005,-0.003,0.011,3.8,3.9,358.5
21.93,LeftHandAnchor,-0.087,-0.496,0.172,357.6,20.9,18.0
21.93,RightHandAnchor,0.075,-0.130,0.417,357.7,355.5,359.5
21.93,Head,-0.006,-0.003,0.011,3.9,3.9,358.6
21.99,LeftHandAnchor,-0.087,-0.496,0.172,357.7,20.9,17.9
21.99,RightHandAnchor,0.075,-0.130,0.418,358.0,355.4,359.1
21.99,Head,-0.006,-0.003,0.011,4.0,3.8,358.6
22.05,LeftHandAnchor,-0.087,-0.496,0.172,357.6,20.9,18.1
22.05,RightHandAnchor,0.075,-0.131,0.418,359.1,355.3,357.9
22.05,Head,-0.006,-0.004,0.011,4.0,3.8,358.6
22.10,LeftHandAnchor,-0.087,-0.497,0.172,357.5,20.9,18.1
22.10,RightHandAnchor,0.076,-0.130,0.418,360.0,355.2,357.2
22.10,Head,-0.005,-0.004,0.011,4.0,3.7,358.6
22.16,LeftHandAnchor,-0.087,-0.497,0.172,357.4,20.9,18.3
22.16,RightHandAnchor,0.076,-0.130,0.420,0.1,355.2,357.1
22.16,Head,-0.005,-0.004,0.010,4.0,3.7,358.7
22.21,LeftHandAnchor,-0.087,-0.497,0.172,357.4,20.9,18.3
22.21,RightHandAnchor,0.076,-0.130,0.420,0.1,355.2,356.8
22.21,Head,-0.005,-0.004,0.010,4.0,3.7,358.7
22.27,LeftHandAnchor,-0.087,-0.497,0.172,357.4,21.0,18.2
22.27,RightHandAnchor,0.077,-0.130,0.420,0.1,355.2,356.9
22.27,Head,-0.004,-0.004,0.010,4.1,3.7,358.7
22.32,LeftHandAnchor,-0.087,-0.497,0.172,357.3,21.0,18.2
22.32,RightHandAnchor,0.077,-0.129,0.420,0.1,355.2,357.0
22.32,Head,-0.004,-0.004,0.010,4.1,3.9,358.6
22.38,LeftHandAnchor,-0.087,-0.497,0.172,357.3,21.0,18.3
22.38,RightHandAnchor,0.077,-0.129,0.420,0.2,355.3,357.1
22.38,Head,-0.004,-0.004,0.010,4.1,3.9,358.6
22.43,LeftHandAnchor,-0.087,-0.497,0.172,357.3,21.1,18.2
22.43,RightHandAnchor,0.077,-0.128,0.420,0.3,355.4,357.5
22.43,Head,-0.004,-0.004,0.010,4.1,3.9,358.6
22.49,LeftHandAnchor,-0.087,-0.498,0.173,357.4,21.1,18.2
22.49,RightHandAnchor,0.077,-0.128,0.420,0.4,355.3,358.5
22.49,Head,-0.003,-0.004,0.011,4.1,4.0,358.6
22.55,LeftHandAnchor,-0.087,-0.497,0.173,357.5,21.1,18.2
22.55,RightHandAnchor,0.077,-0.129,0.420,0.6,355.2,359.2
22.55,Head,-0.003,-0.004,0.011,4.2,4.1,358.7
22.60,LeftHandAnchor,-0.087,-0.497,0.172,357.5,21.0,18.2
22.60,RightHandAnchor,0.077,-0.129,0.420,0.6,355.2,358.9
22.60,Head,-0.003,-0.004,0.012,4.3,4.2,358.8
22.66,LeftHandAnchor,-0.087,-0.497,0.173,357.6,21.0,18.1
22.66,RightHandAnchor,0.077,-0.129,0.420,0.4,355.5,357.3
22.66,Head,-0.004,-0.004,0.012,4.4,4.1,358.9
22.71,LeftHandAnchor,-0.087,-0.497,0.172,357.5,21.0,18.1
22.71,RightHandAnchor,0.077,-0.129,0.421,0.4,355.4,357.0
22.71,Head,-0.004,-0.004,0.012,4.4,3.9,358.8
22.77,LeftHandAnchor,-0.087,-0.497,0.172,357.5,21.0,18.2
22.77,RightHandAnchor,0.077,-0.129,0.421,0.5,355.4,356.9
22.77,Head,-0.004,-0.004,0.013,4.4,3.8,358.9
22.82,LeftHandAnchor,-0.087,-0.497,0.173,357.5,21.0,18.3
22.82,RightHandAnchor,0.076,-0.128,0.423,1.8,355.8,355.9
22.82,Head,-0.004,-0.004,0.013,4.5,3.9,358.8
22.88,LeftHandAnchor,-0.087,-0.497,0.173,357.5,21.0,18.2
22.88,RightHandAnchor,0.077,-0.126,0.427,4.4,356.0,355.9
22.88,Head,-0.004,-0.004,0.012,4.5,4.0,358.8
22.93,LeftHandAnchor,-0.087,-0.497,0.172,357.5,21.0,18.2
22.93,RightHandAnchor,0.080,-0.120,0.432,8.6,355.0,355.8
22.93,Head,-0.004,-0.004,0.012,4.4,4.0,358.8
22.99,LeftHandAnchor,-0.087,-0.497,0.172,357.5,20.9,18.2
22.99,RightHandAnchor,0.081,-0.118,0.429,8.7,354.3,354.0
22.99,Head,-0.004,-0.004,0.012,4.4,4.0,358.8
23.05,LeftHandAnchor,-0.087,-0.496,0.172,357.6,20.9,18.1
23.05,RightHandAnchor,0.079,-0.118,0.427,8.5,355.1,350.0
23.05,Head,-0.004,-0.004,0.011,4.4,4.0,358.8
23.10,LeftHandAnchor,-0.087,-0.496,0.172,357.8,21.0,18.1
23.10,RightHandAnchor,0.078,-0.118,0.435,12.4,353.7,350.8
23.10,Head,-0.004,-0.004,0.011,4.3,4.0,358.8
23.16,LeftHandAnchor,-0.087,-0.496,0.172,357.9,21.0,18.1
23.16,RightHandAnchor,0.080,-0.114,0.447,17.0,352.8,355.1
23.16,Head,-0.004,-0.004,0.011,4.3,4.0,358.8
23.21,LeftHandAnchor,-0.087,-0.496,0.172,357.9,21.0,18.1
23.21,RightHandAnchor,0.082,-0.102,0.435,31.7,351.1,350.1
23.21,Head,-0.004,-0.004,0.011,4.3,4.0,358.7
23.27,LeftHandAnchor,-0.087,-0.496,0.172,357.9,21.1,18.1
23.27,RightHandAnchor,0.080,-0.096,0.419,45.2,349.3,348.3
23.27,Head,-0.004,-0.004,0.011,4.4,4.1,358.8
23.32,LeftHandAnchor,-0.087,-0.497,0.173,357.8,21.1,18.1
23.32,RightHandAnchor,0.080,-0.097,0.420,50.5,346.3,346.3
23.32,Head,-0.004,-0.004,0.010,4.4,4.1,358.8
23.38,LeftHandAnchor,-0.087,-0.497,0.173,357.8,21.0,18.1
23.38,RightHandAnchor,0.080,-0.102,0.415,48.1,351.5,349.2
23.38,Head,-0.004,-0.004,0.009,4.2,3.9,358.8
23.43,LeftHandAnchor,-0.087,-0.497,0.173,357.6,21.1,18.0
23.43,RightHandAnchor,0.081,-0.107,0.417,46.0,357.1,352.4
23.43,Head,-0.005,-0.003,0.009,3.9,3.8,358.7
23.49,LeftHandAnchor,-0.087,-0.497,0.172,357.5,21.1,18.1
23.49,RightHandAnchor,0.082,-0.114,0.419,47.7,0.0,353.6
23.49,Head,-0.005,-0.003,0.008,3.8,3.9,358.7
23.55,LeftHandAnchor,-0.087,-0.497,0.172,357.5,21.1,18.0
23.55,RightHandAnchor,0.083,-0.118,0.422,48.1,2.3,354.7
23.55,Head,-0.005,-0.003,0.008,3.7,4.0,358.8
23.60,LeftHandAnchor,-0.087,-0.497,0.173,357.8,21.0,17.9
23.60,RightHandAnchor,0.085,-0.122,0.421,48.6,2.1,353.9
23.60,Head,-0.005,-0.003,0.008,3.9,4.0,358.8
23.66,LeftHandAnchor,-0.087,-0.496,0.173,358.0,21.0,17.8
23.66,RightHandAnchor,0.088,-0.127,0.419,49.0,0.9,353.2
23.66,Head,-0.005,-0.003,0.007,4.0,4.0,358.8
23.71,LeftHandAnchor,-0.087,-0.497,0.173,358.0,21.0,17.8
23.71,RightHandAnchor,0.089,-0.142,0.416,51.1,358.8,350.9
23.71,Head,-0.006,-0.003,0.006,3.8,4.1,359.0
23.77,LeftHandAnchor,-0.087,-0.497,0.172,357.9,20.9,17.9
23.77,RightHandAnchor,0.093,-0.154,0.403,50.8,358.4,350.4
23.77,Head,-0.007,-0.003,0.005,3.6,4.0,359.2
23.82,LeftHandAnchor,-0.087,-0.497,0.172,357.8,20.9,18.0
23.82,RightHandAnchor,0.095,-0.159,0.400,50.5,357.9,349.9
23.82,Head,-0.007,-0.003,0.005,3.3,3.8,359.3
23.88,LeftHandAnchor,-0.087,-0.497,0.172,357.7,20.8,18.0
23.88,RightHandAnchor,0.102,-0.170,0.406,52.7,357.1,346.7
23.88,Head,-0.008,-0.002,0.005,3.1,3.5,359.5
23.93,LeftHandAnchor,-0.087,-0.497,0.172,357.7,20.9,17.9
23.93,RightHandAnchor,0.107,-0.176,0.405,53.6,354.1,344.4
23.93,Head,-0.008,-0.002,0.005,3.1,3.5,359.6
23.99,LeftHandAnchor,-0.087,-0.496,0.172,357.4,20.9,18.3
23.99,RightHandAnchor,0.117,-0.186,0.420,58.4,350.0,341.9
23.99,Head,-0.009,-0.002,0.005,3.3,3.6,359.6
24.05,LeftHandAnchor,-0.087,-0.496,0.172,357.4,20.9,18.3
24.05,RightHandAnchor,0.119,-0.195,0.418,58.5,349.7,344.4
24.05,Head,-0.008,-0.003,0.005,3.4,3.8,359.7
24.10,LeftHandAnchor,-0.087,-0.496,0.172,357.3,20.9,18.3
24.10,RightHandAnchor,0.119,-0.206,0.408,58.2,353.2,345.8
24.10,Head,-0.008,-0.003,0.005,3.5,3.7,359.7
24.16,LeftHandAnchor,-0.087,-0.496,0.172,357.4,20.8,18.3
24.16,RightHandAnchor,0.127,-0.218,0.405,60.1,355.2,345.2
24.16,Head,-0.008,-0.003,0.005,3.5,3.8,359.5
24.21,LeftHandAnchor,-0.087,-0.495,0.172,357.4,20.8,18.3
24.21,RightHandAnchor,0.134,-0.231,0.398,61.2,354.7,343.9
24.21,Head,-0.007,-0.003,0.005,3.4,3.9,359.5
24.27,LeftHandAnchor,-0.087,-0.496,0.172,357.5,20.8,18.3
24.27,RightHandAnchor,0.134,-0.240,0.395,62.2,357.4,346.9
24.27,Head,-0.007,-0.002,0.005,3.3,4.0,359.4
24.32,LeftHandAnchor,-0.086,-0.496,0.172,357.5,20.7,18.4
24.32,RightHandAnchor,0.140,-0.264,0.395,63.6,358.8,347.9
24.32,Head,-0.007,-0.002,0.004,3.2,3.9,359.3
24.38,LeftHandAnchor,-0.086,-0.496,0.172,357.5,20.7,18.5
24.38,RightHandAnchor,0.144,-0.282,0.392,66.1,356.9,344.8
24.38,Head,-0.007,-0.002,0.005,3.2,3.8,359.3
24.43,LeftHandAnchor,-0.087,-0.496,0.172,357.4,20.8,18.5
24.43,RightHandAnchor,0.147,-0.293,0.389,66.8,358.5,345.5
24.43,Head,-0.007,-0.002,0.005,3.3,3.8,359.1
24.49,LeftHandAnchor,-0.087,-0.495,0.172,357.4,20.8,18.5
24.49,RightHandAnchor,0.152,-0.307,0.387,68.6,358.4,345.0
24.49,Head,-0.007,-0.003,0.005,3.5,3.8,359.0
24.55,LeftHandAnchor,-0.087,-0.495,0.172,357.5,20.8,18.4
24.55,RightHandAnchor,0.162,-0.325,0.387,69.6,356.5,342.7
24.55,Head,-0.007,-0.002,0.005,3.3,3.5,359.2
24.60,LeftHandAnchor,-0.087,-0.495,0.172,357.6,20.8,18.4
24.60,RightHandAnchor,0.172,-0.337,0.385,71.9,349.7,336.3
24.60,Head,-0.008,-0.002,0.006,3.3,3.5,359.3
24.66,LeftHandAnchor,-0.087,-0.495,0.172,357.7,20.8,18.5
24.66,RightHandAnchor,0.180,-0.349,0.377,73.9,348.6,334.4
24.66,Head,-0.008,-0.002,0.006,3.4,3.6,359.3
24.71,LeftHandAnchor,-0.087,-0.495,0.172,357.7,20.8,18.5
24.71,RightHandAnchor,0.185,-0.359,0.373,74.3,349.5,334.6
24.71,Head,-0.008,-0.002,0.007,3.3,3.5,359.4
24.77,LeftHandAnchor,-0.087,-0.495,0.172,357.7,20.8,18.4
24.77,RightHandAnchor,0.188,-0.373,0.370,74.9,359.4,344.3
24.77,Head,-0.009,-0.002,0.007,3.4,3.2,359.4
24.82,LeftHandAnchor,-0.087,-0.495,0.172,357.7,20.8,18.5
24.82,RightHandAnchor,0.197,-0.377,0.363,74.7,355.6,340.9
24.82,Head,-0.009,-0.002,0.007,3.3,3.1,359.5
24.88,LeftHandAnchor,-0.087,-0.495,0.172,357.6,20.8,18.5
24.88,RightHandAnchor,0.202,-0.392,0.361,76.3,6.6,352.9
24.88,Head,-0.009,-0.002,0.007,3.2,2.9,359.6
24.93,LeftHandAnchor,-0.087,-0.495,0.172,357.5,20.8,18.6
24.93,RightHandAnchor,0.210,-0.408,0.353,75.6,26.0,10.6
24.93,Head,-0.009,-0.002,0.006,3.3,3.2,359.6
24.99,LeftHandAnchor,-0.087,-0.495,0.172,357.4,20.7,18.9
24.99,RightHandAnchor,0.220,-0.436,0.354,78.7,48.2,33.8
24.99,Head,-0.009,-0.003,0.006,3.3,3.5,359.5
25.05,LeftHandAnchor,-0.087,-0.495,0.172,357.5,20.8,18.7
25.05,RightHandAnchor,0.231,-0.472,0.344,82.1,62.6,49.0
25.05,Head,-0.009,-0.003,0.006,3.4,3.6,359.6
25.10,LeftHandAnchor,-0.087,-0.494,0.172,357.6,20.8,18.7
25.10,RightHandAnchor,0.236,-0.485,0.319,82.9,57.3,42.2
25.10,Head,-0.008,-0.003,0.006,3.4,3.4,359.4
25.16,LeftHandAnchor,-0.087,-0.494,0.172,357.7,20.8,18.6
25.16,RightHandAnchor,0.235,-0.487,0.306,82.0,53.2,37.4
25.16,Head,-0.008,-0.003,0.005,3.5,3.3,359.2
25.21,LeftHandAnchor,-0.087,-0.495,0.172,357.7,20.8,18.6
25.21,RightHandAnchor,0.234,-0.493,0.300,80.0,63.9,45.2
25.21,Head,-0.007,-0.003,0.005,3.4,3.5,359.1
25.27,LeftHandAnchor,-0.087,-0.495,0.172,357.5,20.8,18.3
25.27,RightHandAnchor,0.231,-0.512,0.292,79.3,82.5,61.2
25.27,Head,-0.007,-0.003,0.005,3.5,3.6,359.1
25.32,LeftHandAnchor,-0.087,-0.495,0.172,357.5,20.8,18.4
25.32,RightHandAnchor,0.234,-0.516,0.285,78.9,64.9,42.8
25.32,Head,-0.007,-0.003,0.005,3.5,3.6,359.1
25.38,LeftHandAnchor,-0.087,-0.496,0.172,357.4,20.8,18.4
25.38,RightHandAnchor,0.233,-0.518,0.280,79.8,68.1,45.1
25.38,Head,-0.007,-0.003,0.004,3.6,3.5,359.0
25.43,LeftHandAnchor,-0.087,-0.495,0.172,357.5,20.8,18.3
25.43,RightHandAnchor,0.236,-0.534,0.270,77.9,57.3,33.6
25.43,Head,-0.007,-0.003,0.004,3.5,3.5,359.1
25.49,LeftHandAnchor,-0.087,-0.495,0.173,357.4,20.9,17.8
25.49,RightHandAnchor,0.239,-0.558,0.262,75.6,72.5,48.7
25.49,Head,-0.007,-0.003,0.003,3.5,3.3,359.1
25.55,LeftHandAnchor,-0.087,-0.495,0.172,357.4,20.9,17.9
25.55,RightHandAnchor,0.240,-0.573,0.255,70.6,102.0,74.7
25.55,Head,-0.008,-0.003,0.003,3.3,3.3,359.1
25.60,LeftHandAnchor,-0.087,-0.496,0.173,357.4,20.9,17.9
25.60,RightHandAnchor,0.249,-0.588,0.250,69.1,104.3,79.1
25.60,Head,-0.008,-0.003,0.003,3.2,3.4,359.2
25.66,LeftHandAnchor,-0.087,-0.496,0.173,357.3,20.9,18.0
25.66,RightHandAnchor,0.262,-0.589,0.246,73.0,101.1,79.0
25.66,Head,-0.008,-0.003,0.003,3.3,3.5,359.2
25.71,LeftHandAnchor,-0.087,-0.496,0.173,357.4,21.0,18.0
25.71,RightHandAnchor,0.265,-0.593,0.246,73.6,102.0,78.7
25.71,Head,-0.007,-0.003,0.004,3.5,3.6,359.2
25.77,LeftHandAnchor,-0.087,-0.495,0.173,357.6,20.9,18.1
25.77,RightHandAnchor,0.268,-0.598,0.243,74.1,99.8,75.4
25.77,Head,-0.007,-0.004,0.004,3.8,3.7,359.2
25.82,LeftHandAnchor,-0.087,-0.495,0.173,358.3,20.9,17.6
25.82,RightHandAnchor,0.264,-0.602,0.230,71.3,84.3,60.0
25.82,Head,-0.007,-0.004,0.004,3.9,3.8,359.1
25.88,LeftHandAnchor,-0.087,-0.495,0.173,358.3,20.9,17.6
25.88,RightHandAnchor,0.263,-0.604,0.220,67.1,65.9,36.6
25.88,Head,-0.007,-0.004,0.003,3.8,3.8,359.2
25.93,LeftHandAnchor,-0.087,-0.495,0.173,358.4,20.9,17.6
25.93,RightHandAnchor,0.258,-0.597,0.208,68.9,66.2,38.6
25.93,Head,-0.007,-0.004,0.003,3.7,3.8,359.1
25.99,LeftHandAnchor,-0.087,-0.495,0.173,358.3,21.0,17.6
25.99,RightHandAnchor,0.249,-0.585,0.194,66.3,57.2,31.4
25.99,Head,-0.007,-0.004,0.003,3.6,4.0,359.2
26.05,LeftHandAnchor,-0.087,-0.495,0.173,358.2,20.9,17.7
26.05,RightHandAnchor,0.251,-0.583,0.194,65.8,55.5,30.2
26.05,Head,-0.007,-0.003,0.002,3.4,4.1,359.3
26.10,LeftHandAnchor,-0.087,-0.495,0.173,358.1,20.9,17.7
26.10,RightHandAnchor,0.253,-0.575,0.191,64.3,59.5,34.3
26.10,Head,-0.006,-0.003,0.002,3.4,4.0,359.3
26.16,LeftHandAnchor,-0.087,-0.495,0.173,358.2,20.9,17.8
26.16,RightHandAnchor,0.252,-0.576,0.191,64.4,65.9,35.9
26.16,Head,-0.006,-0.003,0.002,3.4,3.8,359.1
26.21,LeftHandAnchor,-0.087,-0.495,0.173,358.1,20.8,17.9
26.21,RightHandAnchor,0.253,-0.577,0.191,64.4,65.4,35.7
26.21,Head,-0.006,-0.003,0.002,3.4,3.9,359.1
26.27,LeftHandAnchor,-0.087,-0.496,0.173,358.2,20.8,17.8
26.27,RightHandAnchor,0.253,-0.577,0.191,64.3,65.3,35.3
26.27,Head,-0.005,-0.003,0.002,3.3,4.1,359.0
26.32,LeftHandAnchor,-0.087,-0.496,0.173,358.2,20.8,17.8
26.32,RightHandAnchor,0.253,-0.577,0.186,62.7,63.4,34.0
26.32,Head,-0.005,-0.003,0.002,3.3,4.1,359.0
26.38,LeftHandAnchor,-0.087,-0.496,0.173,358.2,20.9,17.7
26.38,RightHandAnchor,0.254,-0.573,0.179,60.0,55.2,28.7
26.38,Head,-0.006,-0.003,0.002,3.4,4.0,359.0
26.43,LeftHandAnchor,-0.087,-0.496,0.173,358.2,20.8,17.8
26.43,RightHandAnchor,0.253,-0.571,0.180,60.7,53.7,27.4
26.43,Head,-0.006,-0.003,0.002,3.4,3.9,359.1
26.49,LeftHandAnchor,-0.087,-0.495,0.173,358.2,20.8,17.8
26.49,RightHandAnchor,0.252,-0.571,0.180,60.9,55.0,27.8
26.49,Head,-0.006,-0.004,0.002,3.4,3.9,359.1
26.55,LeftHandAnchor,-0.087,-0.495,0.173,358.2,20.9,17.8
26.55,RightHandAnchor,0.249,-0.570,0.178,61.5,54.9,28.3
26.55,Head,-0.006,-0.003,0.002,3.4,3.9,359.2
26.61,LeftHandAnchor,-0.087,-0.496,0.173,358.0,20.8,17.8
26.61,RightHandAnchor,0.244,-0.568,0.172,61.8,54.7,28.6
26.61,Head,-0.006,-0.003,0.002,3.4,4.0,359.1
26.66,LeftHandAnchor,-0.087,-0.496,0.173,357.8,20.8,17.9
26.66,RightHandAnchor,0.244,-0.568,0.171,64.1,52.8,29.0
26.66,Head,-0.006,-0.003,0.002,3.3,4.0,359.2
26.71,LeftHandAnchor,-0.087,-0.496,0.173,357.6,20.8,17.9
26.71,RightHandAnchor,0.242,-0.569,0.168,64.5,45.9,26.0
26.71,Head,-0.006,-0.003,0.002,3.3,4.0,359.2
26.77,LeftHandAnchor,-0.087,-0.496,0.173,357.6,20.9,17.8
26.77,RightHandAnchor,0.246,-0.577,0.150,58.5,34.3,16.7
26.77,Head,-0.006,-0.003,0.002,3.3,3.9,359.1
26.82,LeftHandAnchor,-0.087,-0.496,0.173,357.6,20.9,17.8
26.82,RightHandAnchor,0.246,-0.579,0.150,53.5,32.3,17.3
26.82,Head,-0.006,-0.003,0.002,3.3,3.8,359.1
26.88,LeftHandAnchor,-0.087,-0.495,0.172,357.7,20.9,18.0
26.88,RightHandAnchor,0.238,-0.572,0.147,46.3,29.7,18.5
26.88,Head,-0.006,-0.003,0.002,3.4,3.9,359.1
26.93,LeftHandAnchor,-0.087,-0.495,0.173,357.8,20.8,18.0
26.93,RightHandAnchor,0.238,-0.569,0.143,42.7,26.8,15.2
26.93,Head,-0.006,-0.004,0.002,3.4,3.9,359.1
26.99,LeftHandAnchor,-0.087,-0.495,0.173,357.8,20.8,18.0
26.99,RightHandAnchor,0.239,-0.569,0.143,39.4,26.9,9.8
26.99,Head,-0.006,-0.004,0.002,3.4,3.9,359.1
27.05,LeftHandAnchor,-0.087,-0.495,0.173,357.8,20.8,18.1
27.05,RightHandAnchor,0.241,-0.570,0.146,39.1,27.0,10.0
27.05,Head,-0.006,-0.004,0.003,3.4,3.9,359.1
27.10,LeftHandAnchor,-0.087,-0.495,0.173,357.8,20.7,18.1
27.10,RightHandAnchor,0.240,-0.570,0.145,36.1,26.0,6.2
27.10,Head,-0.006,-0.004,0.002,3.5,4.0,359.1
27.16,LeftHandAnchor,-0.087,-0.495,0.173,357.8,20.7,18.1
27.16,RightHandAnchor,0.240,-0.568,0.146,34.3,24.7,4.1
27.16,Head,-0.006,-0.004,0.002,3.5,4.0,359.0
27.21,LeftHandAnchor,-0.087,-0.496,0.173,357.7,20.7,18.1
27.21,RightHandAnchor,0.239,-0.569,0.146,32.4,24.2,359.8
27.21,Head,-0.006,-0.004,0.002,3.5,4.0,359.0
27.27,LeftHandAnchor,-0.087,-0.496,0.172,357.7,20.7,18.0
27.27,RightHandAnchor,0.238,-0.569,0.147,31.9,23.9,359.4
27.27,Head,-0.006,-0.004,0.002,3.4,3.9,359.0
27.32,LeftHandAnchor,-0.087,-0.496,0.172,357.6,20.7,18.0
27.32,RightHandAnchor,0.238,-0.570,0.144,29.0,21.8,358.0
27.32,Head,-0.006,-0.003,0.002,3.3,4.0,359.0
27.38,LeftHandAnchor,-0.087,-0.496,0.172,357.6,20.7,18.0
27.38,RightHandAnchor,0.238,-0.569,0.144,27.8,20.6,355.8
27.38,Head,-0.005,-0.004,0.002,3.5,4.1,359.0
27.43,LeftHandAnchor,-0.087,-0.496,0.173,357.5,20.7,18.0
27.43,RightHandAnchor,0.239,-0.569,0.143,27.2,21.2,357.6
27.43,Head,-0.005,-0.004,0.002,3.4,4.1,359.0
27.49,LeftHandAnchor,-0.087,-0.496,0.173,357.5,20.8,18.0
27.49,RightHandAnchor,0.248,-0.576,0.142,27.9,25.1,5.7
27.49,Head,-0.005,-0.003,0.002,3.3,3.9,358.9
27.55,LeftHandAnchor,-0.087,-0.496,0.173,357.5,20.8,18.0
27.55,RightHandAnchor,0.248,-0.577,0.142,26.1,31.4,9.5
27.55,Head,-0.005,-0.003,0.002,3.4,4.1,359.0
27.60,LeftHandAnchor,-0.087,-0.496,0.173,357.5,20.8,18.1
27.60,RightHandAnchor,0.245,-0.570,0.142,25.5,33.0,9.1
27.60,Head,-0.005,-0.004,0.002,3.5,4.3,359.0
27.66,LeftHandAnchor,-0.087,-0.495,0.173,357.6,20.9,18.0
27.66,RightHandAnchor,0.245,-0.568,0.141,25.1,32.6,8.6
27.66,Head,-0.005,-0.004,0.002,3.5,4.1,358.9
27.71,LeftHandAnchor,-0.087,-0.496,0.173,357.6,20.9,18.0
27.71,RightHandAnchor,0.246,-0.567,0.140,23.7,26.5,12.7
27.71,Head,-0.005,-0.004,0.002,3.5,4.1,358.9
27.77,LeftHandAnchor,-0.087,-0.496,0.173,357.7,20.9,17.9
27.77,RightHandAnchor,0.247,-0.568,0.139,23.5,24.6,11.9
27.77,Head,-0.005,-0.004,0.002,3.5,4.2,358.8
27.82,LeftHandAnchor,-0.087,-0.496,0.173,357.7,21.0,17.8
27.82,RightHandAnchor,0.249,-0.568,0.139,24.3,22.4,12.8
27.82,Head,-0.004,-0.004,0.002,3.5,4.2,358.8
27.88,LeftHandAnchor,-0.087,-0.496,0.173,357.6,20.9,17.9
27.88,RightHandAnchor,0.249,-0.569,0.140,24.4,22.3,11.6
27.88,Head,-0.004,-0.004,0.002,3.6,4.3,358.8
27.93,LeftHandAnchor,-0.087,-0.496,0.173,357.6,21.0,17.8
27.93,RightHandAnchor,0.249,-0.569,0.140,24.9,22.6,11.0
27.93,Head,-0.004,-0.004,0.002,3.6,4.3,358.8
27.99,LeftHandAnchor,-0.087,-0.496,0.173,357.5,20.9,17.9
27.99,RightHandAnchor,0.248,-0.571,0.144,30.9,27.2,10.0
27.99,Head,-0.005,-0.004,0.002,3.4,4.1,358.7
28.05,LeftHandAnchor,-0.087,-0.496,0.173,357.4,20.9,17.9
28.05,RightHandAnchor,0.245,-0.569,0.148,30.4,28.9,8.8
28.05,Head,-0.005,-0.004,0.001,3.5,4.1,358.7
28.10,LeftHandAnchor,-0.087,-0.496,0.172,357.4,20.9,17.9
28.10,RightHandAnchor,0.242,-0.564,0.152,28.1,28.2,11.4
28.10,Head,-0.005,-0.004,0.002,3.5,4.3,358.7
28.16,LeftHandAnchor,-0.087,-0.496,0.172,357.4,20.9,18.0
28.16,RightHandAnchor,0.242,-0.567,0.152,19.3,25.1,15.2
28.16,Head,-0.005,-0.004,0.002,3.7,4.4,358.7
28.21,LeftHandAnchor,-0.087,-0.496,0.172,357.4,20.9,18.0
28.21,RightHandAnchor,0.247,-0.569,0.153,20.1,21.7,17.6
28.21,Head,-0.005,-0.004,0.002,3.7,4.4,358.6
28.27,LeftHandAnchor,-0.087,-0.496,0.172,357.5,20.9,18.1
28.27,RightHandAnchor,0.250,-0.570,0.157,21.3,22.0,16.9
28.27,Head,-0.005,-0.004,0.002,3.7,4.4,358.7
28.32,LeftHandAnchor,-0.087,-0.495,0.172,357.6,20.9,18.1
28.32,RightHandAnchor,0.255,-0.571,0.158,22.9,20.6,14.5
28.32,Head,-0.005,-0.004,0.002,3.6,4.4,358.7
28.38,LeftHandAnchor,-0.087,-0.495,0.172,357.6,20.9,18.1
28.38,RightHandAnchor,0.257,-0.570,0.157,22.4,19.2,12.2
28.38,Head,-0.005,-0.004,0.002,3.6,4.3,358.7
28.43,LeftHandAnchor,-0.087,-0.495,0.172,357.6,20.9,18.1
28.43,RightHandAnchor,0.256,-0.570,0.158,22.2,19.7,11.8
28.43,Head,-0.005,-0.004,0.002,3.7,4.5,358.7
28.49,LeftHandAnchor,-0.087,-0.496,0.172,357.5,21.0,18.1
28.49,RightHandAnchor,0.254,-0.571,0.162,23.2,24.3,10.4
28.49,Head,-0.005,-0.004,0.002,3.6,4.4,358.8
28.55,LeftHandAnchor,-0.087,-0.496,0.172,357.4,21.0,18.1
28.55,RightHandAnchor,0.249,-0.573,0.165,30.7,33.3,12.6
28.55,Head,-0.005,-0.004,0.002,3.6,4.1,358.7
28.60,LeftHandAnchor,-0.087,-0.496,0.173,357.3,21.1,18.0
28.60,RightHandAnchor,0.236,-0.566,0.175,29.8,37.7,358.7
28.60,Head,-0.005,-0.004,0.002,3.6,4.1,358.7
28.66,LeftHandAnchor,-0.088,-0.496,0.173,357.2,21.1,18.1
28.66,RightHandAnchor,0.230,-0.564,0.174,18.0,30.0,352.6
28.66,Head,-0.005,-0.004,0.002,3.7,4.4,358.8
28.71,LeftHandAnchor,-0.088,-0.497,0.173,357.1,21.1,18.0
28.71,RightHandAnchor,0.230,-0.565,0.169,9.3,23.6,347.7
28.71,Head,-0.006,-0.004,0.002,3.5,4.3,358.8
28.77,LeftHandAnchor,-0.087,-0.497,0.173,357.0,21.1,18.1
28.77,RightHandAnchor,0.233,-0.561,0.169,5.4,19.8,339.2
28.77,Head,-0.006,-0.003,0.002,3.4,4.0,359.0
28.82,LeftHandAnchor,-0.087,-0.497,0.173,357.1,21.0,18.1
28.82,RightHandAnchor,0.235,-0.550,0.170,353.0,17.5,337.2
28.82,Head,-0.007,-0.003,0.002,3.3,4.0,359.0
28.88,LeftHandAnchor,-0.087,-0.496,0.173,357.1,21.0,18.1
28.88,RightHandAnchor,0.222,-0.538,0.185,340.1,21.8,330.7
28.88,Head,-0.006,-0.003,0.003,3.2,4.4,359.4
28.93,LeftHandAnchor,-0.087,-0.496,0.173,357.1,20.9,18.1
28.93,RightHandAnchor,0.200,-0.519,0.214,333.0,28.8,318.3
28.93,Head,-0.006,-0.003,0.003,3.5,4.9,359.6
28.99,LeftHandAnchor,-0.087,-0.496,0.173,357.0,20.9,18.2
28.99,RightHandAnchor,0.178,-0.477,0.232,317.6,29.3,312.7
28.99,Head,-0.005,-0.004,0.004,3.6,4.8,359.4
29.05,LeftHandAnchor,-0.087,-0.496,0.173,357.0,20.9,18.2
29.05,RightHandAnchor,0.157,-0.413,0.251,307.3,33.4,299.8
29.05,Head,-0.005,-0.004,0.003,3.8,4.5,359.0
29.10,LeftHandAnchor,-0.087,-0.496,0.172,357.0,20.9,18.1
29.10,RightHandAnchor,0.141,-0.346,0.284,291.5,47.1,284.5
29.10,Head,-0.005,-0.004,0.002,3.9,4.9,358.7
29.16,LeftHandAnchor,-0.087,-0.496,0.172,357.0,20.9,18.2
29.16,RightHandAnchor,0.138,-0.281,0.312,279.8,36.8,298.4
29.16,Head,-0.004,-0.004,0.002,3.7,5.3,358.5
29.21,LeftHandAnchor,-0.087,-0.496,0.172,357.0,20.9,18.2
29.21,RightHandAnchor,0.124,-0.223,0.323,309.5,10.5,324.8
29.21,Head,-0.004,-0.003,0.001,3.3,5.4,358.5
29.27,LeftHandAnchor,-0.087,-0.496,0.172,357.1,20.8,18.3
29.27,RightHandAnchor,0.119,-0.188,0.353,324.5,358.6,343.8
29.27,Head,-0.003,-0.002,0.002,3.2,5.1,358.5
29.32,LeftHandAnchor,-0.087,-0.496,0.172,357.1,20.9,18.3
29.32,RightHandAnchor,0.101,-0.156,0.375,339.5,352.8,355.5
29.32,Head,-0.003,-0.002,0.002,3.2,4.9,358.5
29.38,LeftHandAnchor,-0.087,-0.496,0.172,357.1,20.9,18.3
29.38,RightHandAnchor,0.088,-0.147,0.411,349.4,349.0,358.2
29.38,Head,-0.002,-0.003,0.003,3.4,4.7,358.4
29.43,LeftHandAnchor,-0.087,-0.496,0.172,357.1,20.9,18.3
29.43,RightHandAnchor,0.080,-0.146,0.418,350.3,346.5,4.0
29.43,Head,-0.001,-0.003,0.003,3.6,4.7,358.3
29.49,LeftHandAnchor,-0.087,-0.496,0.172,357.0,20.9,18.4
29.49,RightHandAnchor,0.072,-0.147,0.436,357.2,348.1,3.5
29.49,Head,-0.001,-0.003,0.004,3.7,4.6,358.0
29.55,LeftHandAnchor,-0.087,-0.496,0.172,357.1,20.8,18.4
29.55,RightHandAnchor,0.068,-0.154,0.444,1.6,352.4,1.2
29.55,Head,-0.002,-0.003,0.004,3.6,4.3,357.7
29.60,LeftHandAnchor,-0.087,-0.496,0.172,357.1,20.8,18.3
29.60,RightHandAnchor,0.067,-0.159,0.444,1.2,354.0,356.5
29.60,Head,-0.003,-0.003,0.005,3.6,4.1,357.7
29.66,LeftHandAnchor,-0.088,-0.496,0.172,357.0,20.9,18.3
29.66,RightHandAnchor,0.066,-0.159,0.440,1.1,354.8,354.4
29.66,Head,-0.003,-0.003,0.005,3.6,4.1,358.1
29.71,LeftHandAnchor,-0.088,-0.496,0.172,357.0,20.8,18.3
29.71,RightHandAnchor,0.064,-0.159,0.436,0.1,354.8,356.7
29.71,Head,-0.004,-0.003,0.005,3.7,4.2,358.4
29.77,LeftHandAnchor,-0.088,-0.496,0.172,357.0,20.8,18.3
29.77,RightHandAnchor,0.062,-0.153,0.430,359.6,355.2,357.3
29.77,Head,-0.004,-0.003,0.005,3.9,4.3,358.5
29.82,LeftHandAnchor,-0.087,-0.496,0.172,357.1,20.8,18.4
29.82,RightHandAnchor,0.063,-0.148,0.428,359.4,355.6,357.0
29.82,Head,-0.003,-0.004,0.005,3.9,4.4,358.4
29.88,LeftHandAnchor,-0.087,-0.496,0.172,357.0,20.8,18.3
29.88,RightHandAnchor,0.063,-0.144,0.425,357.8,355.6,355.4
29.88,Head,-0.003,-0.004,0.005,3.8,4.5,358.4
29.93,LeftHandAnchor,-0.087,-0.496,0.172,357.1,20.9,18.3
29.93,RightHandAnchor,0.064,-0.144,0.424,356.7,355.4,354.5
29.93,Head,-0.003,-0.003,0.004,3.6,4.5,358.3
29.99,LeftHandAnchor,-0.088,-0.496,0.172,357.0,21.0,18.3
29.99,RightHandAnchor,0.063,-0.143,0.423,356.4,355.4,354.5
29.99,Head,-0.003,-0.003,0.004,3.6,4.4,358.1
30.05,LeftHandAnchor,-0.088,-0.496,0.172,356.9,21.0,18.2
30.05,RightHandAnchor,0.064,-0.143,0.422,356.5,355.5,353.9
30.05,Head,-0.002,-0.003,0.004,3.5,4.5,358.1
30.10,LeftHandAnchor,-0.088,-0.496,0.172,357.0,21.0,18.2
30.10,RightHandAnchor,0.064,-0.144,0.422,357.6,355.7,353.0
30.10,Head,-0.002,-0.003,0.004,3.5,4.6,358.1
30.16,LeftHandAnchor,-0.087,-0.495,0.172,357.1,21.0,18.3
30.16,RightHandAnchor,0.065,-0.143,0.422,359.3,355.4,351.8
30.16,Head,-0.002,-0.003,0.005,3.5,4.5,358.2
30.21,LeftHandAnchor,-0.087,-0.495,0.172,357.0,21.0,18.3
30.21,RightHandAnchor,0.065,-0.138,0.426,15.4,352.1,353.7
30.21,Head,-0.001,-0.003,0.005,3.8,4.6,358.1
30.27,LeftHandAnchor,-0.087,-0.495,0.172,357.1,21.1,18.3
30.27,RightHandAnchor,0.066,-0.121,0.431,26.8,352.0,1.8
30.27,Head,-0.001,-0.003,0.005,3.9,4.8,358.0
30.32,LeftHandAnchor,-0.087,-0.495,0.172,357.0,21.1,18.4
30.32,RightHandAnchor,0.070,-0.117,0.435,38.4,349.0,354.6
30.32,Head,-0.001,-0.004,0.005,3.9,4.8,357.9
30.38,LeftHandAnchor,-0.087,-0.496,0.172,357.0,21.1,18.3
30.38,RightHandAnchor,0.072,-0.119,0.437,46.1,342.0,343.9
30.38,Head,-0.001,-0.003,0.004,3.8,4.7,357.9
30.43,LeftHandAnchor,-0.087,-0.496,0.172,357.0,21.1,18.2
30.43,RightHandAnchor,0.069,-0.122,0.424,47.9,351.1,345.7
30.43,Head,-0.001,-0.003,0.004,3.7,4.7,358.0
30.49,LeftHandAnchor,-0.087,-0.496,0.172,357.0,21.1,18.1
30.49,RightHandAnchor,0.065,-0.124,0.414,46.8,356.3,348.0
30.49,Head,-0.002,-0.003,0.004,3.6,4.7,358.1
30.55,LeftHandAnchor,-0.087,-0.496,0.172,357.1,21.1,18.1
30.55,RightHandAnchor,0.065,-0.125,0.412,46.9,355.4,349.7
30.55,Head,-0.002,-0.003,0.004,3.6,4.7,358.1
30.60,LeftHandAnchor,-0.087,-0.496,0.172,357.1,21.1,18.1
30.60,RightHandAnchor,0.065,-0.126,0.412,47.1,354.7,349.2
30.60,Head,-0.002,-0.003,0.004,3.6,4.7,358.2
30.66,LeftHandAnchor,-0.087,-0.496,0.172,357.1,21.1,18.0
30.66,RightHandAnchor,0.067,-0.129,0.412,48.7,353.7,347.9
30.66,Head,-0.002,-0.003,0.004,3.7,4.7,358.2
30.71,LeftHandAnchor,-0.087,-0.496,0.172,357.0,21.1,18.0
30.71,RightHandAnchor,0.069,-0.133,0.412,49.0,352.4,347.2
30.71,Head,-0.002,-0.003,0.004,3.7,4.7,358.2
30.77,LeftHandAnchor,-0.087,-0.496,0.172,357.1,21.1,18.0
30.77,RightHandAnchor,0.071,-0.140,0.413,48.9,351.8,347.2
30.77,Head,-0.002,-0.003,0.004,3.7,4.8,358.2
30.82,LeftHandAnchor,-0.087,-0.496,0.172,357.1,21.1,18.0
30.82,RightHandAnchor,0.072,-0.145,0.415,49.3,351.7,346.5
30.82,Head,-0.002,-0.003,0.004,3.6,4.8,358.2
30.88,LeftHandAnchor,-0.087,-0.496,0.172,357.0,21.1,18.0
30.88,RightHandAnchor,0.072,-0.149,0.414,49.5,350.5,345.7
30.88,Head,-0.002,-0.003,0.004,3.7,4.7,358.2
30.93,LeftHandAnchor,-0.087,-0.496,0.172,357.1,21.1,18.0
30.93,RightHandAnchor,0.073,-0.150,0.414,49.7,350.4,345.7
30.93,Head,-0.002,-0.003,0.004,3.7,4.7,358.2
30.99,LeftHandAnchor,-0.087,-0.496,0.172,357.2,21.2,17.9
30.99,RightHandAnchor,0.073,-0.153,0.412,49.9,350.2,345.6
30.99,Head,-0.002,-0.004,0.004,3.8,4.8,358.2
31.05,LeftHandAnchor,-0.087,-0.495,0.172,357.3,21.2,17.8
31.05,RightHandAnchor,0.073,-0.155,0.409,49.9,350.4,345.8
31.05,Head,-0.003,-0.004,0.004,3.9,4.8,358.2
31.10,LeftHandAnchor,-0.087,-0.495,0.173,357.4,21.1,17.7
31.10,RightHandAnchor,0.074,-0.158,0.408,50.2,351.0,346.8
31.10,Head,-0.003,-0.004,0.003,3.9,4.8,358.3
31.16,LeftHandAnchor,-0.087,-0.495,0.173,357.5,21.1,17.7
31.16,RightHandAnchor,0.075,-0.158,0.409,50.6,350.1,346.4
31.16,Head,-0.003,-0.004,0.003,3.8,4.9,358.3
31.21,LeftHandAnchor,-0.087,-0.496,0.172,357.5,21.1,17.8
31.21,RightHandAnchor,0.075,-0.158,0.409,51.6,349.6,346.1
31.21,Head,-0.003,-0.004,0.002,3.7,5.1,358.3
31.27,LeftHandAnchor,-0.087,-0.496,0.172,357.5,21.1,17.9
31.27,RightHandAnchor,0.076,-0.159,0.410,52.8,348.7,346.7
31.27,Head,-0.003,-0.003,0.001,3.5,5.2,358.3
31.32,LeftHandAnchor,-0.087,-0.496,0.172,357.5,21.1,17.8
31.32,RightHandAnchor,0.081,-0.160,0.410,54.0,349.8,346.2
31.32,Head,-0.003,-0.003,0.000,3.4,5.3,358.3
31.38,LeftHandAnchor,-0.087,-0.496,0.172,357.5,21.1,17.8
31.38,RightHandAnchor,0.087,-0.170,0.409,55.8,349.3,345.4
31.38,Head,-0.003,-0.003,-0.001,3.3,5.4,358.4
31.43,LeftHandAnchor,-0.087,-0.496,0.172,357.4,21.1,17.8
31.43,RightHandAnchor,0.091,-0.185,0.403,57.0,352.2,347.9
31.43,Head,-0.004,-0.003,-0.002,3.2,5.4,358.5
31.49,LeftHandAnchor,-0.087,-0.496,0.172,357.4,21.1,17.8
31.49,RightHandAnchor,0.091,-0.199,0.402,59.2,2.2,353.7
31.49,Head,-0.004,-0.003,-0.002,3.1,5.3,358.5
31.55,LeftHandAnchor,-0.087,-0.496,0.172,357.3,21.1,17.9
31.55,RightHandAnchor,0.099,-0.223,0.397,61.7,3.9,355.1
31.55,Head,-0.005,-0.003,-0.002,3.0,5.0,358.6
31.60,LeftHandAnchor,-0.087,-0.496,0.172,357.3,21.1,18.0
31.60,RightHandAnchor,0.105,-0.243,0.395,62.3,4.2,355.2
31.60,Head,-0.005,-0.003,-0.001,3.1,4.9,358.7
31.66,LeftHandAnchor,-0.087,-0.496,0.172,357.3,21.1,17.9
31.66,RightHandAnchor,0.121,-0.268,0.389,64.0,3.7,353.2
31.66,Head,-0.005,-0.003,0.001,3.2,4.9,358.7
31.71,LeftHandAnchor,-0.088,-0.495,0.172,357.3,21.2,17.9
31.71,RightHandAnchor,0.129,-0.291,0.385,65.0,3.0,352.4
31.71,Head,-0.005,-0.003,0.002,3.4,4.8,358.7
31.77,LeftHandAnchor,-0.087,-0.495,0.172,357.4,21.3,17.9
31.77,RightHandAnchor,0.136,-0.310,0.383,68.7,6.3,355.7
31.77,Head,-0.005,-0.004,0.004,3.7,4.7,358.8
31.82,LeftHandAnchor,-0.088,-0.495,0.172,357.4,21.2,18.0
31.82,RightHandAnchor,0.148,-0.336,0.382,69.0,5.9,355.9
31.82,Head,-0.005,-0.004,0.005,4.0,4.7,358.8
31.88,LeftHandAnchor,-0.087,-0.495,0.172,357.3,21.2,18.2
31.88,RightHandAnchor,0.162,-0.343,0.376,69.8,2.0,351.5
31.88,Head,-0.004,-0.005,0.006,4.4,4.9,358.8
31.93,LeftHandAnchor,-0.088,-0.495,0.172,357.3,21.1,18.2
31.93,RightHandAnchor,0.169,-0.344,0.371,69.8,358.2,347.4
31.93,Head,-0.003,-0.005,0.007,4.7,5.2,358.8
31.99,LeftHandAnchor,-0.087,-0.495,0.171,357.3,21.1,18.2
31.99,RightHandAnchor,0.174,-0.345,0.368,70.2,357.6,345.4
31.99,Head,-0.002,-0.006,0.007,5.1,5.4,358.8
32.05,LeftHandAnchor,-0.087,-0.495,0.171,357.3,21.1,18.3
32.05,RightHandAnchor,0.185,-0.349,0.363,70.1,354.8,340.0
32.05,Head,-0.002,-0.007,0.008,5.2,5.4,358.8
32.10,LeftHandAnchor,-0.087,-0.495,0.171,357.4,21.1,18.2
32.10,RightHandAnchor,0.190,-0.351,0.358,70.1,354.4,338.8
32.10,Head,-0.001,-0.007,0.008,5.4,5.4,358.7
32.16,LeftHandAnchor,-0.087,-0.495,0.171,357.3,21.0,18.2
32.16,RightHandAnchor,0.195,-0.358,0.355,70.3,354.7,339.5
32.16,Head,0.000,-0.007,0.008,5.3,5.4,358.7
32.21,LeftHandAnchor,-0.087,-0.495,0.171,357.3,21.0,18.1
32.21,RightHandAnchor,0.199,-0.366,0.353,71.5,355.5,339.4
32.21,Head,0.000,-0.007,0.008,5.3,5.4,358.6
32.27,LeftHandAnchor,-0.087,-0.496,0.171,357.2,20.9,18.3
32.27,RightHandAnchor,0.206,-0.376,0.348,72.2,0.6,341.8
32.27,Head,0.000,-0.007,0.009,5.4,5.4,358.5
32.32,LeftHandAnchor,-0.087,-0.496,0.171,357.1,20.9,18.4
32.32,RightHandAnchor,0.207,-0.381,0.345,72.5,0.2,342.7
32.32,Head,0.001,-0.007,0.009,5.5,5.5,358.5
32.38,LeftHandAnchor,-0.087,-0.497,0.171,357.0,20.9,18.4
32.38,RightHandAnchor,0.210,-0.388,0.345,72.9,3.0,346.2
32.38,Head,0.000,-0.007,0.009,5.5,5.4,358.5
32.43,LeftHandAnchor,-0.087,-0.497,0.171,356.9,20.9,18.4
32.43,RightHandAnchor,0.210,-0.394,0.343,73.2,10.1,353.7
32.43,Head,0.000,-0.007,0.010,5.5,5.3,358.6
32.49,LeftHandAnchor,-0.087,-0.496,0.171,356.9,20.8,18.4
32.49,RightHandAnchor,0.213,-0.405,0.343,73.2,16.6,359.9
32.49,Head,0.000,-0.007,0.010,5.6,5.3,358.7
32.55,LeftHandAnchor,-0.087,-0.496,0.171,356.8,20.8,18.3
32.55,RightHandAnchor,0.216,-0.407,0.343,73.4,17.8,1.1
32.55,Head,0.000,-0.007,0.011,5.7,5.3,358.7
32.60,LeftHandAnchor,-0.087,-0.496,0.172,356.8,20.9,18.3
32.60,RightHandAnchor,0.216,-0.407,0.341,73.6,17.7,1.2
32.60,Head,0.000,-0.008,0.011,5.7,5.3,358.7
32.66,LeftHandAnchor,-0.087,-0.497,0.172,356.8,20.8,18.3
32.66,RightHandAnchor,0.216,-0.407,0.341,73.8,17.7,1.4
32.66,Head,0.000,-0.008,0.011,5.7,5.3,358.7
32.71,LeftHandAnchor,-0.087,-0.497,0.172,356.8,20.8,18.3
32.71,RightHandAnchor,0.217,-0.407,0.341,73.8,18.0,1.3
32.71,Head,0.000,-0.008,0.011,5.7,5.3,358.7
32.77,LeftHandAnchor,-0.087,-0.498,0.172,356.7,20.8,18.3
32.77,RightHandAnchor,0.217,-0.406,0.340,73.8,17.7,0.9
32.77,Head,0.000,-0.008,0.010,5.7,5.2,358.7
32.82,LeftHandAnchor,-0.087,-0.497,0.172,356.7,20.8,18.4
32.82,RightHandAnchor,0.217,-0.406,0.340,73.8,16.5,359.5
32.82,Head,0.000,-0.007,0.010,5.7,5.2,358.7
32.88,LeftHandAnchor,-0.087,-0.497,0.172,356.7,20.8,18.3
32.88,RightHandAnchor,0.217,-0.406,0.340,73.7,16.2,359.1
32.88,Head,0.000,-0.007,0.010,5.6,5.3,358.7
32.93,LeftHandAnchor,-0.087,-0.497,0.172,356.8,20.8,18.3
32.93,RightHandAnchor,0.217,-0.406,0.340,73.7,16.0,359.0
32.93,Head,0.000,-0.007,0.009,5.5,5.3,358.7
32.99,LeftHandAnchor,-0.087,-0.497,0.171,356.7,20.8,18.3
32.99,RightHandAnchor,0.218,-0.404,0.339,73.6,13.4,356.3
32.99,Head,0.000,-0.007,0.009,5.5,5.3,358.7
33.05,LeftHandAnchor,-0.087,-0.497,0.172,356.8,20.8,18.3
33.05,RightHandAnchor,0.218,-0.404,0.339,73.8,13.5,357.1
33.05,Head,0.000,-0.007,0.009,5.5,5.3,358.7
33.10,LeftHandAnchor,-0.087,-0.497,0.172,356.8,20.7,18.4
33.10,RightHandAnchor,0.218,-0.404,0.340,74.0,14.6,357.7
33.10,Head,0.000,-0.007,0.010,5.5,5.3,358.7
33.16,LeftHandAnchor,-0.087,-0.496,0.171,356.9,20.7,18.3
33.16,RightHandAnchor,0.217,-0.405,0.338,73.8,15.7,358.6
33.16,Head,0.000,-0.007,0.010,5.5,5.2,358.7
33.21,LeftHandAnchor,-0.087,-0.496,0.171,356.8,20.7,18.3
33.21,RightHandAnchor,0.218,-0.406,0.337,73.9,16.2,359.1
33.21,Head,0.000,-0.007,0.010,5.5,5.2,358.6
33.27,LeftHandAnchor,-0.087,-0.496,0.171,356.8,20.7,18.4
33.27,RightHandAnchor,0.219,-0.408,0.336,74.5,16.8,359.4
33.27,Head,0.000,-0.004,0.009,4.5,5.3,358.5
33.32,LeftHandAnchor,-0.087,-0.496,0.171,356.8,20.6,18.4
33.32,RightHandAnchor,0.220,-0.409,0.332,74.7,16.8,359.3
33.32,Head,0.000,-0.002,0.008,2.9,5.3,358.3
33.38,LeftHandAnchor,-0.087,-0.496,0.171,356.9,20.6,18.4
33.38,RightHandAnchor,0.221,-0.411,0.329,75.2,17.0,359.0
33.38,Head,0.001,0.002,0.007,0.9,5.4,357.9
33.43,LeftHandAnchor,-0.087,-0.496,0.171,356.9,20.6,18.4
33.43,RightHandAnchor,0.222,-0.416,0.328,76.0,20.1,1.7
33.43,Head,0.001,0.006,0.004,358.1,5.6,357.5
33.49,LeftHandAnchor,-0.087,-0.496,0.171,356.9,20.6,18.4
33.49,RightHandAnchor,0.223,-0.421,0.327,76.1,19.7,0.9
33.49,Head,0.002,0.011,0.000,354.8,5.8,357.0
33.55,LeftHandAnchor,-0.087,-0.496,0.171,357.0,20.6,18.5
33.55,RightHandAnchor,0.224,-0.421,0.327,76.3,17.3,358.8
33.55,Head,0.003,0.017,-0.005,350.9,5.9,356.6
33.60,LeftHandAnchor,-0.087,-0.495,0.171,357.0,20.6,18.6
33.60,RightHandAnchor,0.225,-0.422,0.326,77.7,16.3,357.8
33.60,Head,0.003,0.022,-0.010,346.6,5.9,356.1
33.66,LeftHandAnchor,-0.087,-0.494,0.171,357.1,20.6,18.5
33.66,RightHandAnchor,0.224,-0.422,0.323,78.2,16.9,357.9
33.66,Head,0.003,0.027,-0.016,342.2,5.6,355.4
33.71,LeftHandAnchor,-0.087,-0.494,0.170,357.4,20.4,18.8
33.71,RightHandAnchor,0.225,-0.425,0.320,78.2,12.9,352.0
33.71,Head,0.003,0.032,-0.022,337.9,5.2,355.2
33.77,LeftHandAnchor,-0.088,-0.493,0.171,358.4,20.6,19.0
33.77,RightHandAnchor,0.232,-0.432,0.313,76.3,5.2,342.3
33.77,Head,0.003,0.035,-0.028,334.4,4.9,355.5
33.82,LeftHandAnchor,-0.090,-0.492,0.173,359.1,22.1,17.2
33.82,RightHandAnchor,0.247,-0.441,0.306,72.4,353.8,328.8
33.82,Head,0.003,0.037,-0.033,331.3,4.4,356.3
33.88,LeftHandAnchor,-0.106,-0.484,0.182,3.3,24.7,21.2
33.88,RightHandAnchor,0.251,-0.464,0.301,71.5,353.2,324.7
33.88,Head,0.003,0.039,-0.036,329.1,4.3,356.6
33.93,LeftHandAnchor,-0.140,-0.472,0.197,6.5,35.0,25.9
33.93,RightHandAnchor,0.250,-0.467,0.288,65.5,358.4,328.7
33.93,Head,0.004,0.040,-0.038,327.1,4.4,356.9
33.99,LeftHandAnchor,-0.175,-0.446,0.220,14.5,47.2,32.5
33.99,RightHandAnchor,0.253,-0.471,0.282,63.4,359.2,327.3
33.99,Head,0.003,0.042,-0.039,325.6,4.6,357.4
34.05,LeftHandAnchor,-0.175,-0.423,0.231,28.6,44.7,27.7
34.05,RightHandAnchor,0.257,-0.478,0.274,60.4,0.4,326.1
34.05,Head,0.003,0.042,-0.038,324.8,4.5,358.1
34.10,LeftHandAnchor,-0.182,-0.409,0.250,28.3,41.0,24.6
34.10,RightHandAnchor,0.000,0.000,0.000,0.0,0.0,0.0
34.10,Head,0.002,0.042,-0.037,324.9,4.1,359.1
34.16,LeftHandAnchor,-0.189,-0.148,0.094,354.0,31.8,52.8
34.16,RightHandAnchor,0.000,0.000,0.000,0.0,0.0,0.0
34.16,Head,0.001,0.041,-0.036,325.7,3.5,0.3
34.21,LeftHandAnchor,-0.204,-0.129,0.043,314.3,17.4,29.4
34.21,RightHandAnchor,0.000,0.000,0.000,0.0,0.0,0.0
34.21,Head,0.000,0.041,-0.034,326.4,3.0,1.3
34.27,LeftHandAnchor,-0.198,-0.131,0.006,274.9,341.1,45.3
34.27,RightHandAnchor,0.000,0.000,0.000,0.0,0.0,0.0
34.27,Head,-0.002,0.040,-0.033,326.8,2.7,2.3
34.32,LeftHandAnchor,-0.184,-0.141,-0.004,282.0,92.6,283.7
34.32,RightHandAnchor,0.000,0.000,0.000,0.0,0.0,0.0
34.32,Head,-0.004,0.040,-0.032,327.0,2.1,3.6
34.38,LeftHandAnchor,-0.139,-0.096,0.013,303.6,195.8,169.1
34.38,RightHandAnchor,0.000,0.000,0.000,0.0,0.0,0.0
34.38,Head,-0.006,0.039,-0.031,327.3,1.1,4.8
34.44,LeftHandAnchor,-0.169,-0.065,-0.010,302.0,183.2,204.9
34.44,RightHandAnchor,0.000,0.000,0.000,0.0,0.0,0.0
34.44,Head,-0.008,0.038,-0.029,328.2,359.7,5.9
34.49,LeftHandAnchor,-0.137,-0.078,-0.039,293.7,187.7,216.7
34.49,RightHandAnchor,0.000,0.000,0.000,0.0,0.0,0.0
34.49,Head,-0.009,0.036,-0.027,329.4,358.2,6.7
34.55,LeftHandAnchor,-0.120,-0.071,-0.060,291.1,186.8,227.4
34.55,RightHandAnchor,0.000,0.000,0.000,0.0,0.0,0.0
34.55,Head,-0.008,0.035,-0.024,331.0,358.7,7.0
34.60,LeftHandAnchor,-0.104,-0.062,-0.080,288.5,184.2,239.5
34.60,RightHandAnchor,0.000,0.000,0.000,0.0,0.0,0.0
34.60,Head,-0.006,0.034,-0.021,332.5,358.8,8.1
34.66,LeftHandAnchor,0.000,0.000,0.000,0.0,0.0,0.0
34.66,RightHandAnchor,0.000,0.000,0.000,0.0,0.0,0.0
34.66,Head,-0.006,0.032,-0.017,333.8,359.1,7.6
34.71,LeftHandAnchor,0.000,0.000,0.000,0.0,0.0,0.0
34.71,RightHandAnchor,0.000,0.000,0.000,0.0,0.0,0.0
34.71,Head,-0.004,0.034,-0.014,333.6,358.9,7.1
34.77,LeftHandAnchor,0.000,0.000,0.000,0.0,0.0,0.0
34.77,RightHandAnchor,0.292,-0.549,0.225,10.7,23.3,316.6
34.77,Head,-0.004,0.037,-0.010,332.3,358.8,7.3
34.82,LeftHandAnchor,0.000,0.000,0.000,0.0,0.0,0.0
34.82,RightHandAnchor,0.288,-0.470,0.232,3.7,21.1,324.0
34.82,Head,-0.004,0.042,-0.007,330.5,358.6,7.2
34.88,LeftHandAnchor,0.000,0.000,0.000,0.0,0.0,0.0
34.88,RightHandAnchor,0.249,-0.386,0.224,356.3,20.0,313.8
34.88,Head,-0.003,0.047,-0.005,328.6,358.2,7.5
34.93,LeftHandAnchor,0.000,0.000,0.000,0.0,0.0,0.0
34.93,RightHandAnchor,0.225,-0.380,0.229,350.6,24.5,317.1
34.93,Head,-0.002,0.053,-0.004,326.6,357.8,8.1
34.99,LeftHandAnchor,0.000,0.000,0.000,0.0,0.0,0.0
34.99,RightHandAnchor,0.218,-0.385,0.241,338.9,32.8,316.0
34.99,Head,-0.003,0.060,-0.002,324.8,356.7,8.5
35.05,LeftHandAnchor,0.000,0.000,0.000,0.0,0.0,0.0
35.05,RightHandAnchor,0.213,-0.375,0.254,335.3,39.3,306.9
35.05,Head,-0.004,0.065,-0.002,322.9,355.6,9.4
35.10,LeftHandAnchor,0.000,0.000,0.000,0.0,0.0,0.0
35.10,RightHandAnchor,0.207,-0.361,0.276,335.6,39.2,307.8
35.10,Head,-0.004,0.069,-0.002,321.3,354.7,9.6
35.16,LeftHandAnchor,0.000,0.000,0.000,0.0,0.0,0.0
35.16,RightHandAnchor,0.223,-0.358,0.304,352.5,31.6,321.3
35.16,Head,-0.003,0.070,-0.002,319.9,353.5,10.0
35.21,LeftHandAnchor,0.000,0.000,0.000,0.0,0.0,0.0
35.21,RightHandAnchor,0.238,-0.367,0.328,351.9,28.8,323.9
35.21,Head,-0.003,0.072,-0.001,318.5,352.4,10.3
35.27,LeftHandAnchor,0.000,0.000,0.000,0.0,0.0,0.0
35.27,RightHandAnchor,0.000,0.000,0.000,0.0,0.0,0.0
35.27,Head,0.000,0.073,0.003,317.2,351.0,10.1
35.32,LeftHandAnchor,0.000,0.000,0.000,0.0,0.0,0.0
35.32,RightHandAnchor,0.000,0.000,0.000,0.0,0.0,0.0
35.32,Head,0.000,0.073,0.003,317.2,351.0,10.1
35.38,LeftHandAnchor,0.000,0.000,0.000,0.0,0.0,0.0
35.38,RightHandAnchor,0.297,-0.422,0.328,1.1,38.2,337.0
35.38,Head,0.008,0.000,0.015,315.9,359.9,7.5
35.43,LeftHandAnchor,0.000,0.000,0.000,0.0,0.0,0.0
35.43,RightHandAnchor,0.299,-0.418,0.331,358.8,34.7,350.2
35.43,Head,0.011,0.000,0.023,314.8,359.5,7.9
35.49,LeftHandAnchor,0.000,0.000,0.000,0.0,0.0,0.0
35.49,RightHandAnchor,0.301,-0.415,0.335,1.1,36.4,347.6
35.49,Head,0.017,0.000,0.032,312.8,0.9,7.4
35.55,LeftHandAnchor,0.000,0.000,0.000,0.0,0.0,0.0
35.55,RightHandAnchor,0.301,-0.402,0.346,7.9,38.4,346.0
35.55,Head,0.022,0.000,0.041,311.1,2.3,6.7
35.60,LeftHandAnchor,0.000,0.000,0.000,0.0,0.0,0.0
35.60,RightHandAnchor,0.303,-0.393,0.355,11.4,39.2,347.3
35.60,Head,0.025,0.000,0.051,310.0,1.9,6.8
35.66,LeftHandAnchor,0.000,0.000,0.000,0.0,0.0,0.0
35.66,RightHandAnchor,0.000,0.000,0.000,0.0,0.0,0.0
35.66,Head,0.027,0.000,0.060,309.2,0.6,6.8
35.71,LeftHandAnchor,0.000,0.000,0.000,0.0,0.0,0.0
35.71,RightHandAnchor,0.000,0.000,0.000,0.0,0.0,0.0
35.71,Head,0.028,-0.001,0.069,309.5,358.8,7.3
35.77,LeftHandAnchor,0.000,0.000,0.000,0.0,0.0,0.0
35.77,RightHandAnchor,0.000,0.000,0.000,0.0,0.0,0.0
35.77,Head,0.030,-0.002,0.077,310.1,357.5,7.8
35.82,LeftHandAnchor,0.000,0.000,0.000,0.0,0.0,0.0
35.82,RightHandAnchor,0.000,0.000,0.000,0.0,0.0,0.0
35.82,Head,0.031,-0.003,0.084,310.5,356.5,8.6
35.88,LeftHandAnchor,0.000,0.000,0.000,0.0,0.0,0.0
35.88,RightHandAnchor,0.000,0.000,0.000,0.0,0.0,0.0
35.88,Head,0.032,-0.004,0.090,310.6,356.1,9.1
35.93,LeftHandAnchor,0.000,0.000,0.000,0.0,0.0,0.0
35.93,RightHandAnchor,0.000,0.000,0.000,0.0,0.0,0.0
35.93,Head,0.033,-0.004,0.094,310.2,356.1,9.4
35.99,LeftHandAnchor,0.000,0.000,0.000,0.0,0.0,0.0
35.99,RightHandAnchor,0.000,0.000,0.000,0.0,0.0,0.0
35.99,Head,0.003,-0.001,0.007,309.9,0.2,9.2
36.05,LeftHandAnchor,0.000,0.000,0.000,0.0,0.0,0.0
36.05,RightHandAnchor,0.000,0.000,0.000,0.0,0.0,0.0
36.05,Head,0.004,0.000,0.011,309.7,0.5,9.0
36.10,LeftHandAnchor,0.000,0.000,0.000,0.0,0.0,0.0
36.10,RightHandAnchor,0.000,0.000,0.000,0.0,0.0,0.0
36.10,Head,0.005,-0.001,0.015,309.6,0.7,9.0
36.16,LeftHandAnchor,0.000,0.000,0.000,0.0,0.0,0.0
36.16,RightHandAnchor,0.000,0.000,0.000,0.0,0.0,0.0
36.16,Head,0.006,-0.001,0.019,309.6,1.0,8.8
36.21,LeftHandAnchor,0.000,0.000,0.000,0.0,0.0,0.0
36.21,RightHandAnchor,0.000,0.000,0.000,0.0,0.0,0.0
36.21,Head,0.006,-0.001,0.023,309.6,1.1,8.8
36.27,LeftHandAnchor,0.000,0.000,0.000,0.0,0.0,0.0
36.27,RightHandAnchor,0.000,0.000,0.000,0.0,0.0,0.0
36.27,Head,0.007,-0.001,0.028,309.7,1.0,8.8
36.32,LeftHandAnchor,0.000,0.000,0.000,0.0,0.0,0.0
36.32,RightHandAnchor,0.000,0.000,0.000,0.0,0.0,0.0
36.32,Head,0.007,-0.001,0.032,310.0,1.1,8.8
36.38,LeftHandAnchor,0.000,0.000,0.000,0.0,0.0,0.0
36.38,RightHandAnchor,0.000,0.000,0.000,0.0,0.0,0.0
36.38,Head,0.007,-0.001,0.036,310.3,1.5,8.8
36.43,LeftHandAnchor,0.000,0.000,0.000,0.0,0.0,0.0
36.43,RightHandAnchor,0.000,0.000,0.000,0.0,0.0,0.0
36.43,Head,0.008,-0.002,0.040,310.7,1.9,8.7
36.58,LeftHandAnchor,0.000,0.000,0.000,0.0,0.0,0.0
36.58,RightHandAnchor,0.000,0.000,0.000,0.0,0.0,0.0
36.58,Head,0.007,-0.002,0.043,310.9,2.1,9.0
36.63,LeftHandAnchor,0.000,0.000,0.000,0.0,0.0,0.0
36.63,RightHandAnchor,0.000,0.000,0.000,0.0,0.0,0.0
36.63,Head,0.007,-0.002,0.050,311.3,2.4,9.6
36.69,LeftHandAnchor,0.000,0.000,0.000,0.0,0.0,0.0
36.69,RightHandAnchor,0.000,0.000,0.000,0.0,0.0,0.0
36.69,Head,0.007,-0.003,0.052,311.6,2.5,9.5
36.74,LeftHandAnchor,0.000,0.000,0.000,0.0,0.0,0.0
36.74,RightHandAnchor,0.000,0.000,0.000,0.0,0.0,0.0
36.74,Head,0.006,-0.003,0.054,311.8,2.5,9.5
36.80,LeftHandAnchor,0.000,0.000,0.000,0.0,0.0,0.0
36.80,RightHandAnchor,0.000,0.000,0.000,0.0,0.0,0.0
36.80,Head,0.006,-0.003,0.055,312.0,2.5,9.5
36.85,LeftHandAnchor,0.000,0.000,0.000,0.0,0.0,0.0
36.85,RightHandAnchor,0.000,0.000,0.000,0.0,0.0,0.0
36.85,Head,0.005,-0.003,0.056,312.1,2.1,9.7
36.91,LeftHandAnchor,0.000,0.000,0.000,0.0,0.0,0.0
36.91,RightHandAnchor,0.000,0.000,0.000,0.0,0.0,0.0
36.91,Head,0.004,-0.004,0.056,312.3,2.1,9.7
36.96,LeftHandAnchor,0.000,0.000,0.000,0.0,0.0,0.0
36.96,RightHandAnchor,0.000,0.000,0.000,0.0,0.0,0.0
36.96,Head,0.004,-0.004,0.057,312.3,2.0,9.8
37.02,LeftHandAnchor,0.000,0.000,0.000,0.0,0.0,0.0
37.02,RightHandAnchor,0.000,0.000,0.000,0.0,0.0,0.0
37.02,Head,0.003,-0.004,0.057,312.4,1.8,10.0
37.07,LeftHandAnchor,0.000,0.000,0.000,0.0,0.0,0.0
37.07,RightHandAnchor,0.000,0.000,0.000,0.0,0.0,0.0
37.07,Head,0.003,-0.004,0.056,312.4,1.9,10.0
37.13,LeftHandAnchor,0.000,0.000,0.000,0.0,0.0,0.0
37.13,RightHandAnchor,0.000,0.000,0.000,0.0,0.0,0.0
37.13,Head,0.003,-0.004,0.056,312.3,1.8,9.9
37.18,LeftHandAnchor,0.000,0.000,0.000,0.0,0.0,0.0
37.18,RightHandAnchor,0.000,0.000,0.000,0.0,0.0,0.0
37.18,Head,0.003,-0.004,0.055,312.2,1.8,9.9
37.24,LeftHandAnchor,0.000,0.000,0.000,0.0,0.0,0.0
37.24,RightHandAnchor,0.000,0.000,0.000,0.0,0.0,0.0
37.24,Head,0.004,-0.004,0.055,312.2,1.7,9.8
37.29,LeftHandAnchor,0.000,0.000,0.000,0.0,0.0,0.0
37.29,RightHandAnchor,0.000,0.000,0.000,0.0,0.0,0.0
37.29,Head,0.000,0.000,0.000,0.0,0.0,0.0
